tree
version=v4
num_class=3
num_tree_per_iteration=3
label_index=0
max_feature_idx=46
objective=multiclass num_class:3
feature_names=price_vs_sma10 price_vs_sma20 price_vs_sma50 sma_cross_10_20 sma_cross_10_50 sma_cross_20_50 trend_slope_10 trend_slope_20 ema_trend ema_trend_slope vwap_dev_10 vwap_dev_20 vwap_position funding_change funding_change_3 funding_sma funding_vs_sma funding_extreme_pos funding_extreme_neg oi_change oi_change_3 oi_change_10 oi_vs_sma oi_momentum price_oi_corr btc_corr_10 btc_corr_20 relative_strength btc_beta volatility_10 volatility_20 volatility_50 vol_ratio_10_50 atr_14 atr_norm bb_width bb_position rsi_14 macd_norm macd_signal macd_hist_slope adx di_diff volume_ratio volume_trend obv_slope mfi
feature_infos=[-10.927709579467773:14.066619873046875] [-8.6821689605712891:10.428502082824707] [-6.2226414680480957:7.7958354949951172] [-6.4039120674133301:9.5022525787353516] [-4.3184928894042969:7.2653999328613281] [-4.2456588745117188:7.0387077331542969] [-7.362004280090332:8.9402675628662109] [-6.3349227905273438:7.1005282402038574] [-4.7997727394104004:7.4278850555419922] [-6.977841854095459:10.778456687927246] [-9.0309286117553711:14.73396110534668] [-6.9481081962585449:11.145341873168945] [-3.1590795516967773:3.5578312873840332] none none none none none none none none none none none none none none none none [-1.9326695203781128:12.644167900085449] [-1.921574592590332:9.3120088577270508] [-2.4915738105773926:6.1375794410705566] [-2.4513106346130371:3.7341494560241699] [-1.8033039569854736:9.2945852279663086] [-1.8313376903533936:9.285069465637207] [-1.4632058143615723:9.4091806411743164] [-3.0876514911651611:3.2687613964080811] [-2.8936245441436768:2.7578709125518799] [-5.2999463081359863:6.437720775604248] [-6.705937385559082:7.1944808959960938] [-7.9038825035095215:10.538760185241699] [-1.9345122575759888:3.5920102596282959] [-3.4695360660552979:3.2417676448822021] [-1.1939400434494019:12.763606071472168] [-2.9234244823455811:3.0681717395782471] [-57.230457305908203:43.862335205078125] [-2.4534060955047607:2.8172762393951416]
tree_sizes=3337 3417 3338 3448 3477 3450 3454 3488 3452 3472 3492 3460 3471 3487 3465 3472 3494 3455 3465 3496 3451 3462 3482 3465 3466 3499 3423 3456 3484 3458 3447 3489 3443 3456 3492 3485 3452 3509 3462 3463 3485 3447 3479 3498 3443 3481 3488 3457 3453 3479 3443 3479 3472 3439 3461 3510 3428 3479 3481 3419 3461 3477 3462

Tree=0
num_leaves=31
num_cat=0
split_feature=29 33 35 41 31 6 9 33 32 30 30 41 5 29 7 42 34 5 31 41 34 6 5 41 30 3 9 30 9 32
split_gain=90.4835 34.793 22.7812 18.2599 31.2306 15.6933 19.8886 30.8409 17.5422 20.4029 16.0192 15.4533 14.0843 17.6733 13.7832 17.3792 13.4241 13.6322 21.5744 16.0845 20.3233 17.8336 22.006 22.4875 16.7301 13.6862 13.1439 14.7554 12.5935 13.5881
threshold=-0.28964938223361963 -0.96078562736511219 -1.011768579483032 0.20884866267442706 -1.6412117481231687 -1.4136373400688169 0.80470386147499096 1.3001963496208193 1.7881307601928713 3.525111317634583 3.0270953178405766 -0.7692933678627013 -3.2292451858520503 0.88316509127616893 0.19779639691114428 -0.27998663485050196 -1.0240713953971861 -1.395299971103668 1.0427043437957766 0.43557491898536688 0.94525849819183361 0.34313780069351202 1.0672696828842165 -1.0217422246932981 0.25478835403919226 -0.66479381918907154 0.66416311264038097 -0.17981053888797757 -0.40820147097110743 -1.5666282773017881
decision_type=2 2 2 2 2 2 2 2 2 2 2 2 2 2 2 2 2 2 2 2 2 2 2 2 2 2 2 2 2 2
left_child=1 2 -1 4 -3 -2 7 10 12 11 16 -10 13 -8 -6 -16 -7 18 25 20 21 -19 24 -24 -23 -18 27 -17 -29 -30
right_child=5 3 -4 -5 14 6 8 -9 9 -11 -12 -13 -14 -15 15 26 17 19 -20 -21 -22 22 23 -25 -26 -27 -28 28 29 -31
leaf_value=-1.5786924740616599 -1.5473578260744887 -1.4576942507659618 -1.5550910965307516 -1.5547250797208891 -1.5490045079470034 -1.4631425325200313 -1.4246413414579397 -1.5100995061980598 -1.5761696139999108 -1.5851840438111897 -1.4529724065791016 -1.4860253158871235 -1.5474726707751914 -1.5554364254339699 -1.5015188671252588 -1.5408335073063977 -1.4673716938023982 -1.5345684552004324 -1.5489324658604557 -1.5454599051015485 -1.5576212787611103 -1.5139322632669505 -1.4166142063402773 -1.510455727114792 -1.5467712032640288 -1.5344516713849232 -1.5572861754044187 -1.5533115955498826 -1.5686575891571786 -1.4879953568392574
leaf_weight=154.04595011472702 277.58525544404984 10.589083313941954 304.05796372890472 523.65538197755814 559.70868945121765 6.5551468133926383 5.294541656970976 148.49928742647171 5.5466626882553092 8.3199940323829633 6.0509047508239737 33.27997612953186 450.79240393638611 5.0424206256866455 32.271492004394531 198.4192516207695 25.46422415971756 627.2771258354187 23.447255909442902 329.77430891990662 74.375704228878021 126.31263667345047 10.084841251373293 17.396351158618927 55.970868945121765 10.841204345226286 82.443577229976654 14.118777751922606 6.0509047508239737 38.070275723934174
leaf_count=611 1101 42 1206 2077 2220 26 21 589 22 33 24 132 1788 20 128 787 101 2488 93 1308 295 501 40 69 222 43 327 56 24 151
internal_value=-1.54304 -1.551 -1.56303 -1.54724 -1.54308 -1.53623 -1.53466 -1.5317 -1.54318 -1.51413 -1.53414 -1.4989 -1.54615 -1.48844 -1.54405 -1.53658 -1.53451 -1.53487 -1.51155 -1.536 -1.53257 -1.53035 -1.51773 -1.47602 -1.52402 -1.4874 -1.53992 -1.53434 -1.51221 -1.49906
internal_weight=4171.34 1923.43 458.104 1465.33 941.672 2247.91 1970.33 1462.05 508.276 47.1466 1313.55 38.8266 461.129 10.337 931.083 371.374 1307.5 1300.94 59.7527 1241.19 911.418 837.042 209.765 27.4812 182.284 36.3054 339.103 256.659 58.24 44.1212
internal_count=16545 7629 1817 5812 3735 8916 7815 5799 2016 187 5210 154 1829 41 3693 1473 5186 5160 237 4923 3615 3320 832 109 723 144 1345 1018 231 175
is_linear=0
shrinkage=1


Tree=1
num_leaves=31
num_cat=0
split_feature=30 43 30 33 43 35 8 31 32 45 31 8 29 31 33 41 39 1 10 12 46 41 33 31 33 29 8 31 44 12
split_gain=156.482 106.706 46.0894 44.638 32.3014 26.0231 24.7493 22.8524 21.1801 20.0099 18.0104 16.5508 16.5161 15.683 14.1725 13.9869 17.5199 13.7768 12.8325 12.6812 14.792 12.6594 12.1533 11.745 11.5397 11.1777 13.152 20.2165 10.8745 12.5383
threshold=-0.45403470098972315 -0.62996730208396901 0.75297519564628612 -0.71971353888511647 -0.6187651753425597 -0.95673346519470204 0.27981303632259374 -1.3239342570304868 -0.9938804805278777 -0.044719059020280831 -0.38982433080673212 -1.8086760044097898 -0.67014706134796131 -1.6412117481231687 0.72530081868171703 -1.0758845210075376 0.58041736483573925 -0.19623368233442304 0.66931158304214489 -0.44475595653057093 0.10062083601951601 -1.1501549482345579 -1.1997563838958738 -1.3980736732482908 0.10886162146925928 0.31637339293956762 -0.7703680396080016 0.9368531107902528 -0.5206109583377837 -1.8410926461219785
decision_type=2 2 2 2 2 2 2 2 2 2 2 2 2 2 2 2 2 2 2 2 2 2 2 2 2 2 2 2 2 2
left_child=3 11 10 4 9 8 14 18 -6 -1 -3 -2 -12 -10 23 16 -14 19 -7 20 22 24 -9 -5 -4 26 -23 -28 -27 -30
right_child=1 2 21 6 5 7 -8 17 13 -11 12 -13 15 -15 -16 -17 -18 -19 -20 -21 -22 25 -24 -25 -26 28 27 -29 29 -31
leaf_value=-0.56833840171686956 -0.55890481986524376 -0.54412033393849935 -0.58219397506144499 -0.58302131540528723 -0.50430889340110996 -0.58097266312529705 -0.53337456020280438 -0.57438819877389047 -0.5746916303108216 -0.49625531809103174 -0.53627467614361501 -0.52098842091516262 -0.57257003700459885 -0.52537389117494104 -0.59758250545690961 -0.55280281790773123 -0.53865890189136978 -0.52852009585747761 -0.52006990790938401 -0.58390381177205219 -0.57148292900074482 -0.57161617168226497 -0.52946677700591893 -0.54630088511144537 -0.5253377543446528 -0.57956666499392662 -0.52452404901293104 -0.5668792505671576 -0.51551034334776491 -0.56556292667049091
leaf_weight=10.60042744874954 31.801282346248627 750.43715697526932 11.697023391723631 22.662982821464539 139.2676847577095 40.939581871032715 445.58348482847214 16.814471125602722 17.911067068576813 104.90767854452133 131.95704513788223 303.02601224184036 191.90429002046585 161.19960361719131 14.621279239654539 1462.4934559464455 47.519157528877258 433.52092945575714 10.965959429740904 18.276599049568176 31.801282346248627 64.699160635471344 144.01960051059723 556.33967506885529 37.649794042110443 149.86811220645905 63.23703271150589 50.80894535779953 12.793619334697722 568.40223044157028
leaf_count=29 87 2053 32 62 381 112 1219 46 49 287 361 829 525 441 40 4001 130 1186 30 50 87 177 394 1522 103 410 173 139 35 1555
internal_value=-0.545555 -0.55157 -0.554119 -0.534801 -0.527924 -0.530776 -0.542281 -0.53619 -0.518934 -0.502871 -0.550645 -0.52459 -0.553316 -0.530306 -0.548966 -0.554637 -0.56584 -0.533619 -0.568106 -0.5441 -0.540324 -0.56348 -0.534163 -0.547738 -0.538815 -0.564817 -0.553609 -0.543394 -0.567558 -0.564461
internal_weight=6047.73 3878.29 3543.47 2169.43 1130.22 1014.72 1039.21 696.338 318.378 115.508 2584.31 334.827 1833.87 179.111 593.624 1701.92 239.423 644.433 51.9055 210.912 192.635 959.156 160.834 579.003 49.3468 909.809 178.745 114.046 731.064 581.196
internal_count=16545 10610 9694 5935 3092 2776 2843 1905 871 316 7070 916 5017 490 1624 4656 655 1763 142 577 527 2624 440 1584 135 2489 489 312 2000 1590
is_linear=0
shrinkage=1


Tree=2
num_leaves=31
num_cat=0
split_feature=34 5 31 12 38 32 31 29 8 41 33 5 33 5 41 29 29 44 2 2 41 5 31 41 29 40 30 42 7 5
split_gain=115.769 42.0814 25.801 25.3189 21.376 23.0332 18.1191 15.4819 14.6829 14.4693 16.0585 17.7901 13.9734 13.1363 20.7411 23.6744 15.1027 14.8665 13.3335 12.8137 12.6727 12.5784 12.8471 11.995 16.0094 11.8817 11.4183 12.2349 13.5408 11.7833
threshold=0.33649915456771856 -0.8561357557773589 -1.3239342570304868 -1.2629768252372739 -0.6708293855190276 0.51942709088325512 -0.38982433080673212 1.0681979656219485 -0.10997883975505827 -0.93150493502616871 -0.89323550462722767 0.23620816320180896 -0.025815213099122044 0.14785495400428775 0.22375949472188952 -1.0112881660461424 -1.1963619589805601 0.94893890619277965 0.040281135588884361 -3.2002840042114253 0.19842698425054553 1.7023681402206423 -0.32160370051860804 0.20884866267442706 -0.69852903485298146 -1.7533554434776304 2.1275194883346562 2.4688550233840947 -0.46886108815670008 1.7023681402206423
decision_type=2 2 2 2 2 2 2 2 2 2 2 2 2 2 2 2 2 2 2 2 2 2 2 2 2 2 2 2 2 2
left_child=1 7 9 4 5 -2 -5 -1 25 10 11 -3 -8 16 -15 -16 -11 18 20 -14 -18 22 -6 -10 -25 -4 29 28 -28 -21
right_child=3 2 8 6 21 -7 12 -9 23 13 -12 -13 19 14 15 -17 17 -19 -20 26 -22 -23 -24 24 -26 -27 27 -29 -30 -31
leaf_value=-1.564552322287962 -1.4999382859300039 -1.5483218306293407 -1.6181835121164498 -1.5923628012240458 -1.5043724819119957 -1.5523634155087602 -1.5274188208993054 -1.4826941904444806 -1.5898406554381705 -1.6181835121164498 -1.571283362306922 -1.4411732692869417 -1.512148390807952 -1.6024637565633484 -1.4519011627917604 -1.5741494825730598 -1.4730163817536257 -1.4618496794180238 -1.6041673753917634 -1.5656413932790918 -1.5740022115712424 -1.4944758705898691 -1.5808748583227192 -1.595601958504455 -1.5754044246508412 -1.5778306766677963 -1.5623238794973047 -1.5073286125666567 -1.5987909565336298 -1.5458561242239133
leaf_weight=265.70360004901886 40.593605563044548 7.8726992607116717 18.697660744190216 60.029331862926483 6.1505462974309912 43.299845933914185 25.340250745415688 5.9045244455337516 1210.181489482522 5.6585025936365154 12.793136298656462 7.6266774088144302 11.317005187273024 44.529955193400383 5.4124807417392757 14.761311113834379 6.8886118531227165 6.3965681493282309 7.13463370501995 749.87460458278656 5.6585025936365128 5.6585025936365119 50.926523342728615 132.85180002450943 375.18332414329052 748.39847347140312 42.069736674427986 5.4124807417392722 64.457725197076797 83.647429645061493
leaf_count=1080 165 32 76 244 25 176 103 24 4919 23 52 31 46 181 22 60 28 26 29 3048 23 23 207 540 1525 3042 171 22 262 340
internal_value=-1.57609 -1.5815 -1.58345 -1.56296 -1.54351 -1.527 -1.5657 -1.56277 -1.58457 -1.56126 -1.52982 -1.4956 -1.56407 -1.57049 -1.58341 -1.54135 -1.54414 -1.52807 -1.54959 -1.56504 -1.51856 -1.56558 -1.57263 -1.58713 -1.58069 -1.57881 -1.56567 -1.58066 -1.58439 -1.56366
internal_weight=4070.43 2881.65 2610.05 1188.78 146.629 83.8935 1042.15 271.608 2485.31 124.733 28.2925 15.4994 982.119 96.4406 64.7037 20.1738 31.7368 26.0783 19.6817 956.779 12.5471 62.7356 57.0771 1718.22 508.035 767.096 945.462 111.94 106.527 833.522
internal_count=16545 11713 10609 4832 596 341 4236 1104 10102 507 115 63 3992 392 263 82 129 106 80 3889 51 255 232 6984 2065 3118 3843 455 433 3388
is_linear=0
shrinkage=1


Tree=3
num_leaves=31
num_cat=0
split_feature=29 30 45 9 6 39 4 2 41 44 45 32 32 30 9 41 45 4 41 43 46 37 43 30 2 38 41 45 5 9
split_gain=81.423 24.6522 15.6133 15.1725 14.5807 21.8904 28.116 17.2377 16.5031 16.2113 15.5547 15.7107 19.4557 15.0761 14.5412 13.941 14.3697 13.287 12.6887 12.9173 12.6267 12.1887 11.845 11.4712 11.3177 10.8914 10.7407 10.6964 11.251 10.0626
threshold=-0.28964938223361963 -0.9103555679321288 0.57345625758171093 -0.4280960857868194 -1.4136373400688169 0.6028868854045869 -1.6580917835235593 -2.2122950553894039 1.8331749439239504 -1.9403206110000608 0.0080066593363881128 1.8820862770080569 2.3283795118331914 0.77420601248741161 0.38464830815792089 0.47640796005725866 -0.035887416452169411 -0.79241478443145741 -1.5839917659759519 -0.6102757155895232 0.29881946742534643 -1.5847882032394407 -0.68796068429946888 2.5826812982559209 -1.541184067726135 -1.7284034490585325 0.65323901176452648 -0.11362403631210326 0.52104678750038158 -0.35911779105663294
decision_type=2 2 2 2 2 2 2 2 2 2 2 2 2 2 2 2 2 2 2 2 2 2 2 2 2 2 2 2 2 2
left_child=1 -1 15 -4 -2 6 7 29 14 -8 11 20 13 -13 -9 16 17 -3 -11 -20 -7 -21 -18 -23 -22 -17 -26 -19 -29 -6
right_child=4 2 3 -5 5 10 9 8 -10 18 -12 12 -14 -15 -16 25 22 27 19 21 24 23 -24 -25 26 -27 -28 28 -30 -31
leaf_value=-0.017123342452611951 -0.0045584600004091973 -0.031201124199404642 0.083163501174715437 0.0072606752526238275 0.050000509557480199 -0.017494856559381065 0.069754438244887057 0.065184698312707887 0.10935245451552432 0.048365575579943046 0.015125577135797062 0.0092560363716175289 -0.01050297361871385 0.10017615938039832 -0.002065564167255647 0.033737223597581266 -0.028937805848009753 0.00028356983232076169 -0.0087341341671214427 -0.019245639136847237 0.072920698495315531 0.010404242289764455 -0.003555449598324289 0.057881407388172136 0.0043096991011539352 -0.015036044618771808 -0.016058580599370157 0.032017828149773657 -0.011606039122700801 -0.02568960234986278
leaf_weight=520.83667795360088 277.51439055800438 18.030658483505249 9.5595456212759036 21.151272371411324 6.999392747879031 162.41410255432129 11.138742879033087 23.163120329380035 12.156592443585394 20.308783546090126 138.01892803609371 7.6986537128686932 17.117591172456741 11.18140849471092 12.309868678450583 11.825989603996275 49.020273357629776 82.04820305109024 99.6923848092556 34.443098083138466 5.1811793744564048 1082.2866633981466 737.02821609377861 12.874016910791395 223.70083853602409 356.41529506444931 91.074789345264435 85.396047040820122 17.873930811882019 11.783496573567389
leaf_count=2096 1101 72 38 84 27 643 44 90 47 79 545 30 67 43 48 47 197 326 397 136 20 4256 2931 49 887 1427 361 340 71 46
internal_value=-0.000243922 -0.00784709 -0.00436712 0.0308874 0.00617602 0.00767786 0.0113719 0.0430803 0.0590769 0.00970154 0.000208955 -0.00376269 0.0281014 0.063102 0.0418475 -0.0051646 -0.00207355 0.00977355 0.00916624 0.00851864 -0.0061406 0.0100413 -0.00513837 0.0109624 -0.00037703 -0.0134697 -0.0015835 0.0137602 0.0244674 0.00251611
internal_weight=4170.24 1909.19 1388.35 30.7108 2261.06 1983.54 1327.16 66.4125 47.6296 1260.74 656.387 518.369 35.9977 18.8801 35.473 1357.64 989.397 203.349 1249.6 1229.3 482.371 1129.6 786.048 1095.16 319.957 368.241 314.776 185.318 103.27 18.7829
internal_count=16545 7629 5533 122 8916 7815 5219 258 185 4961 2596 2051 140 73 138 5411 3937 809 4917 4838 1911 4441 3128 4305 1268 1474 1248 737 411 73
is_linear=0
shrinkage=0.05


Tree=4
num_leaves=31
num_cat=0
split_feature=34 43 43 30 45 33 35 5 6 41 45 33 0 5 38 0 0 41 29 45 44 43 39 35 29 30 40 38 38 33
split_gain=173.556 73.9029 62.1344 48.7433 36.1033 24.0415 16.5768 16.5194 15.2602 13.7461 14.6763 13.5553 12.8732 12.7202 15.255 15.3283 15.3089 12.2086 12.6275 12.285 12.248 12.0616 13.7786 12.0291 14.2793 16.9653 12.2582 11.8308 14.4248 11.2878
threshold=0.22369523346424106 -0.61651775240898121 -0.63823935389518727 -0.6758645474910735 -0.035887416452169411 -0.99498742818832386 -0.95673346519470204 -0.72023496031761158 0.71798905730247509 -0.68634665012359608 0.12981891632080081 -0.74350395798683155 -0.24076507985591886 1.6478614211082461 -1.417821943759918 0.87418556213378917 -2.0797202587127681 -0.58872175216674794 -0.95030164718627919 -0.0039418870583176604 -1.4060692787170408 -0.69794538617134083 -0.12064390257000922 -0.23198091983795163 -0.50384232401847828 0.20465684682130816 0.32088847458362585 -1.843413174152374 -2.6747041940689082 -0.12854024022817609
decision_type=2 2 2 2 2 2 2 2 2 2 2 2 2 2 2 2 2 2 2 2 2 2 2 2 2 2 2 2 2 2
left_child=1 4 27 5 -1 6 -3 -5 17 23 -11 -6 -8 14 15 -4 -16 19 -19 -7 -21 -13 -23 24 -9 26 -26 28 -2 -18
right_child=2 3 13 7 11 8 12 9 -10 10 -12 21 -14 -15 16 -17 29 18 -20 20 -22 22 -24 -25 25 -27 -28 -29 -30 -31
leaf_value=-0.0085974763974371801 0.026210447502794887 0.03118235245913788 -0.025321546409880154 -0.010476818947272055 0.046384181387829945 0.00031740570274994519 -0.0042036523531992082 0.011178220788041555 0.024780576076346525 0.0055696691423008033 -0.01318892315585914 0.037788415067791022 0.020005602833286035 -0.027288961860537489 0.013167961068249499 0.016204085567608321 -0.038727748274589302 -0.019377547989561025 0.0027403726298302735 -0.032257846675116414 0.026616672007621772 0.034184297121484429 0.00033065804272023507 -0.019321872635808757 -0.0042128401563557554 0.021706195838317174 -0.024962389350819767 0.024274861849039476 -0.048230223070487799 -0.011107465735014505
leaf_weight=63.082370966672897 12.482630431652071 211.7537514269352 326.02011442184448 344.68824777007103 116.93175700306892 113.40506657958031 81.087970346212387 156.17539900541306 99.10372394323349 1314.7470808923244 113.25110733509064 106.38516113162041 170.10297322273254 178.12574487924576 63.735882312059402 23.848620772361755 38.170421212911606 79.544762432575226 341.89891159534454 9.4891568422317487 127.92070409655571 52.464441925287247 70.37033686041832 115.60071468353271 224.62096434831619 45.758762121200562 104.19687899947166 131.16542419791222 13.595785200595854 1196.8749505281448
leaf_count=173 34 584 888 942 323 311 222 428 272 3599 310 292 467 485 174 65 104 218 937 26 351 144 193 316 614 125 285 360 37 3266
internal_value=0.000122039 0.00604183 -0.0119996 0.00378479 0.0261911 0.01187 0.0208775 -0.000340671 0.00646404 0.00134362 0.00408197 0.0325309 0.0121905 -0.0145957 -0.0132242 -0.022491 -0.0107279 0.00376383 -0.00143424 0.0124981 0.022551 0.025464 0.01479 -0.00470626 -0.0015229 -0.00681849 -0.010788 0.0181595 -0.0125986 -0.0119611
internal_weight=6046.6 4062.58 1984.02 3653.35 409.234 1234.31 462.945 2419.04 771.362 2074.35 1428 346.152 251.191 1826.78 1648.65 349.869 1298.78 672.259 421.444 250.815 137.41 229.22 122.835 646.353 530.752 374.577 328.818 157.244 26.0784 1235.05
internal_count=16545 11132 5413 10007 1125 3388 1273 6619 2115 5677 3909 952 689 4982 4497 953 3544 1843 1155 688 377 629 337 1768 1452 1024 899 431 71 3370
is_linear=0
shrinkage=0.05


Tree=5
num_leaves=31
num_cat=0
split_feature=34 5 12 45 4 32 31 45 31 35 45 33 33 30 7 29 39 33 34 32 0 8 30 5 31 29 35 45 30 30
split_gain=103.878 38.9714 22.5382 22.0177 21.0003 20.164 18.8262 16.8066 16.4208 14.4698 17.3764 14.2799 14.0324 13.5106 12.9998 14.5359 13.4347 12.3916 12.3679 15.8862 13.7371 11.6661 23.8932 22.6017 20.8276 13.6395 13.1338 12.2736 17.2247 16.9177
threshold=0.33649915456771856 -0.94396230578422535 -1.2629768252372739 0.0041897909250110396 -0.46846207976341242 0.60857856273651134 -1.3239342570304868 -0.51240059733390797 -0.38982433080673212 -0.068365141749382005 -0.11362403631210326 0.09066911414265634 -1.183323800563812 0.55340301990509044 -0.29010586440563196 -0.7481388747692107 -0.30795669555664057 -0.025815213099122044 -0.71662837266921986 -0.8208164870738982 0.90614947676658641 -0.30408436059951777 -0.28294588625431055 0.76386281847953807 0.89019620418548595 4.5484745502471933 1.8319963216781618 -0.034669835120439522 1.3183202147483828 1.1407886147499087
decision_type=2 2 2 2 2 2 2 2 2 2 2 2 2 2 2 2 2 2 2 2 2 2 2 2 2 2 2 2 2 2
left_child=1 9 4 6 5 -2 18 -8 -4 -1 13 -6 -5 -11 15 16 -14 -10 19 -3 -21 22 -19 -23 27 26 -24 29 -29 -25
right_child=2 3 8 12 11 -7 7 -9 17 10 -12 -13 14 -15 -16 -17 -18 21 -20 20 -22 23 25 24 -26 -27 -28 28 -30 -31
leaf_value=0.0050514523245288991 0.074202173369186386 -0.030034591384005285 -0.015731371318159961 0.050836650103274816 0.077061859527600945 0.022398556998935507 0.015957334185962103 -0.011853724717291535 0.045281713297212943 0.029465910423748388 0.020115136352280585 0.0044907391561337063 0.019276290440004638 0.12075584024252368 -0.0051218925265256836 0.0037155145871478413 0.086960071941727612 0.099197978058182867 -0.0195845730014245 0.039465115499782488 -0.034682563865090187 -0.0041733193692328856 0.017805406027117967 0.075408563663099837 0.00072876077645355549 0.09233902659150639 -0.0033887276888655729 0.015267509838993918 0.1016518529694343 -0.023127851354079243
leaf_weight=141.99659822881222 38.90288157761097 12.64872734248638 59.336462199687958 13.469627514481543 7.5366539359092704 36.32313047349453 56.110830023884773 1704.8967233300209 26.19088014960289 7.6819395720958736 68.249810487031937 67.388793677091599 26.893384829163551 8.5793208926916105 520.16152586042881 208.87189707159996 10.079471752047537 8.484358072280882 24.636401265859604 56.761134698987007 7.0189964026212683 283.21053083240986 366.78882828354836 25.928107142448429 99.072594404220581 5.56415832042694 91.290192455053329 74.792967244982719 6.2530630230903617 5.2356039583683005
leaf_count=573 151 52 244 55 30 145 229 6982 103 31 275 270 109 34 2127 850 41 34 101 225 29 1143 1476 104 399 22 365 300 25 21
internal_value=6.86165e-05 -0.00510301 0.0124054 -0.00680972 0.030527 0.0491886 -0.00976317 -0.0109676 0.00981928 0.0148008 0.0311819 0.0117906 0.000245706 0.0776298 -0.000643896 0.00883071 0.0377281 0.0113463 0.011223 0.0211536 0.0313052 0.0104269 0.0160484 0.00505957 0.0174357 0.0145268 0.0135816 0.0321866 0.0219324 0.0588541
internal_weight=4070.36 2868.06 1202.3 2641.55 150.151 75.226 1862.07 1761.01 1052.15 226.508 84.5111 74.9254 779.476 16.2613 766.006 245.845 36.9729 992.811 101.065 76.4289 63.7801 966.62 472.128 494.493 211.282 463.643 458.079 112.21 81.046 31.1637
internal_count=16545 11713 4832 10800 596 296 7618 7211 4236 913 340 300 3182 65 3127 1000 150 3992 407 306 254 3889 1897 1992 849 1863 1841 450 325 125
is_linear=0
shrinkage=0.05


Tree=6
num_leaves=31
num_cat=0
split_feature=30 41 33 30 30 43 33 41 41 31 45 45 8 4 41 4 32 30 31 1 38 2 41 39 37 45 45 36 42 35
split_gain=61.6799 23.8139 23.3717 23.2852 20.9652 18.7929 17.1613 14.8896 14.3933 17.6287 14.3604 12.7388 14.1409 21.4459 12.2963 24.8589 14.5453 18.1411 12.0191 11.8489 11.7573 21.217 11.7494 11.7152 19.5421 13.1487 16.6851 16.2771 14.5574 11.6894
threshold=-0.42609804868698115 -1.6376113295555113 -0.87415236234664906 -0.82702770829200734 0.30713847279548651 -0.64707884192466725 -1.0735046267509458 -0.78947171568870533 0.49244832992553716 -1.573505103588104 0.41459055244922643 -0.035887416452169411 0.080009859055280699 0.60943749547004711 -0.54566150903701771 0.55436038970947277 -0.1799005791544914 2.3210430145263676 3.7170699834823613 -0.87875100970268238 -1.9204701781272886 -2.3256493806838985 0.67987293004989635 0.45671476423740393 1.0217995643615725 0.21834108233451846 0.0027076285332441334 -0.64478501677513111 -0.23452227562665937 -1.2069829702377317
decision_type=2 2 2 2 2 2 2 2 2 2 2 2 2 2 2 2 2 2 2 2 2 2 2 2 2 2 2 2 2 2
left_child=2 4 3 -1 -2 20 7 -5 9 -4 11 12 -11 -14 15 -7 17 -16 19 -19 21 -3 -9 24 25 26 27 -17 -29 -13
right_child=1 5 8 6 -6 14 -8 22 -10 10 -12 29 13 -15 16 23 -18 18 -20 -21 -22 -23 -24 -25 -26 -27 -28 28 -30 -31
leaf_value=-0.023135631047191199 0.091738705650995525 -0.035938716723156704 0.055269875719172128 -0.023314505636664512 -0.007312248109263975 0.0060530561194002824 -0.011814124856071721 0.051394346587339518 -0.01314218061366049 -0.006309638119359264 0.043058161575455028 0.04245766071154955 0.040990671520393408 -0.023994844108800976 -0.0053669251170049993 -0.017692646669511349 0.0062086125022380633 0.0048931429395362939 -0.013986622907279048 0.098006596889106415 -0.014758658015996512 0.07229362530412875 -0.016724283867807724 0.0037159733147905509 0.11431695895916866 0.10177178196607926 -0.0036576124305891899 0.12556275509603262 0.042733795151550624 -0.0066415916293375461
leaf_weight=387.12752336263657 14.458356797695162 7.7870962768793133 14.26281017065048 13.210085362195967 8.472881004214285 611.52603439986706 111.90633487701416 32.019745051860809 280.90028811991215 59.546876609325409 18.097841143608093 12.408904165029524 56.921039491891861 16.33993624150753 558.26155926287174 10.004400119185446 1075.8611713200808 5.2181987315416345 6.8488456904888144 9.8959242701530457 179.55381664633751 10.819089680910109 7.890210196375846 34.585457131266594 7.6217154860496512 6.2223801016807547 30.679771482944489 5.9396668970584861 49.619952663779259 524.65350912511349
leaf_count=1592 55 31 55 53 33 2397 450 128 1132 236 71 50 225 65 2209 39 4220 20 26 37 729 41 32 136 29 24 119 23 191 2097
internal_value=-0.000234517 0.00440937 -0.00819988 -0.0164317 0.0551403 0.00396373 -0.000705259 0.0226974 -0.00357666 0.000249662 -0.000891006 -0.00207838 0.0117872 0.0264965 0.00517964 0.0104625 0.00276741 -0.00361333 0.0409602 0.0658589 -0.0108381 0.026996 0.0379273 0.0291008 0.0370757 0.0313303 0.0267761 0.0410171 0.0515887 -0.00550715
internal_weight=4168.66 2633.38 1535.29 552.154 22.9312 2610.45 165.026 53.12 983.131 702.231 687.968 669.87 132.808 73.261 2412.29 756.199 1656.09 580.225 21.963 15.1141 198.16 18.6062 39.91 144.673 110.088 102.466 96.2438 65.564 55.5596 537.062
internal_count=16545 10359 6186 2255 88 10271 663 213 3931 2799 2744 2673 526 290 9470 2958 6512 2292 83 57 801 72 160 561 425 396 372 253 214 2147
is_linear=0
shrinkage=0.05


Tree=7
num_leaves=31
num_cat=0
split_feature=34 43 43 30 31 45 33 0 46 10 34 6 45 33 46 41 8 10 29 46 3 41 45 45 37 41 31 43 39 38
split_gain=154.497 68.7273 57.4701 44.2289 35.0481 33.8255 21.9827 17.632 14.9788 17.3867 16.9926 14.3922 13.358 12.8667 12.2814 16.6934 14.4442 12.1856 20.418 16.0123 14.148 12.006 11.9849 16.9798 11.97 11.7469 11.386 11.3457 12.9878 10.644
threshold=0.22369523346424106 -0.61651775240898121 -0.62996730208396901 -0.6758645474910735 -1.235995829105377 -0.035887416452169411 -0.99498742818832386 -0.36875411868095392 0.13965132087469104 0.64580127596855175 -1.0736148357391355 0.71798905730247509 0.002571475575678051 -0.74350395798683155 -0.48945710062980646 -0.82005926966667164 0.1525121480226517 0.79637977480888378 1.7097541093826296 -0.27796007692813868 -0.051855975762009614 0.5701236128807069 -0.032886927947401993 -0.028660212643444535 -0.18436590582132337 -1.5112424492835996 -0.47258032858371729 -0.69794538617134083 -0.12064390257000922 -1.843413174152374
decision_type=2 2 2 2 2 2 2 2 2 2 2 2 2 2 2 2 2 2 2 2 2 2 2 2 2 2 2 2 2 2
left_child=1 5 29 4 8 26 7 -6 10 -10 -3 -8 25 -7 15 16 -14 19 -19 21 -21 -4 -22 -24 -16 -5 -1 -15 -29 -2
right_child=2 3 17 12 6 13 11 -9 9 -11 -12 -13 14 27 24 -17 -18 18 -20 20 22 -23 23 -25 -26 -27 -28 28 -30 -31
leaf_value=-0.027650120685866003 -0.010686051037536136 0.025525356480531253 -0.006353938345471398 -0.028905198694939516 0.0017442102841437803 0.044988232487949559 0.0069175768372075315 0.030134157004674575 -0.032225998689083345 0.022628740636675193 -0.012950695905640082 0.030012514273966319 -0.045767270217903319 0.03652559550707099 0.012550934297383083 -0.0068498460678330297 0.0046565242514905233 -0.0010682903670673643 -0.028927573280020342 -0.032736907923417234 -0.030382184141964239 -0.019151557827753522 0.015982273234494682 -0.016612909044191323 -0.0048533034922541608 0.0030459076466425594 0.015026468916211289 0.033072867636548549 0.00012913749502074763 0.022810726485849763
leaf_weight=34.685384720563889 28.718114733695984 53.278126239776611 475.64809390902519 29.326930314302444 66.971844643354416 115.58700186014175 577.67528840899467 298.23838990926743 77.408258229494095 17.759481608867645 62.193891435861588 76.376721858978271 56.421195417642593 105.47564744949341 136.12660363316536 310.87021574378014 18.980166018009186 342.36332476139069 81.405814051628113 206.92749944329262 116.67026510834694 298.13426634669304 47.344712972640991 255.9610208272934 360.22018736600876 1506.3920193910599 28.446895986795425 52.084512144327164 70.297654986381531 136.1528494656086
leaf_count=95 78 147 1294 80 184 323 1588 827 212 49 170 211 154 292 372 850 52 932 221 562 317 809 129 696 986 4125 78 144 193 375
internal_value=0.000118507 0.00571775 -0.0112944 0.00354466 0.0112644 0.0252171 0.0151015 0.024928 -0.00730249 -0.0219894 0.00480193 0.00961448 -0.000381414 0.0314003 -0.00528316 -0.011969 -0.0330745 -0.0138491 -0.00642004 -0.0160967 -0.022036 -0.0112848 -0.0167635 -0.0115249 -8.00687e-05 0.00243575 -0.00842039 0.0245075 0.0141496 0.0169761
internal_weight=6044.14 4054.82 1989.33 3648.24 1229.9 406.577 1019.26 365.21 210.64 95.1677 115.472 654.052 2418.34 343.445 882.618 386.272 75.4014 1824.45 423.769 1400.69 626.903 773.782 419.976 303.306 496.347 1535.72 63.1323 227.858 122.382 164.871
internal_count=16545 11132 5413 10007 3388 1125 2810 1011 578 261 317 1799 6619 952 2414 1056 206 4960 1153 3807 1704 2103 1142 825 1358 4205 173 629 337 453
is_linear=0
shrinkage=0.05


Tree=8
num_leaves=31
num_cat=0
split_feature=34 43 43 5 45 5 33 35 5 40 0 32 33 29 45 7 33 29 41 36 45 35 33 30 41 30 0 2 5 5
split_gain=92.5137 49.8705 40.5655 35.6746 17.7238 16.7758 16.7 15.4973 15.4577 14.2601 14.2284 13.9245 13.7057 12.4638 12.3482 11.6421 15.9517 15.2404 14.9199 14.0049 11.5968 11.5322 19.1211 12.6861 11.5103 10.9754 10.8048 11.1323 10.3981 15.9866
threshold=0.33649915456771856 -0.6102757155895232 -0.6223001480102538 -0.94396230578422535 0.0041897909250110396 -2.1603490114212032 0.035490827634930618 -0.068365141749382005 -0.33921037614345545 -1.0858732461929319 -0.34694617986679072 -1.2945553660392759 1.7817729115486147 1.2308828830718996 -0.51240059733390797 -0.29010586440563196 -1.2210695743560789 -0.73980796337127674 -1.0217422246932981 -1.2121062874794004 -0.11362403631210326 0.91471630334854137 -0.49431425333023066 -0.22930350154638288 -1.486001670360565 0.55340301990509044 0.24961843341588977 -0.58329257369041432 1.7023681402206423 -0.51856327056884755
decision_type=2 2 2 2 2 2 2 2 2 2 2 2 2 2 2 2 2 2 2 2 2 2 2 2 2 2 2 2 2 2
left_child=2 -2 -1 7 11 10 8 -4 -7 -6 12 -5 -3 -12 26 17 -17 19 -19 -11 25 23 -23 -16 -8 -9 27 -13 29 -26
right_child=1 5 3 4 9 6 24 20 -10 15 13 14 -14 -15 21 16 -18 18 -20 -21 -22 22 -24 -25 28 -27 -28 -29 -30 -31
leaf_value=-0.023923903497148249 -0.01939467111500174 0.044363621067961392 0.006464249593473974 -0.021186597946921255 -0.018515216517005998 0.020145688391507547 -0.026477511435228047 0.027722665490874335 0.075374677193594836 -0.002293913734290024 0.045908150237289072 -0.001932494320774568 0.1202076232499511 -0.011969714745748108 -0.0045628994397740484 0.066361261844335703 -0.0018635244557436642 0.06323330732744091 0.0040988436456113496 0.065254232704189633 0.024413451379470499 0.088468092523834793 0.0022027887548653228 -0.014959992216524456 0.018679644425410782 0.10820605417451541 -0.0048510086358632132 0.064799093114479775 0.027312189276164002 0.0048127957799071926
leaf_weight=254.09572416543961 117.16348014771938 23.510460913181308 129.3306005448103 168.04730278253555 76.917870506644249 34.922798693180084 19.236396491527557 7.8383813202381161 19.882003754377365 11.253465726971625 19.236621081829071 9.9398528337478655 7.977895960211753 18.010903239250183 994.10281436145306 8.745121166110037 422.19900558888912 11.390120536088942 167.90958514809608 24.121503204107285 59.095930889248848 8.0537682920694333 31.73619756102562 416.23018728196621 362.99259707331657 9.2166031599044782 26.876545503735542 16.834765687584877 106.52025403082371 486.29234769940376
leaf_count=1062 477 91 518 698 315 135 78 31 77 45 76 40 31 71 4097 35 1732 46 681 95 234 33 130 1710 1434 34 109 68 417 1945
internal_value=6.42197e-05 0.0116145 -0.00485609 -0.00299249 -0.0047083 0.0149216 0.0133254 0.0170008 0.0401816 0.00183533 0.0388377 -0.00753636 0.0635795 0.0179215 -0.00601094 0.00425986 -0.000479043 0.0137729 0.0078554 0.0437659 0.0348956 -0.00688244 0.0196635 -0.00763138 0.0118159 0.0712163 0.0175446 0.0400256 0.0125866 0.0107396
internal_weight=4069.68 1215.75 2853.94 2599.84 2394.36 1098.58 1029.85 205.482 54.8048 722.537 68.7359 1671.82 31.4884 37.2475 1503.77 645.619 430.944 214.675 179.3 35.375 76.1509 1450.12 39.79 1410.33 975.042 17.055 53.6512 26.7746 955.805 849.285
internal_count=16545 4832 11713 10651 9834 4355 4086 817 212 2949 269 6885 122 147 6187 2634 1767 867 727 140 299 5970 163 5807 3874 65 217 108 3796 3379
is_linear=0
shrinkage=0.05


Tree=9
num_leaves=31
num_cat=0
split_feature=29 33 30 45 46 41 6 39 4 36 29 10 4 45 4 32 44 32 34 33 32 34 37 10 8 43 40 32 41 9
split_gain=67.2579 28.2057 19.2314 16.492 16.3702 14.9548 13.8729 20.1387 22.0625 16.2456 19.7793 17.908 13.6997 13.5234 16.7889 15.7763 13.4655 13.3702 12.8683 12.8075 16.623 13.0167 12.9359 12.5546 12.5088 12.3089 11.3029 11.208 10.9376 10.897
threshold=-0.28964938223361963 -0.96078562736511219 -0.9103555679321288 0.48776222765445715 1.55332887172699 0.22375949472188952 -1.3306407928466795 0.6028868854045869 -1.6580917835235593 0.89763396978378307 1.6525338888168337 0.73560971021652233 -2.3609542846679683 -0.015769967809319493 -0.027968906797468659 -0.60866177082061756 -1.9403206110000608 -0.76164925098419178 -1.0119316577911375 1.3383402824401858 1.7518588900566103 1.1104999780654909 -1.5847882032394407 -0.8928009271621703 1.0636417269706728 -0.24729079753160474 0.027733059599995617 -0.69100478291511525 -0.9617481231689452 -0.4280960857868194
decision_type=2 2 2 2 2 2 2 2 2 2 2 2 2 2 2 2 2 2 2 2 2 2 2 2 2 2 2 2 2 2
left_child=1 2 -1 5 26 13 -2 8 12 11 24 28 -8 14 15 -3 -10 -14 -18 22 21 -21 -20 -22 27 -17 -4 -11 -9 -5
right_child=6 3 4 29 -6 -7 7 9 16 10 -12 -13 17 -15 -16 25 18 -19 19 20 23 -23 -24 -25 -26 -27 -28 -29 -30 -31
leaf_value=-0.02624573297925786 -0.0043701728451865348 -0.025350101664226684 0.0039082087589536506 0.064512395563352531 0.065912355967626887 -0.011769539855738411 -0.0025963631103928957 -0.033419480016624745 0.063662185901034896 -0.018147170432579424 0.039846906129947013 -0.026113634461900393 -0.023596411623834385 -0.0055432304708742733 0.015615587604123654 -0.0079240685928681793 0.073002606402668688 0.061363085458685435 -0.025645087985027099 0.05443397376068633 0.019808327977042246 0.0080735841624781628 0.0076144209607488123 0.11836599403553315 -0.011745628077204185 0.039029621695843841 -0.023928020886785407 0.014364114214347716 0.0038637905777299157 0.0091389738460498481
leaf_weight=278.91329398751259 305.38153591752052 62.010005429387093 84.742620944976807 13.460821926593779 7.8727254569530478 493.68859848380089 14.848419204354284 22.042733326554298 11.245636463165281 30.95207616686821 41.018928065896034 98.233847692608833 5.1846037060022345 584.69780737161636 210.60437893867493 34.795960783958435 7.7326222062110892 43.350471630692482 30.03475584089756 18.958301708102226 5.5525554865598679 75.189759254455566 1097.9846439212561 7.7288401424884778 99.338398292660713 23.307133868336678 64.015852138400078 184.69433878362179 182.85019397735596 26.134614944458008
leaf_count=1179 1203 248 343 51 32 2004 57 87 43 123 157 390 20 2347 829 138 29 161 120 72 21 286 4279 29 393 92 263 729 717 103
internal_value=-0.000223894 -0.00721543 -0.0183723 -0.00386117 -0.00435208 -0.00475544 0.00554819 0.0070803 0.0106493 -5.52867e-05 0.00718802 -0.00856211 0.0394303 -0.000972696 0.00710786 -0.00780945 0.00919507 0.0522876 0.00870237 0.00829991 0.0247962 0.017409 0.00672885 0.077162 0.00293502 0.0109107 -0.00807067 0.00969772 -0.000147208 0.0279637
internal_weight=4166.57 1884.24 435.544 1448.7 156.631 1409.1 2282.32 1976.94 1317.81 659.131 356.004 303.127 63.3835 915.415 330.717 120.113 1254.43 48.5351 1243.18 1235.45 107.429 94.1481 1128.02 13.2814 314.985 58.1031 148.758 215.646 204.893 39.5954
internal_count=16545 7629 1817 5812 638 5658 8916 7713 5117 2596 1402 1194 238 3654 1307 478 4879 181 4836 4807 408 358 4399 50 1245 230 606 852 804 154
is_linear=0
shrinkage=0.05


Tree=10
num_leaves=31
num_cat=0
split_feature=34 43 43 30 31 45 33 5 32 6 32 33 6 31 7 36 32 44 33 41 2 33 33 10 32 46 7 45 32 41
split_gain=137.912 62.5864 50.8089 39.795 32.9209 31.258 19.8686 16.4007 15.8127 15.7276 15.5665 14.4096 13.9717 13.5216 14.6229 12.9906 17.1171 17.4694 16.8913 16.2827 12.3371 12.0063 11.9455 11.6232 15.2517 15.0638 14.5528 14.7793 13.3175 16.4908
threshold=0.20041928440332415 -0.61651775240898121 -0.63823935389518727 -0.6758645474910735 -1.235995829105377 -0.035887416452169411 -0.99498742818832386 0.76386281847953807 -1.4195293188095091 -0.13699565082788465 -0.83893403410911549 0.47452162206172949 0.7984207570552827 -0.37165102362632746 -0.92550444602966297 1.3048374652862551 0.45388182997703558 -0.2762529700994491 -0.51829969882965077 -1.0971029996871946 -0.42807634174823755 -0.74350395798683155 0.19888952374458316 0.79637977480888378 1.7881307601928713 -0.27796007692813868 0.32413721084594732 -0.032886927947401993 1.5681980252265932 0.24770444631576541
decision_type=2 2 2 2 2 2 2 2 2 2 2 2 2 2 2 2 2 2 2 2 2 2 2 2 2 2 2 2 2 2
left_child=1 5 -2 4 10 -1 9 8 20 -6 -3 -9 -8 14 -10 16 17 18 -15 -19 -5 -7 -12 25 -25 28 -27 -28 29 -4
right_child=2 3 23 7 6 21 12 11 13 -11 22 -13 -14 15 -16 -17 -18 19 -20 -21 -22 -23 -24 24 -26 26 27 -29 -30 -31
leaf_value=-0.0081157889599427612 0.016681863849573916 0.028001760325452769 -0.0058573193442953168 -0.011306002576958562 0.0076122145378254465 0.043532042775787649 0.006956351302351684 0.010399450725468821 0.022075773802532908 0.030547624875001247 -0.015072947793003281 -0.029315312735394356 0.032483474047148998 -0.016258612776916832 -0.00083740123710296897 -0.024826311753813127 0.011882937172026953 -0.040357298926519167 0.0059200033854114355 -0.011594797975016072 0.029991383297885726 0.023578079863835658 0.050261329556126055 -0.0023550594348002571 -0.033057889057064818 -0.0282488153431667 -0.029570778523906101 -0.0066202818782044219 0.0039278269468536872 -0.021697455135106888
leaf_weight=62.71773961186409 159.11951580643654 27.287717700004578 353.85945656895638 25.271272331476212 105.39717450737953 113.93673637509346 591.59547570347786 424.59714621305466 76.332348346710205 257.0274718105793 176.01675650477409 24.137935727834702 58.943272978067398 125.79821488261223 793.1572490632534 96.492337346076965 121.91407242417336 59.167458236217499 270.33310630917549 292.24798411130905 63.591853201389313 222.80457901954651 7.2857695817947379 388.18406254053116 45.1534763276577 314.94769361615181 99.088922679424286 240.16265457868576 136.79135823249817 306.74244421720505
leaf_count=172 440 76 961 69 292 323 1630 1164 209 719 482 66 164 344 2173 264 333 161 739 799 175 620 20 1055 122 852 268 652 371 830
internal_value=0.000113765 0.00551732 -0.01045 0.00343194 0.0107565 0.0242934 0.014496 -0.000344628 -0.0023519 0.0238777 -0.00723108 0.00826315 0.00926928 -0.0033492 0.00117414 -0.00742083 -0.00548918 -0.00832232 -0.00112319 -0.0164375 0.0182471 0.0303295 -0.0124761 -0.0127404 -0.00555427 -0.0148856 -0.020509 -0.0133237 -0.0102721 -0.0132125
internal_weight=6040.1 3996.05 2044.05 3596.59 1223.55 399.459 1012.96 2373.04 1924.31 362.425 210.59 448.735 650.539 1835.44 869.49 965.953 869.461 747.547 396.131 351.415 88.8631 336.741 183.303 1884.93 433.338 1451.59 654.199 339.252 797.393 660.602
internal_count=16545 10994 5551 9879 3383 1115 2805 6496 5266 1011 578 1230 1794 5022 2382 2640 2376 2043 1083 960 244 943 502 5111 1177 3934 1772 920 2162 1791
is_linear=0
shrinkage=0.05


Tree=11
num_leaves=31
num_cat=0
split_feature=34 43 43 5 31 4 41 12 43 35 8 33 9 2 40 31 44 8 40 31 30 30 3 31 35 4 12 6 31 30
split_gain=82.3862 45.1813 37.2717 32.9374 16.1108 14.3165 29.9343 19.577 15.1135 13.9379 13.4631 12.8345 12.7723 12.2384 12.0277 11.9644 14.4403 13.821 11.3906 10.4983 21.7055 10.4786 9.95071 13.8448 19.9218 9.93801 10.4146 9.83979 9.69818 12.2875
threshold=0.33649915456771856 -0.56566834449768055 -0.6223001480102538 -0.94396230578422535 -1.3980736732482908 -0.47769439220428461 1.3465836644172671 -1.3711087703704832 0.34721778333187109 -0.068365141749382005 -0.2040794491767883 -0.053496241569519036 -0.14582524448633191 2.8139830827713017 -1.7533554434776304 1.8061910867691042 -0.53340846300125111 -0.7832566201686858 -0.68485090136528004 -0.36140927672386164 -0.18842115998268125 0.18165891617536548 1.2206005454063418 0.15057528018951419 1.2680634260177615 -0.45007160305976862 -1.0149739384651182 2.057019948959351 -0.55284181237220753 -0.9204934537410735
decision_type=2 2 2 2 2 2 2 2 2 2 2 2 2 2 2 2 2 2 2 2 2 2 2 2 2 2 2 2 2 2
left_child=2 25 -1 9 12 7 11 8 18 -4 14 -7 -5 27 -6 16 -9 -17 -3 -18 -21 -11 -12 24 -24 26 -2 -8 29 -16
right_child=1 5 3 4 10 6 13 15 -10 21 22 -13 -14 -15 28 17 19 -19 -20 20 -22 -23 23 -25 -26 -27 -28 -29 -30 -31
leaf_value=-0.023145199745694761 0.042198078998128552 0.043716854149894679 0.0062352228404433776 0.043480768224906409 -0.041559872503388426 0.057417198976479414 0.040912851452425653 0.034047934061898176 0.0098274555412659632 0.013169692812204332 -0.0087089249292583628 0.003655790438817857 0.0034120683480384391 -0.00083563035021633745 0.015528008572850189 0.059859227787175111 -0.020648029941269509 -0.00090496544676493037 0.10029432741881593 0.084589123920211631 0.010122509539850111 0.050010049314512819 0.0084410785533497821 -0.020712459950318632 0.0841123812616109 -0.023675243309018615 -0.0065931573208185094 0.099207293703540256 0.0075752724923224884 -0.011030882669242771
leaf_weight=247.7949606180191 12.352423831820486 20.637517124414444 129.78973442316055 28.940604403614998 16.188486084342003 11.372547119855879 51.312782317399979 78.723962724208832 16.046172901988029 35.833642974495888 1559.620208978653 465.67365315556526 63.58364637196064 15.412906363606451 55.636210471391678 32.081678807735443 25.556555882096291 13.211864069104193 15.636375188827513 10.155465275049208 268.6793584227562 41.837604224681854 71.548829182982445 33.091226354241371 9.9013874530792219 87.610049784183502 95.451282396912575 8.4278264343738538 345.85026793181896 200.46659472584724
leaf_count=1062 48 77 518 112 68 42 198 305 61 140 6473 1848 257 59 227 123 103 52 58 38 1045 159 294 136 40 359 384 32 1408 819
internal_value=6.0397e-05 0.0108795 -0.00461887 -0.00284796 -0.00451027 0.0150504 0.00955806 0.0213593 0.050232 0.0162608 -0.00533591 0.00493744 0.0159451 0.0388881 0.00097019 0.0178331 0.0149601 0.0421347 0.0681054 0.0100235 0.0128347 0.0330137 -0.00766428 0.00655988 0.01764 -0.0111674 -0.00100253 0.0491367 0.00211396 -0.00526118
internal_weight=4068.43 1228.34 2840.08 2592.29 2384.83 1032.93 552.2 480.729 52.3201 207.461 2292.3 477.046 92.5243 75.1535 618.142 428.409 383.115 45.2935 36.2739 304.391 278.835 77.6712 1674.16 114.541 81.4502 195.414 107.804 59.7406 601.953 256.103
internal_count=16545 4832 11713 10651 9834 4041 2179 1862 196 817 9465 1890 369 289 2522 1666 1491 175 135 1186 1083 299 6943 470 334 791 432 230 2454 1046
is_linear=0
shrinkage=0.05


Tree=12
num_leaves=31
num_cat=0
split_feature=30 43 30 45 5 9 38 30 7 10 45 46 6 34 6 8 5 46 45 5 45 46 37 10 46 34 31 35 45 30
split_gain=50.9449 18.1382 16.8791 16.6327 13.5211 12.116 12.1085 18.0002 15.8264 15.427 12.968 16.5216 12.6594 12.225 11.6997 17.5599 14.8811 13.6497 11.6281 14.8837 12.1212 11.5862 15.452 13.1151 11.4429 11.2937 19.4067 11.2019 10.1355 9.60703
threshold=-0.9103555679321288 -0.64707884192466725 -0.42609804868698115 -0.030697697773575779 1.8423984050750735 0.78966063261032116 -0.18768828362226483 1.6496007442474367 0.93341717123985302 1.2599291205406191 0.0017058938392437997 1.7801662683486941 0.93991211056709301 -0.010502043645828961 -1.3306407928466795 -1.7583460211753843 -2.078290462493896 0.37842224538326269 0.0027076285332441334 -0.60682043433189381 -0.0054411329329013816 -1.1596829891204832 -0.55303704738616932 0.23345603048801425 1.6871545910835268 -0.5750475525856017 -0.17578056454658506 1.924660921096802 0.0054263407364487657 0.45349983870983129
decision_type=2 2 2 2 2 2 2 2 2 2 2 2 2 2 2 2 2 2 2 2 2 2 2 2 2 2 2 2 2 2
left_child=-1 3 5 -2 -5 -3 9 8 13 12 11 -9 14 21 -4 16 17 -16 19 -15 -21 22 -8 -24 29 -10 -27 -17 -18 -23
right_child=1 2 6 4 -6 -7 7 10 25 -11 -12 -13 -14 18 15 27 28 -19 -20 20 -22 24 23 -25 -26 26 -28 -29 -30 -31
leaf_value=-0.015225625933472332 0.013945278836074514 -0.00085719474059863128 -0.0055544483075020482 -0.018890750524296552 0.048477076610165828 -0.018862783870844013 -0.00098831443229664868 0.0053277867616794315 0.038979195268208408 -0.023094076276385322 0.051145165795521252 0.094311631931091322 -0.029224560971975341 -0.016037730123683112 -0.0056592440125394529 0.003533746604139883 0.078490640427380673 0.078860149695960849 0.0052899159616670473 0.020810453944361203 0.048906731502965289 0.0031152864581407798 0.11557559583331155 0.019365836905984722 0.037593978268362166 -0.023640468259876611 0.002990869997507823 0.060760218230577381 0.022844034382207876 -0.02476269435685308
leaf_weight=497.53775207698345 55.909737080335617 828.56836332380772 262.28915950655937 215.03121750056744 7.7153459191322318 105.30335634946823 14.450181379914286 53.397683769464493 15.955278992652891 62.176122710108757 39.04123055934906 5.7811400890350333 30.419506758451462 22.630805492401123 29.358537137508392 661.47263514995575 19.151557087898254 5.7052581012248984 149.36410488188267 194.20371210575104 47.84463281929493 395.11099593341351 7.8762376606464368 6.4372756332159042 22.399245858192444 92.89358714222908 259.52327910065651 8.6634410470724088 14.287649020552633 33.525625467300415
leaf_count=2097 223 3323 1032 898 31 426 57 201 63 247 145 21 121 89 112 2587 69 21 575 743 183 1541 30 25 87 367 1014 33 53 131
internal_value=-0.000212347 0.00182494 0.00283353 -0.0104373 -0.0165573 -0.0028875 0.00501071 0.00815959 0.00655523 0.00109323 0.0287771 0.0140206 0.0025514 0.0101495 0.00351711 0.0067384 0.0308509 0.00809297 0.0164441 0.0227386 0.0263641 0.00471751 0.0354851 0.0723068 0.00275538 -0.00216608 -0.00402889 0.00427356 0.0547144 0.000934822
internal_weight=4164.02 3666.49 3387.83 278.656 222.747 933.872 2453.96 1360.44 1262.21 1093.52 98.2201 59.1788 1031.35 893.843 1000.93 738.639 68.503 35.0638 414.043 264.679 242.048 479.8 28.7637 14.3135 451.036 368.372 352.417 670.136 33.4392 428.637
internal_count=16545 14448 13296 1152 929 3749 9547 5272 4905 4275 367 222 4028 3461 3907 2875 255 133 1590 1015 926 1871 112 55 1759 1444 1381 2620 122 1672
is_linear=0
shrinkage=0.05


Tree=13
num_leaves=31
num_cat=0
split_feature=30 33 38 5 35 8 31 31 32 0 46 31 2 33 45 45 2 45 41 10 11 45 3 45 5 33 30 41 5 6
split_gain=102.837 33.6694 26.0296 23.9064 21.6428 21.2643 20.608 19.4132 18.6427 14.7264 15.1356 14.2337 13.0899 12.9182 12.8029 23.6797 17.4515 15.8865 12.8005 12.7227 12.6703 12.5754 13.4605 12.8627 12.5333 13.1022 12.1363 16.959 14.0618 14.2241
threshold=-0.45403470098972315 -0.71971353888511647 -1.417821943759918 1.6478614211082461 -0.95673346519470204 0.27981303632259374 -1.3239342570304868 -1.6412117481231687 -1.4442775249481199 0.87418556213378917 -1.1596829891204832 -0.12935072183609006 -0.42807634174823755 -0.69543087482452381 0.0054263407364487657 -0.049080975353717797 0.48786501586437231 -0.020045003853738304 1.0810449719429018 -0.64999714493751515 2.3642640113830571 -0.031728330999612801 -0.5669974386692046 -0.10915461555123328 0.38148953020572668 -0.29950878024101252 -0.12465075775980948 -1.5373606681823728 0.89952313899993908 -0.83214762806892384
decision_type=2 2 2 2 2 2 2 2 2 2 2 2 2 2 2 2 2 2 2 2 2 2 2 2 2 2 2 2 2 2
left_child=1 4 9 8 7 -3 -6 -1 12 10 -2 26 -4 -13 15 20 19 -17 21 -16 -15 23 -23 -8 -19 -26 28 -28 29 -10
right_child=2 5 3 -5 6 -7 18 -9 11 -11 -12 13 -14 14 16 17 -18 24 -20 -21 -22 22 -24 -25 25 -27 27 -29 -30 -31
leaf_value=-0.022904923803285605 -0.008703052370560899 -0.0037843525341411141 -0.010505330704690695 -0.01802942233650115 -0.0189472359437644 0.010715955697697241 0.013294162010817052 0.028119318552377488 0.01352533288712998 0.018441103227220649 -0.028197990468639425 -0.026249427600974307 0.029117363518532047 -0.01587969516569002 -0.0053984558321282135 0.01078760113780578 0.0070538159317126859 0.001268625768500477 0.029481565718729938 -0.022276061935427711 0.024909357015797669 -0.0065783968202157818 0.017508220093685824 -0.016333041336029929 0.021269190511880472 -0.023030380859962341 -0.056431211992232014 0.0082203362360611012 0.014976397033503312 -0.0088717853127627793
leaf_weight=19.756545424461365 191.23983523249626 591.73727798461914 28.49489352107048 255.12758848071098 56.112445712089539 441.45931604504585 67.285455316305161 330.33435174822807 82.056624591350555 28.352228254079819 207.68774497509003 72.680381238460541 77.635966062545776 308.48930779099464 191.80947571992874 342.72299712896347 108.73516884446144 426.03164166212082 96.232825458049774 267.22125694155693 20.291091769933701 68.104502409696579 391.05006089806557 80.421425104141235 19.626734286546707 111.59161382913589 10.34223762154579 527.46315434575081 93.91018933057785 520.89620211720467
leaf_count=54 517 1624 78 692 153 1219 187 931 225 77 560 199 215 838 521 936 296 1162 268 726 55 188 1089 222 54 304 28 1443 258 1426
internal_value=0.000108487 0.00890599 -0.00473392 -0.00329813 0.0149552 0.00241127 0.0102126 0.0252399 -0.0021273 -0.0163778 -0.0188524 -0.0028319 0.0184791 -0.00558374 -0.00474769 -0.00187849 -0.0109572 0.00231683 0.0125398 -0.0152236 -0.0133623 0.00985324 0.0139356 -0.00283685 -0.00289292 -0.0164044 0.0013342 0.00697706 -0.00302068 -0.00582373
internal_weight=6034.9 2142.49 3892.41 3465.13 1109.3 1033.2 759.207 350.091 3210 427.28 398.928 3103.87 106.131 1869.2 1796.52 1228.75 567.766 899.973 703.094 459.031 328.78 606.861 459.155 147.707 557.25 131.218 1234.67 537.805 696.863 602.953
internal_count=16545 5935 10610 9456 3092 2843 2107 985 8764 1154 1077 8471 293 5091 4892 3349 1543 2456 1954 1247 893 1686 1277 409 1520 358 3380 1471 1909 1651
is_linear=0
shrinkage=0.05


Tree=14
num_leaves=31
num_cat=0
split_feature=34 5 45 12 4 32 32 45 33 7 42 34 32 33 2 41 30 32 7 45 30 29 0 2 3 38 33 45 30 34
split_gain=73.5152 29.8824 19.1382 17.0318 15.7795 15.756 15.2402 13.8387 12.6492 12.1974 19.5806 15.4966 13.9696 15.6373 11.3396 11.0424 10.3733 25.9836 10.2831 10.0208 18.8671 9.94455 9.87284 9.71317 10.3126 11.6721 15.8376 13.0951 11.5651 14.8654
threshold=0.35905836522579199 -0.8561357557773589 0.0041897909250110396 -1.2629768252372739 -0.46846207976341242 0.60857856273651134 -1.3336511254310606 -0.51240059733390797 -1.183323800563812 -0.29010586440563196 0.061744563281536109 -0.053242422640323632 -0.80069664120674122 -0.54736211895942677 0.21446979790925982 0.32951861619949346 -1.4470551609992979 -0.58687967061996449 -0.60435980558395375 -0.12045645341277121 0.53981700539588939 -0.85905882716178883 0.24233258515596393 -3.2002840042114253 -2.3793305158615108 -1.417821943759918 -0.1126260682940483 -0.7185089886188506 2.1275194883346562 0.7003869116306306
decision_type=2 2 2 2 2 2 2 2 2 2 2 2 2 2 2 2 2 2 2 2 2 2 2 2 2 2 2 2 2 2
left_child=1 19 6 4 5 -2 -3 22 -4 10 12 -12 13 18 -6 -11 17 -9 -10 20 21 -1 -8 -5 -25 27 -27 -26 29 -28
right_child=3 2 8 23 14 -7 7 16 9 15 11 -13 -14 -15 -16 -17 -18 -19 -20 -21 -22 -23 -24 24 25 26 28 -29 -30 -31
leaf_value=0.076751759957323251 0.062030778246429635 -0.02305679137826715 0.048055997515725889 0.051883701456643221 0.0028413395971796738 0.017891679603007294 0.038189795237273651 -0.00911165898851269 -0.032984218646794461 -0.0093660789537540808 0.022482180395559763 0.12822482220478618 -0.00016676443472459195 0.059752317141888049 0.069233928989743426 0.0066704512183096394 -0.0087246637869220663 0.10053496146169948 0.052222591115312224 0.0071023194020324344 0.08580415945123733 -4.1089694585406917e-05 -0.0039759084775990517 -0.014311633504726425 0.095140094765560998 0.055579945079741046 -0.0017422740659842732 0.01847387135950157 -0.012542126609808957 0.012935719996761245
leaf_weight=5.0358023196458808 42.673992812633514 170.25085723400116 13.783420816063879 12.533880114555357 67.063531279563904 38.421151325106621 27.881506145000458 18.396209165453914 10.737948492169382 363.15118959546089 8.4897612929344159 5.8538101464509955 189.61277434229851 22.492298454046249 7.1134348511695853 152.39027890563011 1553.703963726759 7.6500788778066626 5.2830298393964759 241.46905678510666 12.23919530212879 25.891458660364155 27.648906782269478 51.041603967547417 5.7858775854110709 16.04620124399662 277.1009169369936 149.13676796853542 80.739798277616501 456.9546993970871
leaf_count=20 151 732 54 46 263 145 110 77 43 1509 34 23 769 89 27 626 6496 29 21 961 43 102 113 199 22 58 1094 576 324 1789
internal_value=5.64376e-05 -0.00430506 -0.00600294 0.0104187 0.0258743 0.0411186 -0.00881992 -0.0073377 0.000587092 -0.000276067 0.00897238 0.0656372 0.00540954 0.0328634 0.00920827 -0.0046258 -0.00820007 0.0230927 -0.00488668 0.0110689 0.0332577 0.0124629 0.0171953 0.00813165 0.00760274 0.00873744 0.00638804 0.0213371 0.00541928 0.00739488
internal_weight=4066.57 2861.96 2577.33 1204.61 155.272 81.0951 1805.53 1635.28 771.795 758.011 242.47 14.3436 228.126 38.5133 74.177 515.541 1579.75 26.0463 16.021 284.636 43.1665 30.9273 55.5304 1049.34 1036.81 985.764 830.842 154.923 814.795 734.056
internal_count=16545 11851 10725 4694 586 296 7557 6825 3168 3114 979 57 922 153 290 2135 6602 106 64 1126 165 122 223 4108 4062 3863 3265 598 3207 2883
is_linear=0
shrinkage=0.05


Tree=15
num_leaves=31
num_cat=0
split_feature=29 33 30 31 35 30 44 45 34 8 3 30 43 5 36 7 41 33 41 45 8 40 41 44 12 31 30 0 33 31
split_gain=59.6726 31.5279 18.96 16.2283 15.4475 17.353 14.9382 14.9221 14.5065 13.7534 18.0304 21.3358 14.4252 12.9389 13.157 12.502 12.3315 12.8679 12.1299 15.8226 16.3695 14.146 11.5876 12.0279 11.4091 12.0121 11.177 10.8379 17.1499 10.5784
threshold=-0.28964938223361963 -0.99498742818832386 -0.9103555679321288 -1.573505103588104 0.3370876163244248 0.62756505608558666 0.33057963848114019 0.57345625758171093 -1.0119316577911375 -0.19392057508230207 -1.2735583186149595 2.4199534654617314 -0.57387846708297718 -2.5912377834320064 -0.23452905565500257 0.8068787455558778 0.60381448268890392 -0.4796630442142486 -0.17954519391059873 -0.037264194339513772 -0.089033216238021837 -1.3124120831489561 -1.1077181696891782 1.0497758388519289 -0.59270888566970814 1.4152972102165224 1.3183202147483828 -0.18762286752462384 -1.1372231245040891 -0.38982433080673212
decision_type=2 2 2 2 2 2 2 2 2 2 2 2 2 2 2 2 2 2 2 2 2 2 2 2 2 2 2 2 2 2
left_child=1 2 -1 6 8 16 -3 18 -2 10 11 13 -11 -7 24 27 17 -6 19 20 -5 -21 -14 26 -15 -26 -24 28 -4 -23
right_child=4 3 15 7 5 9 -8 -9 -10 12 -12 -13 22 14 -16 -17 -18 -19 -20 21 -22 29 23 -25 25 -27 -28 -29 -30 -31
leaf_value=-0.027494060101242824 0.069614890680364444 0.083219079621003014 0.052986566452580319 -0.012422039078853151 0.052491171617301852 -0.031908189336647221 0.00048265843139324942 0.029056774752533172 0.0081633474213975484 -0.014525085250386186 -0.014417202159876338 -0.040063062554474192 -0.042655367838311753 0.011856786834116829 -0.026065661604624493 0.059009866497701929 -0.018862140785016565 -0.0031872757254024979 -0.0095779290301596185 0.049950028793565623 0.024453816202574113 -0.011490511397477303 0.015406059079691335 0.0015454218273535485 0.04835336034992227 -0.021484374093302297 0.04460737765796563 -0.018665880296880738 -0.012156434156259423 0.0023067724783131763
leaf_weight=252.92219644784927 9.6701579689979535 10.280215099453928 16.227151408791542 41.729806512594223 11.028756961226462 13.990662619471548 11.624896228313444 33.251966327428818 1396.8405591100454 33.99994783103466 140.03504844009876 20.033674448728561 6.9037495106458655 94.892302095890045 15.3079287558794 7.4141544103622428 158.51020933687687 175.59916323423386 688.63260893523693 11.860197037458418 107.93674835562706 306.20263555645943 61.024186208844185 46.654081746935844 51.26659519970417 6.9975197017192832 70.771330699324608 80.481060177087784 26.772388741374016 254.29383793473244
leaf_count=1117 35 39 64 166 43 55 46 127 5406 135 550 79 27 366 61 30 626 694 2816 46 421 1247 237 175 194 27 262 337 109 1016
internal_value=-4.75278e-05 -0.00674238 -0.0194995 -0.00340198 0.00530491 0.000217152 0.0393114 -0.00404998 0.00858584 0.00563748 -0.000622612 0.00891731 0.0154127 0.0142954 0.0181325 -0.00405194 -0.00860702 0.000103036 -0.00483037 -0.000302364 0.0141721 -0.00408733 0.0209043 0.0233633 0.0225501 0.0399658 0.0310865 -0.00783836 0.0124272 -0.00523077
internal_weight=4163.16 1849.63 383.817 1465.81 2313.53 907.015 21.9051 1443.91 1406.51 561.877 342.524 202.489 219.353 182.455 168.464 130.895 345.138 186.628 1410.66 722.023 149.667 572.357 185.353 178.45 153.156 58.2641 131.796 123.481 42.9995 560.496
internal_count=16553 7581 1657 5924 8972 3531 85 5839 5441 2168 1332 782 836 703 648 540 1363 737 5712 2896 587 2309 701 674 587 221 499 510 173 2263
is_linear=0
shrinkage=0.05


Tree=16
num_leaves=31
num_cat=0
split_feature=34 43 43 33 45 30 31 31 8 46 39 44 45 41 33 33 36 11 33 11 30 45 46 31 34 32 32 6 42 46
split_gain=104.962 52.3841 43.542 34.5443 24.1879 23.82 16.7714 21.7964 16.4185 14.5672 15.7227 14.9211 20.4607 14.0203 13.852 13.7688 13.4079 13.0544 12.6463 12.4812 12.2525 13.4716 12.1786 11.6031 11.3851 11.2028 12.6159 12.4507 10.9035 15.312
threshold=0.20041928440332415 -0.61651775240898121 -0.62996730208396901 -1.0051001310348509 -0.035887416452169411 -0.88839909434318531 -0.57617810368537892 -1.2566683888435362 0.3613171130418778 -0.45125605165958399 0.45671476423740393 -0.33925646543502802 0.0013134655891917648 2.5065044164657597 0.19888952374458316 -0.74350395798683155 1.2401142716407778 -0.12773868441581723 -0.21179886907339093 -0.090525127947330461 -0.21196060627698896 0.19051846861839297 -0.98843640089035023 2.3665641546249394 0.598431557416916 -0.30435359477996821 0.095727127045393004 -0.85637414455413807 1.8986844420433047 1.5749880075454714
decision_type=2 2 2 2 2 2 2 2 2 2 2 2 2 2 2 2 2 2 2 2 2 2 2 2 2 2 2 2 2 2
left_child=1 4 -2 5 17 -3 7 14 18 11 -11 12 24 -9 16 -6 -5 -1 25 -12 -20 -22 -7 -13 -4 27 -27 -8 -10 -30
right_child=2 3 9 6 15 22 8 13 28 10 19 23 -14 -15 -16 -17 -18 -19 20 -21 21 -23 -24 -25 -26 26 -28 -29 29 -31
leaf_value=0.023014131734425645 0.015837763391889456 0.021976196155039179 0.020215877435630965 -0.02479301891974053 0.042441141754974952 -0.027858106560256113 -0.032552628250554876 0.0070792432409234607 0.0057749195813124356 -0.0210916658050735 -0.037972494517217729 -0.00077413190261356349 -0.032611094413492719 0.052526193793918069 0.045077087362717025 0.020502647488931169 0.021344926746183653 -0.024346240354778035 -0.010184925482689011 -0.0066626510209830125 0.0094066114060709916 -0.045990107404976791 0.005871975700820143 -0.034920502974123385 -0.013458877771003739 -0.029679709278709637 -0.0081823645592295057 -0.0026440608199369713 -0.049314042827327757 0.016615484409773121
leaf_weight=23.344693571329117 159.62129840254784 358.12470638751984 37.223283290863037 106.36580240726471 105.43133619427681 33.48905822634697 37.655915528535843 1055.5775454342365 624.96015620231628 551.26143795251846 34.186708509922028 571.99582895636559 111.28491321206093 17.24748170375824 9.3679956793785077 222.35163304209709 18.48276287317276 38.62238410115242 155.13728004693985 461.71583843231201 278.56322357058525 11.424773603677748 133.20350068807602 26.009804666042328 77.063102334737778 119.95685774087906 158.3235981464386 458.33156895637512 21.542674243450165 14.896302014589308
leaf_count=64 443 1013 101 290 306 92 103 2911 1718 1486 92 1547 300 48 26 625 51 106 424 1251 761 31 369 70 208 327 432 1258 59 41
internal_value=3.07565e-05 0.00472811 -0.00922903 0.00284928 0.0221433 0.0147088 0.000833592 0.00543337 -0.00211842 -0.0113679 -0.0152807 -0.0063927 -0.0173506 0.00780988 -0.0135627 0.0275592 -0.0179627 -0.00650429 -0.00555896 -0.0088211 0.00115664 0.00722412 -0.000904504 -0.0022593 -0.00249095 -0.00941974 -0.0174491 -0.00491475 0.00422475 -0.022362
internal_weight=6032.76 4002.4 2030.36 3612.65 389.75 524.817 3087.83 1207.04 1880.79 1870.74 1047.16 823.577 225.571 1072.83 134.217 327.783 124.849 61.9671 1219.39 495.903 445.125 289.988 166.693 598.006 114.286 774.268 278.28 495.987 661.399 36.439
internal_count=16553 11055 5498 9954 1101 1474 8480 3326 5154 5055 2829 2226 609 2959 367 931 341 170 3336 1343 1216 792 461 1617 309 2120 759 1361 1818 100
is_linear=0
shrinkage=0.05


Tree=17
num_leaves=31
num_cat=0
split_feature=34 43 43 4 44 39 12 31 42 46 33 40 29 12 43 6 31 41 33 38 6 44 11 30 41 7 37 33 33 32
split_gain=62.4599 36.0762 30.1993 27.2171 15.7087 14.752 12.7431 14.8572 14.4404 13.7434 13.0796 14.4607 12.8459 12.5267 11.8815 11.3237 10.713 17.0175 12.2208 10.6714 11.9115 11.2712 12.3361 11.8754 10.3982 13.4722 13.0607 12.0072 11.1218 10.7015
threshold=0.33649915456771856 -0.62996730208396901 -0.6223001480102538 -1.0423744320869444 1.031714975833893 -0.54103040695190419 -1.3530143499374387 -0.39936891198158259 -0.48727098107337946 -0.049984617158770554 0.28514595329761511 1.1192413568496706 4.5484745502471933 -0.86907842755317677 1.98363733291626 -1.6708117127418516 -1.5011441111564634 -1.0113496780395506 -0.60462111234664906 -0.086015056818723665 0.056138388812541969 0.8125080168247224 0.29064868390560156 0.86446183919906627 -0.44764967262744898 0.41774159669876104 1.6193235516548159 -0.025815213099122044 0.15983477234840396 -1.0281366705894468
decision_type=2 2 2 2 2 2 2 2 2 2 2 2 2 2 2 2 2 2 2 2 2 2 2 2 2 2 2 2 2 2
left_child=2 -2 -1 4 5 13 8 -8 9 -3 11 15 14 -4 -12 -9 17 -5 -19 20 -18 23 -23 -22 25 27 29 -17 -29 -26
right_child=1 6 3 16 -6 -7 7 10 -10 -11 12 -13 -14 -15 -16 24 19 18 -20 -21 21 22 -24 -25 26 -27 -28 28 -30 -31
leaf_value=-0.021161659096410466 -0.020374902687164128 0.027090303063419963 0.095451513137060962 0.070557762710484903 -0.023327341344550792 0.018870494733165044 -0.015204876968809658 0.064465012209185921 -0.0043901820826385681 0.076273061723007685 0.006831187549285603 0.062376775233135333 0.054215304005908738 0.0041579191027039004 0.038597625899622665 0.11671206021311882 -0.0033238432400730816 -0.0090253633569985278 0.048341425502762256 -0.0066654863916801648 0.0033340361208010491 0.063531066820886592 -0.0082239252562727634 0.062161177381197752 0.05985700054605169 -0.0097230131837850071 0.053309290249367751 0.0038633791663481437 0.077234945562684371 -0.014537515370549642
leaf_weight=237.46713329851627 94.170439049601555 86.822682335972786 12.647059410810472 11.850471287965773 18.118183061480522 93.052352547645569 55.674166783690453 12.040690854191778 29.723168715834618 16.982193887233734 766.63243171572685 22.270477518439293 15.359462559223173 5.3456690907478324 30.611011028289795 5.8954562246799496 601.39920355379581 40.262502431869507 12.065710365772246 1570.8290403038263 189.33392305672169 18.462168872356418 8.8664034903049451 8.9860757589340192 5.3235226869583121 12.180862605571745 10.340761139988897 11.808999806642534 9.1798909306526166 52.564123511314392
leaf_count=1048 395 322 49 45 71 359 225 45 114 61 2952 85 58 21 117 21 2457 160 47 6597 769 75 36 34 20 48 39 46 36 201
internal_value=3.02952e-06 0.00937171 -0.00409587 -0.00253191 0.0198408 0.0268841 0.0118216 0.00990226 0.0263379 0.0351365 0.0113672 0.0253903 0.00892347 0.068328 0.00805089 0.0184878 -0.00370561 0.0164546 0.00420213 -0.0042452 0.000351708 0.0101478 0.0402511 0.00599955 0.0133281 0.0338989 0.00155004 0.0536633 0.0359538 -0.00769597
internal_weight=4066.27 1237.58 2828.69 2591.22 129.163 111.045 1143.41 1009.88 133.528 103.805 954.208 141.605 812.603 17.9927 797.243 119.334 2462.06 64.1787 52.3282 2397.88 827.048 225.649 27.3286 198.32 107.294 39.0652 68.2284 26.8843 20.9889 57.8876
internal_count=16553 4785 11768 10720 500 429 4390 3893 497 383 3668 541 3127 70 3069 456 10220 252 207 9968 3371 914 111 803 411 151 260 103 82 221
is_linear=0
shrinkage=0.05


Tree=18
num_leaves=31
num_cat=0
split_feature=29 33 30 6 9 31 33 30 45 33 32 34 40 46 41 45 4 40 6 32 36 30 31 5 6 46 30 31 46 32
split_gain=54.1863 29.0414 17.9276 15.9867 15.9663 14.6976 13.8044 15.545 13.6992 12.8374 12.7115 12.695 11.8825 11.4193 11.3672 14.5895 15.1125 12.8513 10.2628 10.2388 10.7852 10.3685 10.3642 20.3218 13.4887 11.984 14.1339 9.7698 10.3677 13.0894
threshold=-0.28964938223361963 -0.99498742818832386 -0.9103555679321288 -1.2845806479454038 0.78966063261032116 -1.573505103588104 1.3735949397087099 3.0270953178405766 0.57345625758171093 -0.85558548569679249 1.9340653419494631 -1.0119316577911375 0.12914980947971347 0.52033153176307689 -0.17954519391059873 -0.037264194339513772 0.032144222408533103 -1.3124120831489561 -0.026441923342645165 1.8820862770080569 1.0284180045127871 -0.33716426789760584 0.17874972522258761 -0.3781821727752685 0.55039831995964061 1.7183499336242678 0.1141098663210869 -0.38982433080673212 -0.31415463984012598 -0.91648313403129567
decision_type=2 2 2 2 2 2 2 2 2 2 2 2 2 2 2 2 2 2 2 2 2 2 2 2 2 2 2 2 2 2
left_child=1 2 -1 -2 6 9 7 11 14 -3 -8 -5 -4 -6 15 16 -7 -17 -12 21 -21 -15 23 24 -23 26 -25 -19 -29 -30
right_child=3 5 12 4 13 8 10 -9 -10 -11 18 -13 -14 19 -16 17 -18 27 -20 20 -22 22 -24 25 -26 -27 -28 28 29 -31
leaf_value=-0.026789348140803505 -0.0054114267601849909 0.093174039870241032 0.0070983445884032874 0.066838997451308516 -0.0089776281568698102 -0.0038005045066628186 0.0197322163487453 0.088395568683892395 0.027556752125627013 0.011472347245155298 0.11601879146047421 0.0070432012242867357 -0.024673705041998464 -0.022216622303316075 -0.0092692909486134997 0.046825015082635486 0.027978875294752754 -0.011099222230138575 0.02465768381975077 -0.007289976095653356 0.064749719263396829 0.010010463479622219 0.0003731879945089829 -0.029330828834266243 0.098291856628526228 0.073196223225175855 0.035242589615586281 -0.011982980202298144 -0.00085767188573729065 0.028301328070500849
leaf_weight=245.95859758555889 316.47911402583122 6.9792079776525524 85.396479412913322 8.9351840019226056 237.16665425896645 68.513305187225342 120.30713424086571 5.9554283618926993 33.808435842394829 15.454046517610548 6.5314571857452393 1346.5218680948019 44.900478377938271 34.807487860321999 684.05027407407761 12.205084964632986 82.40441457927227 303.5351844727993 5.8065421879291517 8.192191034555437 14.202917411923407 6.6453028023242977 156.82279497385025 22.786927253007889 12.402007222175596 5.6120826900005332 13.491409197449682 85.743016809225082 109.81459194421768 59.253780290484428
leaf_count=1117 1247 27 348 31 939 271 442 20 127 58 23 5176 192 139 2816 46 316 1247 21 30 51 26 614 90 48 22 53 343 440 233
internal_value=-4.32756e-05 -0.0064576 -0.0188456 0.00503263 0.0066802 -0.00326895 0.00929171 0.00779152 -0.00389487 0.0368906 0.024689 0.00743738 -0.00385034 -0.000938484 -0.00465141 -0.000273032 0.0135517 -0.00392985 0.0730222 0.0059956 0.0383974 0.00312254 0.00717283 0.0246717 0.0674919 0.00520157 -0.00531687 -0.00503932 0.00217933 0.00936175
internal_weight=4160.68 1838.02 376.256 2322.67 2006.19 1461.76 1494.06 1361.41 1439.33 22.4333 132.645 1355.46 130.297 512.13 1405.52 721.469 150.918 570.552 12.338 274.963 22.3951 252.568 217.761 60.9377 19.0473 41.8904 36.2783 558.347 254.811 169.068
internal_count=16553 7581 1657 8972 7725 5924 5713 5227 5839 85 486 5207 540 2012 5712 2896 587 2309 44 1073 81 992 853 239 74 165 143 2263 1016 673
is_linear=0
shrinkage=0.05


Tree=19
num_leaves=31
num_cat=0
split_feature=34 43 43 33 45 5 0 37 46 10 29 44 45 33 4 29 37 33 29 36 2 32 45 10 43 3 40 45 5 41
split_gain=93.8432 47.8891 38.7756 31.1566 22.7562 18.5305 15.0989 14.867 13.4847 14.13 15.0673 13.9595 18.8511 13.137 11.8543 11.7325 13.0317 11.8284 12.1109 13.713 10.8424 10.415 12.7455 10.0937 9.85512 9.78786 9.85764 9.68097 9.27533 9.18536
threshold=0.20041928440332415 -0.61651775240898121 -0.62996730208396901 -1.0051001310348509 -0.035887416452169411 0.88388609886169445 -0.17229985445737836 -0.41450989246368403 -0.45125605165958399 0.71034356951713573 1.6525338888168337 -0.33925646543502802 0.0013134655891917648 -0.74350395798683155 -1.3004500269889829 -0.29656115174293513 -2.1190954446792598 -0.28387139737606043 0.071214661002159133 1.5398541092872622 -0.85378634929656971 -0.9938804805278777 0.0085274130105972307 0.46974007785320288 -0.73209854960441578 0.96328186988830578 0.52299928665161144 0.015055172611027958 -0.36117205023765558 -1.0001796483993528
decision_type=2 2 2 2 2 2 2 2 2 2 2 2 2 2 2 2 2 2 2 2 2 2 2 2 2 2 2 2 2 2
left_child=1 4 -2 6 7 15 -3 -1 11 14 -11 12 20 -6 -10 16 -5 23 -19 -20 -4 22 -8 25 -9 26 -17 -13 -12 -23
right_child=2 3 8 5 13 -7 21 24 9 10 28 27 -14 -15 -16 17 -18 18 19 -21 -22 29 -24 -25 -26 -27 -28 -29 -30 -31
leaf_value=0.033171870864730446 0.015009135058595656 0.0011463316202682359 -0.019015259126508838 -0.038254532687058619 0.041206043346405784 0.010342271440688833 0.033833875300076699 -0.048587846480497313 -0.038149010810969018 -0.0012605189288024227 -0.0051730205867879095 0.0041299038846786141 -0.031142459819051151 0.019622378637020103 -0.01643818754726455 -0.0086575382584705794 0.0026189990722382279 -0.0069424869708334868 0.010097396448826613 -0.033723968701442029 0.011890740020594094 -0.0068765254293100073 -0.016222721949910618 -0.00048769945501069088 -0.0012730436420236536 -0.04319758658908221 -0.032160331021619956 -0.0086014375832150752 -0.042636733133902788 0.018069918331131859
leaf_weight=17.059996724128723 158.7445182800293 159.03618094325066 52.34046944975853 19.758582919836044 103.57699289917946 435.02165439724922 142.31640723347664 19.339476853609085 69.883379638195038 284.19661062955856 27.858463495969772 312.91875901818275 111.66501468420029 220.75682598352432 626.73711389303207 273.54304081201553 1496.2801474928856 296.85739901661873 280.4625968337059 19.066252410411835 61.984407633543015 48.1317478120327 13.964456796646116 183.55767372250557 25.538626134395599 28.1894710958004 53.308878719806671 285.59820637106895 40.598094522953033 158.11679437756538
leaf_count=47 443 444 141 54 306 1201 409 53 187 770 75 846 300 625 1688 746 4126 811 767 52 168 136 39 501 70 77 145 771 109 446
internal_value=2.84817e-05 0.00447953 -0.00871777 0.00268799 0.0212118 0.000777745 0.0139907 -0.00655918 -0.0107279 -0.0144879 -0.0063329 -0.00594292 -0.0165306 0.0265152 -0.0186162 -0.000791752 0.00208629 -0.00463606 0.000214666 0.00730798 -0.00225871 0.0196253 0.0293611 -0.0100072 -0.0216626 -0.0149288 -0.0124908 -0.00194519 -0.0273908 0.0122482
internal_weight=6026.41 3993.88 2032.53 3607.61 386.272 3086.05 521.566 61.9381 1873.78 1049.27 352.653 824.507 225.99 324.334 696.62 2651.02 1516.04 1134.99 596.386 299.529 114.325 362.529 156.281 538.599 44.8781 355.041 326.852 598.517 68.4566 206.249
internal_count=16553 11055 5498 9954 1101 8480 1474 170 5055 2829 954 2226 609 931 1875 7279 4180 3099 1630 819 309 1030 448 1469 123 968 891 1617 184 582
is_linear=0
shrinkage=0.05


Tree=20
num_leaves=31
num_cat=0
split_feature=43 34 4 44 5 46 37 41 12 41 41 29 7 32 7 11 29 3 8 41 41 32 44 31 41 5 8 38 34 1
split_gain=56.6115 58.6747 25.2218 14.442 12.9583 15.8127 19.0872 16.533 15.6574 14.2324 13.9509 13.9779 13.1829 15.2383 12.7915 12.7055 10.5577 10.593 14.257 12.1211 11.4035 17.6247 10.4715 10.3404 15.0713 15.7129 10.4675 11.1576 11.4927 10.034
threshold=-0.62996730208396901 0.33649915456771856 -1.0423744320869444 1.031714975833893 -0.47666722536087031 -1.0532586574554441 -0.81100264191627491 1.6477258801460268 -0.63993400335311879 1.3465836644172671 1.5480439066886904 1.0961436033248904 0.59655404090881359 -0.10525162518024443 -1.3375892043113706 -1.2919065952301023 0.65758138895034801 0.014695664867758753 0.080009859055280699 -0.49885663390159601 -1.0001796483993528 0.30445018410682684 -0.83312565088272084 -1.5011441111564634 -1.0113496780395506 0.71587252616882335 -0.2040794491767883 -0.85386937856674183 -1.3383567929267881 -1.2933723926544187
decision_type=2 2 2 2 2 2 2 2 2 2 2 2 2 2 2 2 2 2 2 2 2 2 2 2 2 2 2 2 2 2
left_child=-1 2 3 15 5 8 -7 12 10 16 14 -12 13 -8 -3 -2 17 18 20 -20 21 -6 -18 24 -4 -26 27 -25 -29 -22
right_child=1 4 23 -5 9 6 7 -9 -10 -11 11 -13 -14 -15 -16 -17 22 -19 19 -21 29 -23 -24 26 25 -27 -28 28 -30 -31
leaf_value=-0.020428727776529362 0.069023465004130438 -0.012620580762286712 0.06595354928312934 -0.022884411221162006 -0.0081425400518130419 0.043320228624295326 0.047012197331266985 -0.025151234299846677 -0.013226123045520342 0.026227277458133615 0.086344272480397152 0.013748570811254024 -0.0050834794684606124 0.016460347023604681 0.029723140784949711 0.019030250275712868 0.046921902731703963 -0.012892034184454752 0.0066045614846205851 0.071057630106184599 0.015793034592739674 0.08719958691598742 0.0077843326773244098 -0.013956962790625728 -0.0069836904339336398 0.069090801771474794 -0.006236710590192391 -0.036076554456761049 0.0049793006930777869 -0.021432030776445548
leaf_weight=312.94810557365417 14.579866349697111 40.441603019833565 12.274256661534308 17.891415745019913 11.467008069157602 87.400356963276863 58.45676600933075 22.018113285303116 71.908284887671471 78.710086941719055 12.690747931599619 13.885886520147322 42.45292617380619 135.22355437278748 31.906855523586273 99.042402535676956 18.270490869879723 142.88519613444805 15.188030108809473 14.035310640931128 26.197801440954208 8.3965142667293531 264.67673081159592 104.93414387106895 45.069455057382584 7.9911198914051047 1708.6163206994534 17.572862148284912 568.13654762506485 58.584540948271751
leaf_count=1392 53 151 45 71 44 317 217 83 274 292 47 51 165 507 117 379 69 560 59 54 99 31 1025 426 180 30 7208 73 2306 228
internal_value=2.07032e-06 0.00170667 -0.00246413 0.0188704 0.0110831 0.0169722 0.0231242 0.0162866 0.00452834 0.00631955 0.017434 0.0484141 0.0201505 0.0256815 0.00605369 0.0254453 0.00351995 -0.0034236 0.00668253 0.0375599 -0.00194027 0.0321596 0.0103115 -0.00360256 0.0160235 0.00447341 -0.00413701 0.00105755 0.00374751 -0.00992946
internal_weight=4063.85 3750.91 2596.11 131.514 1154.8 516.385 345.552 258.151 170.833 638.412 98.9251 26.5766 236.133 193.68 72.3485 113.622 559.702 276.754 133.869 29.2233 104.646 19.8635 282.947 2464.59 65.3348 53.0606 2399.26 690.644 585.709 84.7823
internal_count=16553 15161 10771 503 4390 1929 1289 972 640 2461 366 98 889 724 268 432 2169 1075 515 113 402 75 1094 10268 255 210 10013 2805 2379 327
is_linear=0
shrinkage=0.05


Tree=21
num_leaves=31
num_cat=0
split_feature=29 30 6 9 45 41 38 45 31 31 42 45 31 45 43 46 3 35 34 41 30 35 29 30 44 9 5 31 30 41
split_gain=48.7905 16.5332 14.6718 14.8186 13.0017 10.5359 11.2038 11.2175 17.4178 15.75 13.6973 14.5066 13.585 12.1718 12.1268 10.5155 10.2075 10.1484 11.0163 10.1162 10.5916 10.713 9.61187 11.9193 10.4274 10.1828 9.57295 10.1756 10.0662 10.3527
threshold=-0.28964938223361963 -1.0215784311294553 -1.2845806479454038 0.78966063261032116 0.57345625758171093 2.1557163000106816 -1.7284034490585325 -0.035887416452169411 -0.44623841345310206 -0.60454061627387989 0.68058478832244884 -0.086679875850677476 0.97028192877769481 -0.077597115188837038 -0.68796068429946888 0.52033153176307689 -0.32540510594844813 3.1883442401885991 -1.0119316577911375 -1.5839917659759519 0.30713847279548651 -0.64580491185188282 1.4994291067123415 1.3183202147483828 0.20358233153820041 -1.8213428258895872 -1.4371433854103086 1.0427043437957766 2.5826812982559209 0.42082852125167852
decision_type=2 2 2 2 2 2 2 2 2 2 2 2 2 2 2 2 2 2 2 2 2 2 2 2 2 2 2 2 2 2
left_child=1 -1 22 17 5 6 -3 8 9 10 11 -8 -10 16 -9 -5 -11 18 -4 20 21 -20 -2 25 -25 -24 27 -21 29 -28
right_child=2 4 3 15 -6 -7 7 14 12 13 -12 -13 -14 -15 -16 -17 -18 -19 19 26 -22 -23 23 24 -26 -27 28 -29 -30 -31
leaf_value=-0.016374295692086992 -0.011189403140855016 0.051762754570280872 0.062885481653513972 -0.0087667819275787009 0.027442492962275224 -0.02784891266892639 -0.021084632320053746 -0.026865379536582686 -0.01588305559944668 -0.019962106783753999 0.032998327808464283 0.019546522115068368 0.030448280704305004 0.083415990091434911 -0.0051782101215135483 0.0056005273814450258 0.043582569392299431 0.043322174209642517 0.0011595957103087381 0.041759134766126429 -0.014015076660408547 0.084603760140283979 0.069521644960577583 0.027616048273788538 -0.01573471251189152 0.010095282746189311 0.008812250025976253 0.0036615430537407265 0.052597156374578992 -0.00093837735154890317
leaf_weight=325.48888592422009 216.13278633356094 8.9956734925508481 9.19845202565193 236.127108335495 32.287212416529655 47.296742975711823 52.43715925514698 68.689986005425453 111.45123541355133 9.0723223984241503 34.447788059711456 37.806478962302208 18.439152806997299 12.28641055524349 1046.384998947382 276.47174461185932 20.829983666539192 21.02289867401123 5.5152465105056807 40.570277869701385 6.7369334101676932 12.711947292089462 12.033680617809297 19.151041194796562 50.318019032478333 17.978047162294388 989.81505525112152 30.857943162322044 11.755620941519735 375.49707108736038
leaf_count=1448 858 35 31 939 119 199 214 310 446 37 137 149 72 48 4286 1073 81 75 20 145 25 44 47 74 198 70 3763 117 41 1452
internal_value=-3.81311e-05 -0.00615909 0.00475469 0.00632382 -0.0039431 -0.00463333 -0.00386053 -0.00421494 0.00442411 0.0151108 0.00617594 -0.0040627 -0.00930589 0.0415183 -0.00651417 -0.00101773 0.0243032 0.00882652 0.0083374 0.00799687 0.039555 0.0593549 -0.00526963 0.00759173 -0.00378389 0.0339232 0.00745299 0.0253005 0.00652724 0.00613057
internal_weight=4157.81 1825.91 2331.89 2016.28 1500.43 1468.14 1420.84 1411.85 296.771 166.88 124.691 90.2436 129.89 42.1887 1115.07 512.599 29.9023 1503.68 1482.66 1473.46 24.9641 18.2272 315.614 99.4808 69.4691 30.0117 1448.5 71.4282 1377.07 1365.31
internal_count=16553 7581 8972 7725 6133 6014 5815 5780 1184 666 500 363 518 166 4596 2012 118 5713 5638 5607 89 64 1247 389 272 117 5518 262 5256 5215
is_linear=0
shrinkage=0.05


Tree=22
num_leaves=31
num_cat=0
split_feature=34 43 43 33 30 5 31 31 29 33 46 39 44 9 11 29 37 46 31 31 46 31 34 33 6 11 10 11 8 34
split_gain=83.7342 43.8641 34.7626 28.014 20.7717 17.0982 14.752 18.1474 14.5683 12.9241 12.3833 13.8788 12.8453 11.6942 11.1094 12.9392 11.061 11.042 10.8795 10.5945 10.3865 10.1727 11.1524 10.4382 12.7995 10.1185 10.0794 10.0083 9.78105 9.48043
threshold=0.20041928440332415 -0.61651775240898121 -0.62996730208396901 -1.0051001310348509 -0.88839909434318531 0.88388609886169445 -0.57617810368537892 -1.235995829105377 -0.28964938223361963 0.19888952374458316 -0.45125605165958399 0.45671476423740393 -0.33925646543502802 0.28237013518810278 -0.090525127947330461 1.6525338888168337 0.453491821885109 -0.98843640089035023 -0.75638058781623829 2.3665641546249394 0.31943638622760778 -0.74411284923553456 -0.93728944659233082 -1.0371274948120115 0.51379194855690014 0.50924068689346325 0.68163657188415538 0.64317697286605846 -1.2863351702690122 0.6487756371498109
decision_type=2 2 2 2 2 2 2 2 2 2 2 2 2 2 2 2 2 2 2 2 2 2 2 2 2 2 2 2 2 2
left_child=1 13 -2 4 -3 6 7 9 -9 26 12 -12 29 25 -13 -16 -17 -6 -10 28 -8 23 -23 24 -19 -1 -5 -20 -14 -4
right_child=2 3 10 5 17 -7 20 8 18 -11 11 14 19 -15 15 16 -18 21 27 -21 -22 22 -24 -25 -26 -27 -28 -29 -30 -31
leaf_value=0.029996672810630665 0.014298097934485686 0.020161535088445232 -0.0026956147853860308 -0.023345210888828696 -0.02688748438681552 0.0099222471588025791 -0.0072348422448278481 0.010617669220355199 -0.011728651774636792 0.043680732386638658 -0.019173059318310016 -0.035101595054433096 -0.0084276946826921679 0.0084740406987575158 -0.0018925577013814915 0.0072293201530783799 -0.03568647962177611 -0.0049232933858134173 0.0010231276465432436 -0.032854132382109401 0.0009072727147971532 0.030885964332807814 -0.034246965572495243 0.035406215788335797 -0.066034728487299257 -0.004876560636105475 0.017316197832191828 0.036706805642957918 0.0049577055943798402 -0.023749815432861008
leaf_weight=225.08161246776581 157.94814202189445 352.08578887581825 86.630765974521637 107.09652984142303 33.602041184902191 433.89159193634987 927.06107768416405 627.35904937982559 158.65781629085541 9.2539705932140333 553.47411385178566 34.346032440662384 224.39969578385353 134.72455343604088 385.90664091706276 20.420180410146713 56.711904317140579 55.29954469203949 100.56678068637848 26.110563844442368 678.23467689752579 46.919999808073044 7.6426613628864279 12.53946742415428 10.1391264796257 22.918252497911453 17.769763618707657 24.421824336051941 348.3286295235157 139.67118406295776
leaf_count=652 443 1013 234 291 92 1201 2534 1741 435 26 1486 92 604 384 1044 55 152 154 275 70 1861 131 21 35 28 65 49 67 943 375
internal_value=2.53583e-05 0.00423837 -0.00822951 0.00252861 0.0132851 0.000721297 -0.00078496 0.00383812 0.00636614 -0.0133333 -0.0101262 -0.0137259 -0.00554183 0.0203321 -0.00766444 -0.00562928 -0.0243248 -0.00128719 -0.00303724 -0.00170681 -0.00379481 0.00520305 0.0217627 -0.00638404 -0.014392 0.026774 -0.0175587 0.00799545 -0.000286805 -0.01569
internal_weight=6019.21 3985.27 2033.95 3602.54 518.229 3084.31 2650.42 1045.13 911.005 134.12 1876 1050.86 825.141 382.724 497.385 463.039 77.1321 166.143 283.646 598.839 1605.3 132.541 54.5627 77.9781 65.4387 248 124.866 124.989 572.728 226.302
internal_count=16553 11055 5498 9954 1474 8480 7279 2884 2518 366 5055 2829 2226 1101 1343 1251 207 461 777 1617 4395 369 152 217 182 717 340 342 1547 609
is_linear=0
shrinkage=0.05


Tree=23
num_leaves=31
num_cat=0
split_feature=43 34 4 5 33 7 42 5 34 46 9 12 33 30 7 46 35 30 35 33 29 5 30 31 42 8 31 34 42 6
split_gain=51.5144 52.2365 22.9769 11.6367 17.119 17.8221 17.2662 15.5549 14.9694 14.1839 23.0207 14.4527 13.6631 13.6579 13.5793 12.0901 11.9197 9.99525 22.4406 17.8754 13.9002 12.0523 10.5898 10.1198 17.3139 15.8903 13.2077 11.2277 17.5965 11.4753
threshold=-0.62996730208396901 0.33649915456771856 -1.0423744320869444 -0.47666722536087031 0.09066911414265634 -0.038918141275644295 1.2302190065383913 0.74953150749206554 0.96741366386413585 -1.0532586574554441 -0.26151812076568598 -0.63993400335311879 0.92297768592834484 0.49309869110584265 0.17527983337640765 0.61535122990608226 2.1217657327651982 -0.083694007247686372 1.4386261105537417 -0.29161247611045832 -0.42173933982849116 2.0209726095199589 0.82705453038215648 -0.60454061627387989 2.0937757492065434 -0.22991665452718732 -1.3980736732482908 0.065246302634477629 -0.19009931385517118 -0.068813093006610856
decision_type=2 2 2 2 2 2 2 2 2 2 2 2 2 2 2 2 2 2 2 2 2 2 2 2 2 2 2 2 2 2
left_child=-1 2 -2 9 5 -5 -7 8 -6 11 14 -3 13 -10 -11 -14 -12 18 23 20 22 -21 -19 26 25 27 -4 -25 29 -29
right_child=1 3 17 4 7 6 -8 -9 12 10 16 -13 15 -15 -16 -17 -18 19 -20 21 -22 -23 -24 24 -26 -27 -28 28 -30 -31
leaf_value=-0.019722377573519322 0.017887760320444323 0.016424634370831092 0.012124881478744534 0.076664134318263799 -0.011118108144592036 -0.020941183020796592 0.072497598884192049 0.014161290005613607 -0.028558725441342643 0.048605163352295075 0.016663477627534715 -0.012998705922907132 -0.0075008050344415314 0.048576892741252445 -0.022780786382892548 0.030154926245918992 -0.029656913759309608 -0.024075537860768326 0.10241495348218005 -0.016901468885883911 0.011594905486937816 0.052591138143482707 0.036425112112503495 0.0078843480998172111 0.080567896224209526 -0.0028977283827288174 -0.0074849550151811599 0.0017673480812152407 0.10788951489977722 0.086487610672133231
leaf_weight=306.0924901664257 133.08920396864414 100.13567015528679 95.311856508255005 16.873400211334229 213.92734925448895 15.503673240542414 7.2588303089141837 226.23094262182713 6.988732397556304 85.621011093258858 243.6359800696373 71.561280891299248 96.056179642677307 32.084520623087883 7.2238596081733695 27.395448878407478 14.72826601564884 56.876528441905975 5.1636705100536338 366.25294618308544 139.32988442480564 6.3474075794219962 8.2866436392068845 219.75106528401375 6.9251057952642432 654.39087535440922 866.35130821168423 19.280576363205917 7.2904501259326926 5.0422113090753546
leaf_count=1392 503 366 372 60 837 58 26 855 27 302 904 274 371 121 27 106 56 238 20 1523 575 26 34 887 28 2770 3670 77 28 20
internal_value=1.45403e-06 0.0016093 -0.00234654 0.0104011 0.00589272 0.0377225 0.0088559 0.00379941 -0.00242762 0.0159389 0.0216967 0.00416133 0.00901146 0.0347802 0.0430509 0.000855469 0.0140229 -0.00344275 -0.00167549 -0.00919846 0.00267992 -0.0157176 -0.0163818 -0.00196226 0.00180897 0.00120681 -0.0055414 0.0118924 0.0397532 0.0193302
internal_weight=4061.01 3754.91 2589.69 1165.23 642.319 39.6359 22.7625 602.683 376.452 522.906 351.209 171.697 162.525 39.0733 92.8449 123.452 258.364 2456.6 1879.51 577.093 204.493 372.6 65.1632 1874.34 912.68 905.755 961.663 251.364 31.6132 24.3228
internal_count=16553 15161 10771 4390 2461 144 84 2317 1462 1929 1289 640 625 148 329 477 960 10268 7872 2396 847 1549 272 7852 3810 3782 4042 1012 125 97
is_linear=0
shrinkage=0.05


Tree=24
num_leaves=31
num_cat=0
split_feature=29 33 30 31 6 9 33 30 45 40 33 32 34 3 46 30 5 5 35 38 38 45 34 45 3 34 33 5 32 34
split_gain=44.007 25.7536 16.8086 13.542 13.5261 13.5568 11.8413 13.1487 11.686 11.0966 10.9255 10.7463 10.1782 10.0929 9.86625 9.71216 15.0158 20.0789 19.2034 14.6345 11.0448 9.84785 10.9664 9.59068 10.8907 9.06083 21.4866 13.4178 12.804 10.8914
threshold=-0.28964938223361963 -0.99498742818832386 -0.9103555679321288 -1.573505103588104 -1.2845806479454038 0.78966063261032116 1.3735949397087099 3.0270953178405766 0.57345625758171093 0.12914980947971347 -0.85558548569679249 1.9340653419494631 -1.0119316577911375 1.0700228214263918 0.52033153176307689 -0.15621769428253171 -0.49959206581115717 -0.20097546279430387 -0.010718080680817364 -0.15892418473958966 -1.7284034490585325 -0.035887416452169411 -0.3348130583763122 -0.086679875850677476 -0.2468868866562843 -0.85365936160087574 -0.66933017969131459 -0.84161880612373341 -0.92709195613861073 -0.2597456276416778
decision_type=2 2 2 2 2 2 2 2 2 2 2 2 2 2 2 2 2 2 2 2 2 2 2 2 2 2 2 2 2 2
left_child=1 2 -1 10 -2 6 7 12 15 -4 -3 -8 -6 -13 -7 21 20 18 19 -18 -17 22 23 24 -5 26 27 28 -23 -27
right_child=4 3 9 8 5 14 11 -9 -10 -11 -12 13 -14 -15 -16 16 17 -19 -20 -21 -22 25 -24 -25 -26 29 -28 -29 -30 -31
leaf_value=-0.025707866473974612 -0.0051436778665732473 0.085586850410015333 0.0072702024268835666 -0.029421492114835496 0.05817331565024017 -0.0085658427977114981 0.017885160991237287 0.078997714595813673 0.025149932292023166 -0.023770414242443891 0.011487287607246795 0.11070016145249371 0.0062960976777923297 0.022559845999490347 0.0053553305234733915 0.034119284638627873 0.042403051559941257 0.0051245977623016782 0.0043240674122196881 0.13741471346663878 -0.01757846685121316 0.10480331227550357 -0.016065412521164286 0.024349115853696087 0.0087781469210928571 -0.014697461571086402 0.030111030043074551 -0.014749980213406556 -0.0062748568270737885 0.00049926751159898243
leaf_weight=235.42922788858414 314.80350166559219 7.3375546634197262 85.105241894721985 24.338327020406723 9.5210303366184217 235.13750548660755 122.94932746887207 6.3102461695671073 34.719840705394745 43.512222498655319 15.446256712079046 6.3604871034622175 1361.0745861679316 6.6371332705020905 277.45254987478256 11.635528236627577 8.8369538336992282 172.22212193906307 12.883717015385626 7.4863469898700741 92.170690909028053 4.7798643112182617 57.243739694356918 64.86430449783802 79.951924219727516 542.45573846995831 47.30532231926918 110.56415091454983 5.6740108877420408 150.64474382996559
leaf_count=1117 1247 27 348 101 31 939 442 20 127 192 58 21 5176 23 1073 44 35 684 52 29 377 20 230 254 317 2262 196 471 24 616
internal_value=-3.29262e-05 -0.00587669 -0.0177668 -0.00289263 0.00449828 0.00599688 0.00837797 0.006988 -0.0035029 -0.00323106 0.0353511 0.0224559 0.00665647 0.065692 -0.00103065 -0.00421703 0.0036644 0.0116256 0.0499592 0.0859782 -0.0117837 -0.00642851 0.00285119 0.00925277 -0.000136544 -0.00886738 0.00153832 -0.00963061 0.0445138 -0.0113945
internal_weight=4154.85 1814.61 364.047 1450.56 2340.25 2025.44 1512.85 1376.91 1427.78 128.617 22.7838 135.947 1370.6 12.9976 512.59 1393.06 305.235 201.429 29.207 16.3233 103.806 1087.82 226.398 169.155 104.29 861.424 168.323 121.018 10.4539 693.1
internal_count=16553 7581 1657 5924 8972 7725 5713 5227 5839 540 85 486 5207 44 2012 5712 1221 800 116 64 421 4491 902 672 418 3589 711 515 44 2878
is_linear=0
shrinkage=0.05


Tree=25
num_leaves=31
num_cat=0
split_feature=34 33 30 31 31 41 41 5 41 33 33 35 31 30 37 29 40 5 46 37 41 30 35 29 5 31 31 32 30 33
split_gain=74.9029 32.8935 18.2412 15.5414 23.9427 16.1185 15.2264 15.1502 12.8856 12.6926 12.3834 13.2427 16.5094 11.1357 19.8592 10.4716 10.5849 11.7875 10.2479 13.6064 11.9272 13.2274 11.6515 19.1931 11.0842 10.4336 10.3879 10.3467 10.5733 13.0354
threshold=0.20041928440332415 -1.0051001310348509 -0.88839909434318531 -1.3239342570304868 -0.57617810368537892 -1.5112424492835996 2.5065044164657597 0.40530830621719366 0.91473400592803966 -0.56009113788604725 -1.0371274948120115 -0.64580491185188282 -0.7508745789527892 -0.40606559813022608 -0.43634898960590357 -0.95030164718627919 0.32976406812667852 0.20237191766500476 -0.48945710062980646 -0.56700110435485829 -0.078982710838317857 -0.0092012579552829248 0.20053719729185107 1.7097541093826296 -0.30296912789344782 1.9756956100463869 1.0674789547920229 2.2692905664443974 0.84760031104087841 1.9495008587837221
decision_type=2 2 2 2 2 2 2 2 2 2 2 2 2 2 2 2 2 2 2 2 2 2 2 2 2 2 2 2 2 2
left_child=1 2 -1 15 6 -6 9 -7 10 13 11 12 -4 -5 -15 -3 17 -17 20 -20 21 -2 -21 24 -24 -25 27 28 -22 -30
right_child=18 3 8 4 5 7 -8 -9 -10 -11 -12 -13 -14 14 -16 16 -18 -19 19 22 26 -23 23 25 -26 -27 -28 -29 29 -31
leaf_value=0.021285377688281419 0.025782136417599952 -0.041000342806865195 -0.015767171827414907 0.016014855278502167 -0.030431356690374792 -0.0029171741057494316 0.050584973785817527 0.0062723600726328384 0.038122582196949494 0.0027472564556548624 0.024968885810071038 -0.029173039874801722 0.028543944409371077 0.026300510586125755 -0.023419741525111976 -0.049171733352166069 0.019346978736224894 -0.0019802451546097493 -0.023106808072035433 -0.014590483683892728 -0.0086587297732938565 -0.00075262492672056403 0.012128342813107418 -0.033489558722340274 -0.004695161842429095 -0.00057452006795555765 0.002631252053354639 0.016335125938124136 -0.031978718680858768 0.02257662952342929
leaf_weight=386.81058347225189 56.629886388778687 30.606667727231979 49.537347763776779 477.7280493080616 44.056052207946777 1348.2090315520763 20.949895441532135 672.09522464871407 22.385025143623352 635.51399809122086 33.600586771965027 50.724116593599319 36.515646070241928 33.251709491014481 50.712509274482727 20.605082452297211 26.443388104438782 36.980776101350784 189.67663013935089 431.72782984375954 231.7776911854744 275.21815720200539 149.84583353996277 71.680121868848801 282.46095854043961 36.252483308315277 155.79365229606628 28.477894425392151 113.02589464187622 12.123906522989271
leaf_count=1127 154 83 138 1343 120 3701 60 1860 64 1760 95 140 103 92 139 56 73 101 509 1165 627 746 408 192 764 98 421 77 304 33
internal_value=2.18026e-05 0.00401405 0.0150235 0.00213577 0.00276777 -0.000512518 0.00832675 0.000139911 0.00245797 0.00758727 -0.00222782 -0.00890895 0.00303577 0.0130634 -0.00372941 -0.015961 -0.0068407 -0.0188661 -0.00778089 -0.0108571 -0.00368775 0.00377553 -0.00846664 -0.00357283 0.00113619 -0.022434 -0.00826403 -0.0126683 -0.0149823 -0.0266937
internal_weight=6011.42 3976.73 579.573 3397.15 3282.52 2064.36 1218.16 2020.3 192.763 1197.21 170.378 136.777 86.053 561.692 83.9642 114.636 84.0292 57.5859 2034.69 1161.64 873.047 331.848 971.967 540.239 432.307 107.933 541.199 385.405 356.927 125.15
internal_count=16553 11055 1667 9388 9075 5681 3394 5561 540 3334 476 381 241 1574 231 313 230 157 5498 3136 2362 900 2627 1462 1172 290 1462 1041 964 337
is_linear=0
shrinkage=0.05


Tree=26
num_leaves=31
num_cat=0
split_feature=34 5 12 42 31 41 5 31 33 40 46 41 34 46 42 31 12 10 6 29 31 39 6 1 8 0 10 6 46 37
split_gain=44.44 17.0793 14.2068 13.6283 12.5956 12.4777 13.6983 11.2315 12.4116 11.4654 10.9456 10.5943 17.1773 15.7414 15.8623 11.0951 12.1874 11.354 11.235 14.2216 12.8947 15.9923 10.4644 10.7709 12.408 10.3727 11.4285 10.3537 10.2139 10.574
threshold=0.33649915456771856 -0.94396230578422535 -1.3530143499374387 -0.48727098107337946 -1.3239342570304868 -1.1501549482345579 0.2526684850454331 -0.39936891198158259 0.28514595329761511 1.1192413568496706 -1.4069979190826414 0.95477324724197399 -0.59930211305618275 1.8144852519035342 1.7208133935928347 -0.30711123347282404 -0.76965630054473866 0.54839029908180248 0.21736483275890353 -0.55313849449157704 -0.56770271062850941 -0.5778309404850005 -0.068813093006610856 -1.0103527307510374 -0.7703680396080016 0.68673190474510204 0.1695884168148041 -1.6708117127418516 1.434895992279053 1.9456923604011538
decision_type=2 2 2 2 2 2 2 2 2 2 2 2 2 2 2 2 2 2 2 2 2 2 2 2 2 2 2 2 2 2
left_child=1 -1 3 10 5 6 -3 -4 9 27 -2 -6 -13 14 15 18 -17 -18 19 -14 -21 -22 23 24 -12 26 -7 -9 29 -16
right_child=2 4 7 -5 11 25 -8 8 -10 -11 22 12 13 -15 28 16 17 -19 -20 20 21 -23 -24 -25 -26 -27 -28 -29 -30 -31
leaf_value=0.0093595750433976572 0.00056069065772593868 5.6319348892287925e-05 -0.015509121678784377 -0.006491596640459227 -0.0068375512440980481 -0.0011722446844980631 0.086813414730780789 0.057036093315460827 0.004851030896389389 0.05158810018124841 0.055395201279216322 -0.014369857094820516 0.07589041049123528 -0.035634804464545505 0.045077616940645895 0.036615356179831519 -0.025073932616163214 0.019789486397723183 0.0013880158375391401 -0.0057357072551113076 -0.0074595344383919437 0.077646211299348705 -0.011449531765738404 0.10430095822962256 0.011953066247409282 -0.034652743739449016 0.0363490030319156 0.0095999413933681617 0.012148560331457023 0.13763343522210272
leaf_weight=235.75770059227943 23.253549829125404 8.1389009058475512 58.073415458202362 31.066073015332222 2092.9270299822092 67.110704973340034 10.317763075232504 12.759158343076704 910.81656032800674 24.466729462146759 44.323781669139862 102.16024121642113 15.215499088168142 17.333568289875984 7.4775503575801867 15.198481649160383 51.27747406065464 19.452829033136368 46.496445745229721 23.71876102685928 8.724983826279642 15.026530012488367 9.1238031536340696 7.0035003125667563 26.125022172927856 14.904081702232359 29.091700047254562 116.85571795701981 8.3635782301425916 5.2540450990200043
leaf_count=911 83 32 235 117 8935 263 38 45 3471 88 149 441 61 74 31 61 215 80 195 100 36 61 33 24 98 64 115 442 35 20
internal_value=1.41429e-06 -0.00351785 0.00778123 0.0227472 -0.00470461 0.0104852 0.0485558 0.0059035 0.00707122 0.0201954 0.0310175 -0.00551496 0.00273073 0.0102113 0.0138868 0.00943363 -0.00400644 -0.0127352 0.0200113 0.0338248 0.0203417 0.0463831 0.039198 0.0451642 0.0392853 0.00416102 0.0101742 0.0142695 0.0550746 0.0832733
internal_weight=4057.82 2793.95 1263.87 140.896 2558.19 129.563 18.4567 1122.97 1064.9 154.082 109.83 2428.63 335.7 233.54 216.206 195.111 85.9288 70.7303 109.182 62.6858 47.4703 23.7515 86.5761 77.4523 70.4488 111.106 96.2024 129.615 21.0952 12.7316
internal_count=16553 11768 4785 504 10857 512 70 4281 4046 575 387 10345 1410 969 895 809 356 295 453 258 197 97 304 271 247 442 378 487 86 51
is_linear=0
shrinkage=0.05


Tree=27
num_leaves=31
num_cat=0
split_feature=29 33 30 6 10 41 31 44 36 29 7 29 31 5 45 32 45 45 45 36 46 30 5 5 8 45 12 45 34 5
split_gain=39.8175 23.7007 15.8385 12.59 14.1951 12.1666 12.8915 13.2536 11.9647 14.3011 10.8753 10.8063 12.9701 12.3556 11.2995 11.1611 13.2271 10.7686 10.6107 10.1831 11.5872 9.59084 13.4442 16.8927 13.4771 11.96 13.2062 9.33429 11.0667 9.19156
threshold=-0.28964938223361963 -0.99498742818832386 -0.9103555679321288 -1.0971255898475645 0.71034356951713573 2.1557163000106816 -1.573505103588104 0.33057963848114019 1.1368383765220644 1.7097541093826296 0.8068787455558778 1.4994291067123415 1.4765017032623293 1.7023681402206423 0.059603035449981696 1.82929003238678 -0.0050833127461373797 0.57345625758171093 0.41459055244922643 1.2102015614509585 1.3613796830177309 -0.15621769428253171 -0.49959206581115717 -0.20097546279430387 -1.6442505121231077 0.0018036114051938059 0.1791227534413338 -0.035887416452169411 -0.3348130583763122 1.8423984050750735
decision_type=2 2 2 2 2 2 2 2 2 2 2 2 2 2 2 2 2 2 2 2 2 2 2 2 2 2 2 2 2 2
left_child=1 2 -1 11 19 6 7 -3 -6 -10 -4 -2 14 -14 15 16 -13 21 -16 20 -5 27 24 25 -23 26 -24 28 -8 -29
right_child=3 5 10 4 8 -7 17 -9 9 -11 -12 12 13 -15 18 -17 -18 -19 -20 -21 -22 22 23 -25 -26 -27 -28 29 -30 -31
leaf_value=-0.025029129241631549 -0.0090906252897945579 0.075784324118100849 -0.0067602571409863229 0.009134663767547865 -0.0082971033943667876 -0.027623218186368339 0.01016970353358738 -0.00095067624066916528 0.002200427784905199 0.037017667049392786 0.054530312262537066 0.065214757526914607 -0.03445020965010416 0.040096440643896225 0.079064113659995799 -0.019874809311700513 -0.0012004492285197087 0.024978440505725827 0.014278809442243648 0.035223849065972715 -0.0089759691568862612 0.049059270519821029 -0.011313581027573454 0.0059854401821065936 -0.01639971425332799 0.094735712358786639 0.068023305752197422 -0.0084674152675642787 -0.016009399055411301 0.042643416198742651
leaf_weight=229.03021124005318 282.48109790682793 10.73595839738846 120.44331175088882 1276.8005975782871 274.62985397875309 47.626078620553017 163.8825166374445 11.825139656662939 240.74926553666592 33.610577911138535 7.7002983540296546 12.913290932774546 24.556969955563549 7.1845892369747153 13.09456303715706 22.163643196225166 17.872310549020767 34.656760066747665 12.216608658432959 34.92058327794075 94.881494149565697 8.6317637115716916 11.155913978815084 168.8447130471468 88.307682424783707 9.0438829362392408 9.9000145196914655 819.54199163615704 53.563446760177612 8.8918064534664136
leaf_count=1117 1116 37 510 4808 1078 206 646 45 933 119 30 49 97 27 50 88 68 125 47 131 361 32 44 667 364 34 38 3432 217 37
internal_value=-3.24258e-05 -0.00561905 -0.0171534 0.0042592 0.00589941 -0.00277117 -0.00192512 0.0355646 -0.000919317 0.00646573 -0.00307724 -0.00391332 0.0093818 -0.0175768 0.0203159 0.00718016 0.026658 -0.00253962 0.047795 0.00856072 0.00788192 -0.00325039 0.00469729 0.0121371 -0.0105711 0.0466447 0.0259888 -0.00549882 0.00372101 -0.00791883
internal_weight=4151.86 1803.78 357.174 2348.08 1955.59 1446.61 1398.98 22.5611 548.99 274.36 128.144 392.483 110.002 31.7416 78.2604 52.9492 30.7856 1376.42 25.3112 1406.6 1371.68 1341.76 295.884 198.945 96.9394 30.0998 21.0559 1045.88 217.446 828.434
internal_count=16553 7581 1657 8972 7430 5924 5718 82 2130 1052 540 1542 426 124 302 205 117 5636 97 5300 5169 5511 1179 783 396 116 82 4332 863 3469
is_linear=0
shrinkage=0.05


Tree=28
num_leaves=31
num_cat=0
split_feature=34 33 30 31 31 5 33 30 37 32 33 29 44 12 31 31 34 38 4 40 44 7 29 33 6 40 7 31 11 31
split_gain=66.8159 29.771 16.6655 13.8724 21.7984 13.8152 12.7289 11.4336 18.4915 10.7223 14.2904 11.247 16.8908 16.5589 10.4358 11.9447 9.99392 9.62898 13.9514 12.7717 12.5718 12.1076 11.0577 9.58209 15.1984 10.7251 9.50666 13.0218 10.3251 9.43764
threshold=0.20041928440332415 -1.0051001310348509 -0.88839909434318531 -1.3239342570304868 -0.57617810368537892 0.44604417681694036 -0.56009113788604725 -0.40606559813022608 -0.43634898960590357 -1.2427281141281126 -0.21179886907339093 0.071214661002159133 -0.66929280757904042 1.4416808485984804 3.7170699834823613 2.2252942323684697 -0.55500867962837208 -1.417821943759918 0.0067849187180399903 1.4584288597106936 1.6248277425765993 0.94822826981544506 1.8272637128829958 -1.0371274948120115 0.53140628337860119 -0.36418709158897394 -0.92550444602966297 -0.764056235551834 0.49774296581745153 -0.061636863276362412
decision_type=2 2 2 2 2 2 2 2 2 2 2 2 2 2 2 2 2 2 2 2 2 2 2 2 2 2 2 2 2 2
left_child=1 2 29 16 6 9 7 -5 -9 -6 -11 12 -12 -13 15 -7 -3 19 21 -2 22 -19 -20 24 25 -4 27 -8 -28 -1
right_child=17 3 23 4 5 14 26 8 -10 10 11 13 -14 -15 -16 -17 -18 18 20 -21 -22 -23 -24 -25 -26 -27 28 -29 -30 -31
leaf_value=0.017644918909713373 -0.019523412054378179 -0.024391917002654525 -0.02180289223169516 0.016267506310775951 0.0078834708178924604 0.0054944468690779234 0.0032159149280767854 0.025412829534635046 -0.022622356935248531 -0.0092351879928439292 0.011405136630926953 0.014690377876709647 -0.013579385558742611 -0.051575797475220134 0.050839611288477186 -0.054518279773083024 0.0082582976829418918 -0.0024120313093566902 -0.0097244814103966369 0.0013800899101161224 0.015056933700924547 0.027908719272971817 -0.028482873645853529 0.025364000231177294 -0.04872576324478118 0.010242420465910805 -0.0029391540057305513 0.053292042554901102 0.011759693806833685 0.043144132792810805
leaf_weight=342.24454984068871 296.43421363830566 82.051250010728836 34.787347674369812 489.20002314448357 187.59447759389877 618.36124405264854 32.65504002571106 33.04881888628006 50.880483716726303 755.47527888417244 106.96087273955345 180.57397696375847 184.0464029610157 9.9465996623039228 12.493894845247267 8.4041358828544599 32.808520466089249 809.58740323781967 663.82846555113792 96.97708922624588 45.726568341255188 34.320181667804718 89.107872188091278 36.50782173871994 16.335117965936661 104.68039104342461 420.27846977114677 21.549184620380402 166.92300191521645 40.590567320585251
leaf_count=1006 796 223 96 1384 521 1714 90 92 139 2068 294 496 503 27 35 23 90 2190 1793 262 124 94 239 104 45 295 1164 60 465 121
internal_value=1.91332e-05 0.00379708 0.0143162 0.00201412 0.00261252 -0.000515123 0.00792732 0.0133423 -0.00370755 -0.00325544 -0.00494469 0.00178673 -0.00439623 0.0112308 0.00559172 0.00468975 -0.0150657 -0.00734458 -0.00566177 -0.0143706 -0.0103985 -0.00117894 -0.0119445 0.00230751 -0.0030951 0.00224938 0.00308871 0.023124 0.00123927 0.0203485
internal_weight=6004.38 3968.4 575.146 3393.25 3278.39 2063.86 1214.54 573.129 83.9293 1424.6 1237 481.528 291.007 190.521 639.259 626.765 114.86 2035.98 1642.57 393.411 798.663 843.908 752.936 192.311 155.803 139.468 641.406 54.2042 587.201 382.835
internal_count=16553 11055 1667 9388 9075 5681 3394 1615 231 3909 3388 1320 797 523 1772 1737 313 5498 4440 1058 2156 2284 2032 540 436 391 1779 150 1629 1127
is_linear=0
shrinkage=0.05


Tree=29
num_leaves=31
num_cat=0
split_feature=34 4 44 11 12 42 41 44 31 41 4 41 29 12 46 6 39 32 33 34 46 31 31 3 46 41 32 45 46 40
split_gain=39.7168 18.8235 13.7456 13.1449 12.889 12.4048 10.5117 10.4925 10.0523 11.4704 15.3135 12.4412 17.0949 10.4052 9.81176 9.42972 9.22784 17.0357 13.8699 12.4913 10.5281 13.2303 17.8321 9.84928 13.2164 10.4286 11.4589 10.7357 22.3886 9.78553
threshold=0.33649915456771856 -1.0423744320869444 1.031714975833893 -1.2919065952301023 -1.3530143499374387 -0.48727098107337946 -1.486001670360565 -1.9994790554046629 -1.3980736732482908 -1.0113496780395506 0.12172107025980951 0.79930219054222118 -0.82242414355278004 -0.79198530316352833 -1.4069979190826414 -0.068813093006610856 1.0901452302932741 0.72715732455253612 -0.53304389119148243 -0.84424838423728932 0.49479803442955023 0.46676066517829901 -0.42379854619503016 0.15449856221675876 -1.5271427631378172 0.19842698425054553 -0.49396622180938715 -0.086679875850677476 0.37842224538326269 -0.81679186224937428
decision_type=2 2 2 2 2 2 2 2 2 2 2 2 2 2 2 2 2 2 2 2 2 2 2 2 2 2 2 2 2 2
left_child=1 2 3 -1 5 14 -6 -3 9 10 -9 13 -13 -11 -2 -16 23 18 19 -18 -21 22 -22 -10 -25 29 27 28 -27 -26
right_child=4 7 -4 -5 6 -7 -8 8 16 11 -12 12 -14 -15 15 -17 17 -19 -20 20 21 -23 -24 24 25 26 -28 -29 -30 -31
leaf_value=0.062774126244200534 0.00039614260794774818 -0.035256342869939998 -0.024741909249839638 0.013967203058769532 -0.029839441543872441 -0.0064725521732224289 0.0061940277770666354 -0.025569102082581147 -0.0025490815272498713 0.030140932354216849 0.069516900493726261 0.090812573931410068 -0.0046958433390799567 -0.019611737976831349 0.042400213141218918 -0.011330824736581431 -0.014592389784376351 -0.02158676474804767 0.0036393654359715972 0.095897303540381951 -0.021131309918697952 -0.014918522776887561 0.089593489067035514 0.05640189354932984 0.000524764159182899 0.11464872804741624 0.004105551816671449 -0.019183445617610109 -0.011227938705531303 -0.016036683993697686
leaf_weight=15.703517109155653 23.306731194257736 27.122712165117264 19.900482192635536 113.5341010838747 20.615983515977859 31.05013120174408 1108.247605919838 5.7973997890949276 1285.9356471598148 13.561316773295401 15.704426944255827 8.4785647392272967 10.471715167164801 46.689595088362694 79.272549673914909 9.103302985429762 9.3259214013814908 42.523199051618576 95.438276946544647 9.3845768719911558 5.0211066007614127 9.0489434301853162 13.18403777480126 7.6444026678800574 106.37748205661774 4.7944867610931423 227.2581878900528 124.92975269258022 13.419781923294066 552.10871727764606
leaf_count=54 83 122 80 432 85 117 4196 23 5443 51 55 30 41 192 271 33 40 179 394 37 22 36 51 32 457 20 967 542 59 2409
internal_value=4.86909e-06 -0.00333981 0.0139411 0.0198977 0.00732593 0.0214827 0.00553596 -0.00431818 -0.00399632 0.0114928 0.0438795 0.00270038 0.0380357 -0.00841337 0.0292549 0.0368656 -0.00461865 0.00616209 0.0145068 0.0370714 0.0502218 0.0344941 0.0590548 -0.00547242 -0.00909915 -0.00958581 -0.00287406 -0.013955 0.0219062 -0.0133612
internal_weight=4054.95 2783.36 149.138 129.238 1271.6 142.733 1128.86 2634.22 2607.1 100.703 21.5018 79.2012 18.9503 60.2509 111.683 88.3759 2506.39 183.926 141.403 45.9646 36.6387 27.2541 18.2051 2322.47 1036.53 1028.89 370.402 143.144 18.2143 658.486
internal_count=16553 11768 566 486 4785 504 4281 11202 11080 392 78 314 71 243 387 304 10688 759 580 186 146 109 73 9929 4486 4454 1588 621 79 2866
is_linear=0
shrinkage=0.05


Tree=30
num_leaves=31
num_cat=0
split_feature=29 33 35 35 31 35 29 4 39 6 31 31 44 9 39 0 33 35 33 34 2 8 45 10 36 36 45 46 30 31
split_gain=35.5857 17.9087 16.0159 13.8911 12.3666 9.60348 11.5168 16.9064 14.5752 14.1194 16.7263 12.5027 12.3146 11.5544 16.461 11.8958 20.8067 11.3671 11.0183 15.8628 17.8534 10.6294 15.6709 10.3256 19.8085 10.6773 9.87543 9.8722 18.5136 14.4899
threshold=-0.30520804226398462 -0.98171117901802052 -1.011768579483032 -1.1577855944633482 -0.78697523474693287 -0.075576275587081895 1.6525338888168337 -2.521965384483337 1.4496982693672182 -1.3306407928466795 -0.12031973153352736 -0.92530250549316395 -0.77004259824752797 0.51777601242065441 -0.5778309404850005 -0.25051543116569513 0.10886162146925928 1.74775105714798 1.1759184598922732 1.0598201751708987 -0.42807634174823755 1.6006880998611452 -0.02386680897325277 -0.84139022231101979 -0.7645934224128722 1.0933722257614138 -0.22040978074073789 1.1242037415504458 -0.32315057516098017 0.26184266805648809
decision_type=2 2 2 2 2 2 2 2 2 2 2 2 2 2 2 2 2 2 2 2 2 2 2 2 2 2 2 2 2 2
left_child=1 2 -1 4 -3 27 8 -8 9 11 -11 -7 -9 14 17 16 -16 26 -17 -20 -21 -15 -23 -14 -25 -26 -12 -2 -29 -30
right_child=5 3 -4 -5 -6 6 7 12 -10 10 13 -13 23 21 15 18 -18 -19 19 20 -22 22 -24 24 25 -27 -28 28 29 -31
leaf_value=-0.030605816385715346 0.0059539665775760952 0.054336116521419092 -0.0080941221508148229 -0.0036909136953160934 -0.0080764326334001775 0.054619293327113599 -0.025790164534153361 0.058072552901170471 -0.0153865968096497 -0.0068600373421975258 0.049239154745640917 -0.012279862696679805 -0.0020973254503601365 -0.0049086399007361118 0.08514548702981263 0.0068433448561037395 0.024114801574848518 0.036116399182576635 0.087683979753985952 0.083533743312611319 -0.014844248005948663 -0.019976853282989149 0.082457910936970052 0.076418565604839728 0.0029814347669343891 0.037390015508981203 -0.0079209006218268416 -0.0085732524842250021 0.056025635693174536 0.0069884902078700744
leaf_weight=117.06438012421131 930.11958791315556 19.664480715990067 243.03964671492577 1388.4075603336096 13.30816528201103 7.2263219952583304 27.294403642416 16.095288768410683 151.45106214284897 229.51695597171783 8.0775177478790265 208.26209704577923 74.009659722447395 162.80860303342342 18.578831404447556 107.78245897591114 56.237274721264839 20.283302217721939 11.367368608713148 6.6077026724815378 15.267406567931175 6.5145593434572211 8.7466656416654569 14.518788874149321 70.099832862615585 33.235423415899277 117.10872785747051 31.692683473229408 41.097348064184189 23.782067820429802
leaf_count=592 3504 80 1104 5694 55 29 110 58 603 893 30 835 281 639 68 409 203 71 41 23 55 25 33 53 257 115 442 120 152 89
internal_value=-9.98097e-05 -0.00545249 -0.0154123 -0.00292918 0.0291456 0.00387708 0.00113887 0.011208 -0.000946635 0.001275 0.0044451 -0.0100364 0.016064 0.00925566 0.0143932 0.0231546 0.0392703 0.0013933 0.0146049 0.0397705 0.0148723 -0.00116852 0.0387316 0.0125399 0.0217318 0.0140482 -0.00423271 0.00753381 0.0227498 0.0380507
internal_weight=4179.27 1781.48 360.104 1421.38 32.9726 2397.78 1371.09 235.253 1135.84 984.386 768.897 215.488 207.959 539.38 361.311 215.841 74.8161 145.47 141.025 33.2425 21.8751 178.07 15.2612 191.864 117.854 103.335 125.186 1026.69 96.5721 64.8794
internal_count=16663 7525 1696 5829 135 9138 5273 874 4399 3796 2932 864 764 2039 1342 799 271 543 528 119 78 697 58 706 425 372 472 3865 361 241
is_linear=0
shrinkage=0.05


Tree=31
num_leaves=31
num_cat=0
split_feature=43 31 45 32 31 33 38 45 45 41 32 29 0 42 36 41 43 42 45 30 0 10 9 0 35 6 30 37 6 5
split_gain=74.3166 53.0717 30.1822 25.4331 19.7499 17.7824 13.8597 13.7606 25.5999 16.2326 12.9118 11.9543 11.6261 12.3648 11.4224 10.9087 10.9081 11.6138 12.0511 10.2458 12.5673 10.3596 10.6792 9.57298 9.43321 17.3433 14.9889 13.0478 9.42157 8.86711
threshold=-0.65497523546218861 -0.58235231041908253 -0.030697697773575779 -1.3116523027420042 -1.3239342570304868 0.44529411196708685 -0.63292232155799855 -0.014122135005891321 -0.037264194339513772 1.7852076292037966 -0.91648313403129567 3.4518992900848393 0.8406299650669099 -0.02128476649522781 -1.3025011420249937 2.5065044164657597 -0.20716556161642072 0.083299633115530028 -0.018509419634938237 -1.1634349822998045 -0.4026829302310943 0.31240119040012365 0.58867305517196666 -2.328891277313232 -0.45582483708858484 0.51379194855690014 -0.79018598794937123 -0.77268317341804493 1.6238989233970644 -0.68010669946670521
decision_type=2 2 2 2 2 2 2 2 2 2 2 2 2 2 2 2 2 2 2 2 2 2 2 2 2 2 2 2 2 2
left_child=2 4 -1 5 10 6 -3 8 24 16 -2 29 13 14 -12 19 17 18 -10 20 -6 22 -21 -18 25 26 -5 -28 -23 -9
right_child=1 3 -4 7 15 -7 -8 11 9 -11 12 -13 -14 -15 -16 -17 23 -19 -20 21 -22 28 -24 -25 -26 -27 27 -29 -30 -31
leaf_value=-0.0070457171475715166 0.027865972090990461 -0.015006881310295223 0.027557037469199339 -0.027444812005319438 -0.020254416403821977 -0.020515032478122499 0.017394612589219777 -0.013325174402090688 0.0096336362226764425 -0.026804770068433681 -0.042941038408410605 -0.051676357055500846 0.023537605649757022 -0.030500797102953798 0.011057707838047437 0.042470355187220143 0.043557399694134663 0.0221796388810548 -0.024755407800018482 0.0044654753535812476 0.02570405926363864 0.014346967909425676 -0.020761973222761559 -0.0024143279763834736 -0.011239961432520436 -0.037051122276601955 -0.034068367969803615 0.021301884726899971 -0.030237516399533898 -0.0060097423128686435
leaf_weight=78.108413875102997 20.739464193582535 37.939122945070267 326.2009217441082 23.906918466091156 16.87707045674324 45.229744523763657 253.70477867126465 558.53229904174805 164.70685860514641 37.651169121265411 12.517941087484358 15.708120495080946 18.31579065322876 88.106102615594864 44.993443995714188 22.63973680138588 11.824707359075544 170.64417460560799 30.137264996767044 894.77160006761551 125.38082444667816 380.13491627573967 44.013585865497589 267.51255384087563 587.79043212532997 24.148408085107803 11.791936069726942 108.87070834636688 12.230634659528731 1603.3169406652451
leaf_count=218 61 103 954 68 48 122 722 1505 450 102 34 42 51 241 123 65 32 468 82 2501 370 1066 122 729 1590 66 32 297 34 4365
internal_value=0.000165617 -0.0013203 0.0208721 -0.00448439 0.00612233 0.00865565 0.0131796 -0.00570836 -0.00191435 0.00510706 -0.00930446 -0.00821554 -0.014007 -0.0187293 -0.000695671 0.00802662 0.00697038 0.0126556 0.00431455 0.00749737 0.0202517 0.00613434 0.00328272 -0.000468285 -0.00824864 0.0021727 0.00872451 0.0158907 0.0129572 -0.00789975
internal_weight=6038.45 5634.14 404.309 3953.42 1680.72 336.874 291.644 3616.54 1438.99 682.477 184.673 2177.56 163.933 145.617 57.5114 1496.05 644.826 365.488 194.844 1473.41 142.258 1331.15 938.785 279.337 756.508 168.718 144.57 120.663 392.366 2161.85
internal_count=16663 15491 1172 10775 4716 947 825 9828 3916 1863 510 5912 449 398 157 4206 1761 1000 532 4141 418 3723 2623 761 2053 463 397 329 1100 5870
is_linear=0
shrinkage=0.05


Tree=32
num_leaves=31
num_cat=0
split_feature=43 34 4 45 32 31 38 32 31 31 4 41 46 32 9 29 2 29 35 44 42 37 33 41 41 41 35 44 41 42
split_gain=53.3877 39.7764 16.3654 12.519 11.9917 11.7596 10.4946 16.6516 14.633 13.3527 11.4202 18.7864 18.3582 19.2816 18.059 12.3656 11.5015 11.2175 11.8869 11.798 11.2087 10.7475 10.4156 10.3213 10.309 10.3451 10.2564 11.3046 11.7346 11.7117
threshold=-0.65497523546218861 0.33649915456771856 -1.0201166272163389 -0.51240059733390797 -1.6042510867118833 -1.5011441111564634 -3.5567631721496578 1.5681980252265932 1.736250162124634 1.8061910867691042 -0.45917013287544245 1.1268965601921084 -1.0532586574554441 -0.27507011592388148 -0.21738812327384946 -0.12632606178522107 2.3907691240310673 0.65758138895034801 1.4386261105537417 -0.59840065240859974 -0.91090735793113697 1.3704681992530825 0.86345684528350841 -0.70619046688079823 -0.99095031619071949 0.45314186811447149 2.1217657327651982 -0.50822654366493214 1.1050878763198855 -0.87942728400230397
decision_type=2 2 2 2 2 2 2 2 2 2 2 2 2 2 2 2 2 2 2 2 2 2 2 2 2 2 2 2 2 2
left_child=-1 2 4 -4 -2 24 8 10 -3 -9 12 17 13 -8 20 -13 -17 -12 19 -19 22 -21 -14 -15 -5 -26 27 -16 29 -29
right_child=1 6 3 5 -6 -7 7 9 -10 -11 11 15 14 23 26 16 -18 18 -20 21 -22 -23 -24 -25 25 -27 -28 28 -30 -31
leaf_value=-0.022527237480987325 0.081763364411835529 -0.0046538179160862747 0.018573794239765268 0.05434264822853422 0.011166433928305311 -0.0043060756529419647 0.029328986188576746 -0.01047749130445667 0.089106011400144347 0.041449247217125049 -0.0052575023394601178 -0.017509397478261701 0.048656266484026461 0.042945880810096926 0.032491716263051494 0.050908187835690732 0.0098753999542278582 0.047319855399465365 -0.019639020660060624 0.0071351403885790855 0.05959642736173687 0.076443315439583145 0.004637732476879086 -0.010386221059007016 -0.0084122696814013902 0.040104143064197295 -0.043030940501510656 0.064456834454335532 -0.017663513045813106 0.010757039405753517
leaf_weight=250.05149455368519 6.2923872768878928 7.4265725612640408 64.686135336756706 14.501276820898054 136.55448596179485 2331.4517687261105 52.183451950550079 155.73284818232059 9.464972257614134 13.449360072612761 262.33634170889854 13.184505775570868 25.795797258615494 9.7861839830875379 77.341056436300278 44.466818124055862 27.726322129368782 25.154699414968491 27.623542264103889 131.72807052731514 44.696795150637627 5.841491073369979 28.052938237786293 124.29349717497826 35.490654036402702 15.914348214864729 7.2884366512298575 11.470504105091093 32.503979295492172 88.433486700057983
leaf_count=1172 22 26 258 50 507 9918 188 584 30 49 1011 48 87 36 278 158 100 92 105 497 154 22 98 460 145 57 28 41 120 322
internal_value=-0.000142845 0.00131825 -0.00217703 -0.00313164 0.0142762 -0.0037173 0.00874478 0.008198 0.0478834 -0.00634951 0.0105647 0.0055044 0.0159902 0.00354243 0.0233372 0.0270174 0.0351492 0.00144698 0.0106871 0.0158351 0.0410876 0.0100781 0.0257245 -0.00649363 0.0171108 0.00660781 0.0152776 0.0173037 0.00843228 0.0169226
internal_weight=4080.92 3830.87 2604.89 2462.04 142.847 2397.36 1225.98 1209.09 16.8915 169.182 1039.91 538.062 501.846 186.263 315.583 85.3776 72.1931 452.684 190.348 162.724 98.5455 137.57 53.8487 134.08 65.9063 51.405 217.037 209.749 132.408 99.904
internal_count=16663 15491 10957 10428 529 10170 4534 4478 56 633 3845 2033 1812 684 1128 306 258 1727 716 611 339 519 185 496 252 202 789 761 483 363
is_linear=0
shrinkage=0.05


Tree=33
num_leaves=31
num_cat=0
split_feature=29 33 0 5 4 10 31 45 36 33 30 32 4 44 45 5 33 31 30 44 5 33 31 5 4 33 12 34 31 32
split_gain=32.4048 16.727 9.79766 9.53062 11.0014 11.6936 9.50545 9.46453 12.19 9.46218 9.31572 9.10996 9.48996 8.82217 9.17312 8.63311 17.5794 10.3946 16.3922 12.2282 8.89323 11.7732 8.63151 8.24571 9.01809 8.18662 10.4145 19.5924 7.99259 12.5709
threshold=-0.30520804226398462 -0.98171117901802052 -0.36875411868095392 0.76386281847953807 -0.31054823100566858 -1.6311163306236265 3.7170699834823613 -0.037264194339513772 1.1238662600517275 -0.053496241569519036 -0.82702770829200734 -1.3940784335136411 3.2106769084930424 -0.42675277590751642 -0.029880573973059651 -0.06912649422883986 -0.71971353888511647 0.54910132288932811 -0.098851509392261491 0.71534800529479992 0.67434698343276989 -0.15081988275051114 -0.97145649790763844 -0.28806084394454951 0.19209185242652896 -0.42038476467132563 0.54003560543060314 -0.60737836360931385 -1.6412117481231687 0.87916287779808056
decision_type=2 2 2 2 2 2 2 2 2 2 2 2 2 2 2 2 2 2 2 2 2 2 2 2 2 2 2 2 2 2
left_child=1 2 13 4 -3 -6 10 8 -7 -10 -2 -12 -13 23 -15 16 -9 18 19 22 28 -22 -18 -1 -25 26 -24 -28 29 -17
right_child=6 3 -4 -5 5 7 -8 15 9 -11 11 12 -14 14 -16 20 17 -19 -20 -21 21 -23 25 24 -26 -27 27 -29 -30 -31
leaf_value=-0.026300556829962553 0.066865216265866348 -0.0081324916146967453 -0.018850157637347317 -0.012003148252340584 0.062182819459176024 0.005001671137161651 -0.025560547877459629 -0.016693918003415222 0.049716266054991867 -0.011505931012802095 0.058125297515053291 0.0034972692466154528 0.05326387924031814 0.028043169969828169 -0.02959881492855946 0.084355530414644428 0.069849443881862039 -0.017355976063661346 0.068100512314592007 -0.033068298167264219 -0.0015367999566241726 0.053654473952332637 -0.029071080893101578 0.06208060760982869 -0.0022169999572638011 0.038441075109241385 0.10494947347078337 -0.014742051308244828 -0.0079102070168822394 -0.011780474784994529
leaf_weight=6.6318480968475368 5.8845746219158164 368.36379256844521 290.11930321156979 234.11217890679836 8.0662586241960508 137.38019397854805 27.447715878486633 46.46591180562973 30.224707424640656 7.9768725931644431 7.7138093560934058 2352.7867871969938 9.6183354556560499 9.4117366969585401 25.88410297036171 6.1026031970977765 8.9234800785779935 15.876576647162436 18.816495075821877 10.898535728454588 28.586048394441605 14.596487045288084 15.551257669925684 13.983492374420168 8.9397485107183439 24.236562088131912 5.4367287158966056 9.2124644815921766 418.80817028880119 7.6795736998319626
leaf_count=29 22 1534 1412 982 31 529 103 199 117 31 27 8953 33 42 114 20 36 63 71 44 120 59 64 60 39 99 22 38 1742 28
internal_value=-8.72473e-05 -0.00521655 -0.0149228 -0.00278561 -0.0009618 0.00227985 0.00369506 0.00168093 0.0119489 0.0369325 0.00403302 0.00387702 0.00369989 0.00264698 -0.0142284 -0.00117537 0.00905573 0.0200375 0.0264159 0.0158535 -0.0045175 0.0171189 0.0242684 0.0228002 0.0370054 0.0167966 -0.000573524 0.0296788 -0.00667731 0.0307875
internal_weight=4175.74 1772.29 354.97 1417.31 1183.2 814.839 2403.45 806.773 175.582 38.2016 2376 2370.12 2362.41 64.8509 35.2958 631.191 155.418 108.952 93.0755 74.259 475.773 43.1825 63.3605 29.5551 22.9232 54.437 30.2005 14.6492 432.59 13.7822
internal_count=16663 7525 1696 5829 4847 3313 9138 3282 677 148 9035 9013 8986 284 156 2605 636 437 374 303 1969 179 259 128 99 223 124 60 1790 48
is_linear=0
shrinkage=0.05


Tree=34
num_leaves=31
num_cat=0
split_feature=43 31 45 32 31 4 33 45 45 41 32 4 0 42 30 36 41 42 46 4 43 41 40 5 43 40 6 6 30 10
split_gain=67.4558 48.1471 28.6006 23.2461 18.2251 16.9197 13.523 12.8668 23.6575 15.0484 11.8998 11.3241 10.8267 11.5717 10.7817 10.6216 10.4827 11.0768 13.6153 13.0503 11.0406 10.4079 10.8825 12.4302 11.0422 10.0516 9.84924 9.84051 8.89764 9.89652
threshold=-0.65497523546218861 -0.58235231041908253 -0.030697697773575779 -1.3116523027420042 -1.3239342570304868 -0.57869631052017201 0.44529411196708685 -0.014122135005891321 -0.037264194339513772 1.7852076292037966 -0.91648313403129567 1.847268879413605 0.8406299650669099 -0.02128476649522781 3.0270953178405766 -1.3025011420249937 -1.5112424492835996 -0.23452227562665937 -0.94851848483085621 -0.062683086842298494 -0.20716556161642072 2.5065044164657597 -0.55577313899993885 1.2793996930122378 -0.43599607050418848 -0.42975382506847376 -0.075995054095983491 1.6238989233970644 -1.1511201262474058 0.31240119040012365
decision_type=2 2 2 2 2 2 2 2 2 2 2 2 2 2 2 2 2 2 2 2 2 2 2 2 2 2 2 2 2 2
left_child=2 4 -1 5 10 -3 -7 8 -5 16 -2 -4 13 15 -9 -12 25 18 19 -18 -19 22 23 24 -6 -10 -26 28 -24 -30
right_child=1 3 11 7 21 6 -8 14 9 -11 12 -13 -14 -15 -16 -17 17 20 -20 -21 -22 -23 27 -25 26 -27 -28 -29 29 -31
leaf_value=-0.0071766045270715275 0.026942811657241605 -0.013959819634007224 0.028297981038243904 -0.0078506321815693027 -0.021777218799861994 0.018083324733475327 -0.016799170588386175 -0.0075068368794540931 0.019046703608039478 -0.025709756147268947 -0.041185184745691383 -0.023923273517396256 0.022873084135164017 -0.029364232372978163 -0.042981532496669958 0.010823677264680788 0.0039606037326100343 0.020942652547672507 -0.0092055654638877951 0.046117957164704737 0.0034595435486890502 0.041519826725347805 0.021483464926288654 0.033246489728961381 0.012487452829771897 -0.053385463433460449 -0.011513694946548393 -0.034668404403009466 0.0045475881316807149 0.014757711375667905
leaf_weight=78.039314031600952 20.495655715465546 67.951531708240509 311.61030450463295 757.01701292395592 71.626998156309128 236.11510783433914 31.489611327648163 2157.2909331321716 7.3833652734756496 37.708654791116714 12.562534838914869 10.739022940397261 18.221104741096497 88.366432934999466 21.633246541023254 44.918006271123886 72.605267614126205 211.75752606987953 156.5935505926609 24.569837868213654 157.43969398736954 22.377873092889786 140.26518648862839 22.905958265066147 94.050086319446564 13.635242342948912 78.355927705764771 12.655171960592268 686.9178960621357 362.62280425429344
leaf_count=218 61 185 924 2053 200 677 85 5854 20 102 34 30 51 241 58 123 197 583 426 68 430 65 416 64 261 37 218 35 1926 1021
internal_value=0.000153173 -0.00125718 0.019983 -0.00426829 0.00584369 0.00832098 0.0139786 -0.00543602 -0.00176635 0.00499022 -0.00897815 0.0265582 -0.0134655 -0.0180053 -0.00785904 -0.000543007 0.00678786 0.00795962 -8.22038e-05 0.0146197 0.0134872 0.00767746 0.00716206 -0.00197054 -0.00527616 -0.0279417 0.00157929 0.00918945 0.00965593 0.00807525
internal_weight=6029.92 5629.53 400.389 3953.19 1676.34 335.556 267.605 3617.63 1438.71 681.693 184.564 322.349 164.068 145.847 2178.92 57.4805 643.984 622.966 253.769 97.1751 369.197 1491.78 1469.4 266.939 244.033 21.0186 172.406 1202.46 1189.81 1049.54
internal_count=16663 15491 1172 10775 4716 947 762 9828 3916 1863 510 954 449 398 5912 157 1761 1704 691 265 1013 4206 4141 743 679 57 479 3398 3363 2947
is_linear=0
shrinkage=0.05


Tree=35
num_leaves=31
num_cat=0
split_feature=43 34 45 45 31 31 38 9 35 34 11 41 31 7 45 45 32 31 36 34 38 46 41 29 32 32 33 30 41 46
split_gain=48.7328 35.988 11.1221 10.3806 11.9223 11.3041 19.7675 10.4488 14.9291 18.1116 13.7183 10.9759 19.8941 18.7179 9.89813 9.79606 9.59338 27.4573 12.83 9.83577 9.52812 26.1971 15.3135 15.2817 12.6557 11.6963 12.3663 18.2692 19.5428 10.7259
threshold=-0.65497523546218861 0.33649915456771856 -0.51240059733390797 -0.011836518999189137 -1.573505103588104 1.0674789547920229 0.35365605354309088 0.62085366249084484 0.89000928401947033 -0.13981873542070386 0.24653660506010058 -1.0001796483993528 0.61947011947631847 -0.68306666612625111 -0.033681562170386307 -0.086679875850677476 1.5681980252265932 1.884673058986664 1.9462810158729555 2.7925844192504887 -0.29830953478813166 0.11531122773885728 2.0306242704391484 0.9341011941432954 -0.67084863781929005 -0.2221552953124046 1.2332483530044558 0.80803352594375621 -1.0001796483993528 -1.0532586574554441
decision_type=2 2 2 2 2 2 2 2 2 2 2 2 2 2 2 2 2 2 2 2 2 2 2 2 2 2 2 2 2 2
left_child=14 2 -2 5 -5 15 -7 11 10 -10 -9 12 13 -6 -1 -4 18 -18 20 -19 21 25 23 -22 -24 -3 27 28 -27 -29
right_child=1 16 3 4 7 6 -8 8 9 -11 -12 -13 -14 -15 -16 -17 17 19 -20 -21 22 -23 24 -25 -26 26 -28 29 -30 -31
leaf_value=0.00054031957693101049 0.017382774296378294 0.02113695355515096 -3.9020393427437066e-06 0.045075314402752052 0.080864365971445293 0.039217070434648969 -0.018247347534216692 0.028466318392598722 0.10091738530861323 -0.0029541649606218199 -0.00062519510074422443 -0.0044604100152757118 0.069158900158997741 0.0010006762411098979 -0.026354236785723337 -0.011058686974135375 -0.0091566778497592562 -0.00012000808042266089 0.061983581841727337 0.078456325856171599 -0.0041260291154625048 0.035973599840699276 -0.019134108377065001 0.016196563370133126 0.051797536071543693 0.057106232934646867 -0.012276671589533871 0.0075653852142657588 -0.0077865779774003267 0.042238353418016988
leaf_weight=41.160205721855164 71.280712813138962 132.25128658115864 283.24274669587612 14.534257575869558 7.6483787894248954 34.611554771661758 26.365773573517799 51.339185461401939 9.2983264923095721 7.6488360315561286 192.35255908966064 1023.7773093283176 12.59935440123081 180.02397258579731 202.62794342637062 685.13897627592087 159.98671214282513 5.7148127555847195 11.779032006859778 13.138975262641905 315.66129076480865 108.74194939434528 8.126101538538931 130.84564796090126 27.80860698223114 12.780662968754767 89.793243780732155 39.653817072510719 125.80512146651745 50.97975891828537
leaf_count=185 278 466 1208 53 29 136 116 203 34 31 806 4302 52 766 987 2943 601 21 43 43 1210 378 30 484 96 46 329 144 464 179
internal_value=-0.000137194 0.0012415 -0.00209508 -0.00264416 1.04059e-05 -0.00651044 0.0143702 -0.000430754 0.00865929 0.0540366 0.00550359 -0.00236631 0.00833859 0.00425543 -0.0218135 -0.00782526 0.00827651 -0.0024312 0.010093 0.0546389 0.00950665 0.0139435 0.00435649 0.00182936 0.0357574 0.00863483 0.0034519 0.00961333 -0.00180203 0.0270683
internal_weight=4076.72 3832.93 2599.86 2528.58 1499.22 1029.36 60.9773 1484.69 260.639 16.9472 243.692 1224.05 200.272 187.672 243.788 968.382 1233.07 178.841 1054.23 18.8538 1042.45 560.006 482.442 446.507 35.9347 451.264 319.013 229.219 138.586 90.6336
internal_count=16663 15491 10957 10679 6276 4403 252 6223 1074 65 1009 5149 847 795 1172 4151 4534 665 3869 64 3826 2006 1820 1694 126 1628 1162 833 510 323
is_linear=0
shrinkage=0.05


Tree=36
num_leaves=31
num_cat=0
split_feature=29 33 35 35 5 35 29 5 44 9 36 31 31 46 34 5 31 9 34 32 36 31 1 32 36 35 34 39 5 40
split_gain=29.5855 15.6136 15.5777 12.736 17.8833 8.93813 10.3767 15.5827 16.3104 13.6266 13.3636 20.5171 12.1776 13.2287 13.7026 10.3653 10.2648 9.41276 9.33565 9.57879 9.29607 9.73685 9.26002 10.5291 12.6534 11.1545 10.4775 10.3778 12.6601 18.0774
threshold=-0.30520804226398462 -0.98171117901802052 -1.011768579483032 -1.1577855944633482 -0.36117205023765558 -0.075576275587081895 1.6525338888168337 -1.9755954742431638 -0.77004259824752797 1.2367130517959597 -0.90726065635681141 -0.17578056454658506 0.35938671231269842 1.0503166317939761 0.20041928440332415 -3.2292451858520503 -0.87366792559623707 -0.51192861795425404 -0.56146156787872303 1.4508454203605654 1.0933722257614138 1.6478796005249026 -1.3832805752754209 0.44167278707027441 1.2245738506317141 1.3496378660202029 0.96741366386413585 0.65251418948173534 1.1476936936378481 -0.78806713223457325
decision_type=2 2 2 2 2 2 2 2 2 2 2 2 2 2 2 2 2 2 2 2 2 2 2 2 2 2 2 2 2 2
left_child=1 2 -1 4 -3 -2 9 -8 -9 10 16 18 13 -11 -15 -14 -7 -18 19 -12 -10 -22 -13 24 27 -25 -27 28 29 -24
right_child=5 3 -4 -5 -6 6 7 8 20 12 11 22 15 14 -16 -17 17 -19 -20 -21 21 -23 23 25 -26 26 -28 -29 -30 -31
leaf_value=-0.029831211754025061 0.007039824118050539 -0.035655055245768827 -0.007217530743433483 -0.0033938953487405057 0.048882572210268191 0.039813355330576013 -0.020060657746564986 0.068818019787434279 0.0067878316691451467 -0.016318211454434583 0.041251970881623287 0.05039236900093013 0.057785421795141602 0.0016714626344828982 0.067300764017465667 -0.024941462826142919 -0.013285294899257291 0.014167504520202302 -0.013567522393007693 -0.034235147800467242 0.056944206201261685 0.0015911738033916288 0.054974894024593948 -0.0087589038723427087 0.059965018488004021 0.072931644830972073 0.0047631877730218153 -0.0029513901017427097 -0.001795264224778788 0.015910943625928636
leaf_weight=111.9629008769989 1033.7131979763508 8.3304383158683759 238.12380112707615 1379.6443655490875 25.12056066095829 10.926539599895476 35.698190227150917 13.522369563579558 154.71107305586338 40.082330927252769 16.01605294644833 14.24960160255432 3.9073850661516181 21.399709686636925 12.657490313053129 122.31591014564037 233.87430308759212 36.034463688731194 154.56864623725414 5.6974329054355612 20.785430014133453 12.860082864761351 38.259032964706421 113.37249308824539 14.533311814069746 8.5755496472120303 16.448653280735016 82.725950717926025 61.216929763555527 131.09321041405201
leaf_count=592 3865 35 1104 5694 100 43 143 46 571 159 62 52 14 84 48 497 924 132 606 22 69 45 138 433 55 32 61 322 223 492
internal_value=-7.50876e-05 -0.0049967 -0.0144497 -0.00265476 0.0278298 0.00352674 0.000886661 0.0103911 0.0157758 -0.00109762 0.00143169 0.00533515 -0.0129335 0.00315022 0.0260628 -0.0223806 -0.00769685 -0.00962018 -0.00925489 0.0214448 0.0119679 0.035787 0.0106881 0.0094746 0.0143567 -0.00208995 0.0281239 0.012241 0.0176919 0.024736
internal_weight=4172.43 1763.18 350.087 1413.1 33.451 2409.25 1375.53 237.577 201.879 1137.95 937.592 656.757 200.363 74.1395 34.0572 126.223 280.835 269.909 176.282 21.7135 188.357 33.6455 480.475 466.225 327.828 138.397 25.0242 313.295 230.569 169.352
internal_count=16663 7525 1696 5829 135 9138 5273 874 731 4399 3597 2498 802 291 132 511 1099 1056 690 84 685 114 1808 1756 1230 526 93 1175 853 630
is_linear=0
shrinkage=0.05


Tree=37
num_leaves=31
num_cat=0
split_feature=43 34 45 33 0 10 4 41 42 46 44 29 1 29 4 41 7 44 45 46 1 4 31 31 41 31 30 33 34 33
split_gain=61.4111 55.041 26.4922 15.0502 22.4824 11.9944 11.5663 13.4527 12.1188 11.5488 11.246 11.1762 10.6625 12.5861 10.6246 10.2974 11.5568 10.0442 19.1769 12.2506 11.8138 12.4582 11.0733 9.38465 13.3768 10.9523 10.7356 15.176 10.4526 9.85395
threshold=-0.65497523546218861 0.20041928440332415 -0.030697697773575779 -0.87415236234664906 -0.13392322510480878 -0.01939310040324926 0.79370036721229564 -0.99095031619071949 1.7572844028472903 0.64115089178085338 0.042770549654960639 -1.2917031049728391 0.417084351181984 -0.31237401068210596 1.847268879413605 0.15109122544527057 0.88539233803749096 -0.28713220357894892 1.0000000180025095e-35 -0.16024634987115857 0.076270688325166716 -0.3889747262001037 3.3155907392501835 -0.58235231041908253 -1.5112424492835996 -0.73257157206535328 -0.21196060627698896 -0.40738625824451441 -0.77084028720855702 -0.56009113788604725
decision_type=2 2 2 2 2 2 2 2 2 2 2 2 2 2 2 2 2 2 2 2 2 2 2 2 2 2 2 2 2 2
left_child=2 3 -1 4 5 -2 11 -8 -9 -10 -11 -5 13 -6 -4 16 -14 18 -3 22 -21 -22 -19 25 -25 29 -26 28 -28 -13
right_child=1 17 14 6 12 -7 7 8 9 10 -12 23 15 -15 -16 -17 -18 19 -20 20 21 -23 -24 24 26 -27 27 -29 -30 -31
leaf_value=-0.006921815149043148 -0.00091839778851109859 -0.0056724188398674736 0.027279884277965089 -0.044116199481791615 0.021086276677221568 -0.05473064247384557 -0.028142863036248557 0.012497377335568669 -0.065416983973275208 -0.035292001194323859 0.013115269834417602 0.0075313754864401675 0.00084121653931226888 -0.023102678457330782 -0.023231988033030213 0.022843159613677461 -0.05055083418443293 -0.00017628257377838488 -0.023129332717125872 -0.021291654516931512 0.015120226976060578 -0.0097603150214482046 -0.042129502773285338 -0.032352440599717057 -0.0062373941836544313 0.012765773723413452 0.024231048339303809 0.0068235065230607449 -0.012853152130555177 -0.0055393301695140958
leaf_weight=78.14394274353981 273.08746641874313 367.7628016769886 307.43374454975128 14.784047573804854 355.5831945836544 10.763272970914839 25.092364192008972 417.69000819325447 8.4465940296649915 17.766450673341751 36.954666286706924 253.65601950883865 95.876750975847244 16.8788723051548 10.775263935327528 47.795155763626099 12.348016381263731 699.15199628472328 274.92710852622986 185.87406396865845 59.343937397003174 330.60122975707054 16.090400129556656 37.427112191915512 762.3618451654911 240.57636901736259 21.132529437541962 520.17781826853752 188.42323955893517 334.14969900250435
leaf_count=218 775 990 924 41 1049 30 69 1166 23 49 103 709 278 46 30 138 35 1883 737 498 160 889 43 101 2092 670 58 1422 513 924
internal_value=0.000141116 -0.00119932 0.0191635 0.00238076 0.00839107 -0.00295889 0.000684686 0.00754811 0.00941055 -0.0110008 -0.00260125 -0.000778864 0.0144872 0.0190838 0.0255694 0.00351393 -0.00502241 -0.00803265 -0.0131401 -0.00549019 -0.0109184 -0.00597386 -0.00112008 -0.000507139 -0.00282856 0.00377912 -0.00208799 0.00224694 -0.00911342 0.000101076
internal_weight=6021.08 5624.72 396.353 3690.97 812.333 283.851 2878.64 505.95 480.858 63.1677 54.7211 2372.69 528.482 372.462 318.209 156.02 108.225 1933.75 642.69 1291.06 575.819 389.945 715.242 2357.9 1529.52 828.382 1492.1 729.734 209.556 587.806
internal_count=16663 15491 1172 10291 2351 805 7940 1410 1341 175 152 6530 1546 1095 954 451 313 5200 1727 3473 1547 1049 1926 6489 4186 2303 4085 1993 571 1633
is_linear=0
shrinkage=0.05


Tree=38
num_leaves=31
num_cat=0
split_feature=43 34 4 45 31 45 29 12 45 33 1 31 5 32 31 46 31 40 34 45 5 31 45 34 5 29 46 33 4 45
split_gain=44.4377 32.6815 14.0367 10.8418 10.0695 10.3861 11.1227 16.4886 10.4839 14.1991 10.108 13.2098 10.0667 11.0143 16.7187 10.1118 9.75278 12.4033 9.66645 14.038 10.3649 9.9482 9.22091 8.81707 9.63055 8.36426 29.4671 13.9529 12.6471 9.85373
threshold=-0.65497523546218861 0.35905836522579199 -1.0201166272163389 -0.51240059733390797 -1.3239342570304868 -0.011836518999189137 -1.1963619589805601 -0.041357170790433877 -0.0020082406699657436 -0.92103224992752064 1.7744125723838808 -0.13743229955434796 -2.2659094333648677 1.5681980252265932 1.8061910867691042 -0.31415463984012598 0.15057528018951419 0.082309722900390639 -0.2597456276416778 0.013587917201220991 -1.2334995865821836 -0.68753078579902638 -0.033681562170386307 -0.56146156787872303 -0.78247979283332814 0.9341011941432954 -1.0937421321868894 2.3018376827239995 -0.46846207976341242 0.57345625758171093
decision_type=2 2 2 2 2 2 2 2 2 2 2 2 2 2 2 2 2 2 2 2 2 2 2 2 2 2 2 2 2 2
left_child=22 2 18 16 23 -6 7 -7 -9 -10 -8 -12 -3 25 -15 -16 -4 -18 19 20 -2 -22 -1 24 -5 28 -27 -28 -14 -30
right_child=1 12 3 4 5 6 10 8 9 -11 11 -13 13 14 15 -17 17 -19 -20 -21 21 -23 -24 -25 -26 26 27 -29 29 -31
leaf_value=0.00036537923401952315 -0.00048261948056551744 0.027127028430383827 0.0054852009462522805 -0.042234626245861294 -0.0083013257029975977 -0.014779288450152842 -0.0026627413711725108 0.11682778846935567 0.085183770651040824 -0.018135525456127833 0.067862376022275184 -0.013612259370856684 0.013361945646015939 -0.01024475241252279 0.075506181209752443 -0.0026681442044334284 0.097999714374814903 0.013571394376095534 0.0039319735916941911 0.093298368427984196 -0.00089247380996304365 0.079726446014653118 -0.025627053876821921 -0.017501905062720077 0.019931546652064314 -0.013224302564374752 0.02825367980311997 -0.0041897657783497013 -0.0029040842615326618 0.029921421562577096
leaf_weight=41.29576863348484 25.300753653049469 64.885890766978264 49.829142466187477 6.6383347958326331 917.40392284095287 13.333627238869665 1308.0673992037773 5.3897509872913369 6.7343008071184149 6.5691497176885614 11.589089602231981 8.7171035110950452 291.88857316970825 150.7657730281353 9.7033931910991686 7.2103506028652182 7.416743308305743 10.520945921540259 98.335576102137566 7.6508674025535575 6.0122089385986355 10.526118427515028 196.38462427258492 23.823141321539879 101.26174081861973 70.352114856243134 217.29622969031334 39.103553742170334 333.92766511440277 24.542486235499382
leaf_count=185 93 221 196 27 3998 59 5540 24 30 29 43 35 1036 570 31 26 28 40 356 28 24 39 987 95 385 260 774 144 1267 93
internal_value=-0.000131707 0.00116859 -0.00196477 -0.0028579 -0.00341262 -0.0041899 -0.00141731 0.0276996 0.0579992 0.0341654 -0.00211931 0.0328867 0.00796829 0.00688239 -0.00495666 0.0421804 0.0168659 0.0484802 0.0130025 0.0310254 0.0196379 0.0504189 -0.021111 0.0100285 0.0161069 0.00891405 0.0154405 0.0233057 0.00563503 -0.000656702
internal_weight=4072.48 3834.8 2625.12 2477.29 2409.53 2277.8 1360.4 32.0268 18.6932 13.3035 1328.37 20.3062 1209.68 1144.79 167.68 16.9137 67.7668 17.9377 147.826 49.4899 41.8391 16.5383 237.68 131.723 107.9 977.111 326.752 256.4 650.359 358.47
internal_count=16663 15491 11069 10529 10265 9758 5760 142 83 59 5618 78 4422 4201 627 57 264 68 540 184 156 63 1172 507 412 3574 1178 918 2396 1360
is_linear=0
shrinkage=0.05


Tree=39
num_leaves=31
num_cat=0
split_feature=30 41 30 33 45 45 10 32 44 1 46 36 43 5 41 32 31 44 33 8 8 41 41 6 31 10 30 45 39 5
split_gain=27.5107 20.1755 18.8679 12.1153 13.5845 21.6354 15.9437 13.7675 12.6839 12.6809 15.4229 11.7569 10.2823 10.9949 10.2246 10.2029 9.76143 15.717 17.2407 11.3367 8.38349 23.6294 15.3708 16.5383 17.3083 17.726 14.4431 11.4845 12.3557 14.8023
threshold=-0.42609804868698115 -1.5839917659759519 0.30713847279548651 -0.71088644862174977 -0.032886927947401993 -0.070358607918024049 0.66931158304214489 -0.45440985262393946 -1.1081517338752744 0.028593313880264763 0.8113982379436494 -0.17463962733745572 -0.28413574397563929 -0.045770490542054169 2.1557163000106816 -1.6485332250595091 -1.1941057443618772 0.25999462604522711 -0.1126260682940483 -0.33387495577335352 -0.2040794491767883 0.35398480296134954 0.78331616520881664 -1.6093717813491819 -0.30711123347282404 1.5117528438568117 1.482622563838959 -0.1636996120214462 1.8726058602333071 -2.5912377834320064
decision_type=2 2 2 2 2 2 2 2 2 2 2 2 2 2 2 2 2 2 2 2 2 2 2 2 2 2 2 2 2 2
left_child=3 2 -2 4 5 -1 7 -7 9 10 11 -6 13 -9 16 -3 17 18 19 -5 22 -22 -17 -24 -25 27 -23 -26 29 -29
right_child=1 15 -4 14 8 6 -8 12 -10 -11 -12 -13 -14 -15 -16 20 -18 -19 -20 -21 21 26 23 24 25 -27 -28 28 -30 -31
leaf_value=-0.011117715573611112 0.067555616826085324 -0.021102956010953276 -0.0083651934143412175 0.12342163267072492 0.00076083976985599029 -0.0031583181250220606 0.10879780562038688 -0.033992619892355122 -0.017646570123246226 -0.015930289193750301 0.10954636979207361 0.081122402214265754 0.078386664063790273 0.066458199416988037 -0.032776428499135618 -0.0040502136801571506 -0.00207288556566418 -0.0075842566742312465 -0.017396289824394586 0.043204110632089565 0.0092432206656416268 -0.0088012703589091974 -0.012964923874953616 -0.015991482177732601 -0.017094300005273011 -0.032106589123697793 0.019507310216101532 -0.027506726332116305 0.099011101791950731 0.027014212080719687
leaf_weight=114.31372998654842 22.797771528363228 45.415944173932076 12.76607124507427 5.3797538876533535 31.253332510590553 32.510004431009293 5.2777600139379492 5.959319531917572 447.43186192214489 41.122589617967606 4.6060524880886069 5.327089697122573 12.38605013489723 5.0178876668214816 24.727414146065712 831.11191934347153 638.19738487899303 34.692124530673027 10.276861310005186 24.293464973568916 1058.2357153147459 343.28837516903877 72.865802899003029 41.920629635453224 17.109590545296669 16.005486577749252 51.864625617861748 13.304234534502028 5.5644719451665869 193.70930750668049
leaf_count=508 76 189 48 20 143 141 21 24 2066 197 19 24 50 20 111 3248 2604 141 43 94 3967 1346 290 170 66 68 177 53 20 719
internal_value=-6.53565e-05 0.00288965 0.0403029 -0.00564851 -0.0103343 0.00172361 0.0257288 0.0178821 -0.0143282 0.00371049 0.0233208 0.0124636 0.0471599 0.0119253 -0.00116833 0.00239509 -7.18925e-05 0.0170368 0.0384174 0.0577475 0.00279857 0.00534741 -0.000310273 0.00831243 0.013703 0.0187695 -0.00508571 0.0223147 0.0254866 0.0235103
internal_weight=4168.73 2725.96 35.5638 1442.77 705.206 175.465 61.151 55.8733 529.741 82.3091 41.1865 36.5804 23.3633 10.9772 737.567 2690.4 712.84 74.6422 39.9501 29.6732 2644.98 1453.39 1191.59 360.48 287.614 245.693 395.153 229.688 212.578 207.014
internal_count=16663 10437 124 6226 3213 764 256 235 2449 383 186 167 94 44 3013 10313 2902 298 157 114 10124 5490 4634 1386 1096 926 1523 858 792 772
is_linear=0
shrinkage=0.05


Tree=40
num_leaves=31
num_cat=0
split_feature=31 32 31 4 29 45 45 32 40 30 41 1 45 38 35 31 1 45 45 29 8 9 41 45 42 9 30 5 11 8
split_gain=41.559 25.996 20.2139 14.0206 11.7667 15.4733 19.1495 10.7756 10.8145 10.313 10.1902 14.8409 11.5247 10.0421 13.325 10.4037 10.4686 9.81927 32.0871 9.01062 8.98791 8.70331 8.93675 8.4642 8.31993 9.72092 10.9694 8.20144 9.53133 11.0971
threshold=-0.58235231041908253 -1.3116523027420042 -1.2566683888435362 -0.57869631052017201 -0.30520804226398462 -0.033681562170386307 0.0059972312301397332 -0.97320654988288868 0.74559864401817333 -0.75349104404449452 1.2700872421264651 0.941053867340088 -0.10915461555123328 -1.4987234473228452 2.3650834560394292 0.87531816959381115 -1.3487722277641294 -0.020825137384235855 -0.035887416452169411 -0.76920941472053517 -0.43283453583717341 0.044013893231749542 -0.55522996187210072 -0.056921096518635743 1.846608638763428 1.5693847537040713 0.13849397003650668 1.7023681402206423 2.0298364162445073 0.25869689881801611
decision_type=2 2 2 2 2 2 2 2 2 2 2 2 2 2 2 2 2 2 2 2 2 2 2 2 2 2 2 2 2 2
left_child=2 3 7 23 5 10 -7 -1 -9 -6 11 12 19 14 -3 -16 -17 18 -15 -4 -14 -8 -23 -2 25 27 -27 28 29 -19
right_child=1 13 4 -5 9 6 21 8 -10 -11 -12 -13 20 17 15 16 -18 24 -20 -21 -22 22 -24 -25 -26 26 -28 -29 -30 -31
leaf_value=0.026930777817080333 -0.041813243978540908 -0.017176918714054207 -0.0035207335752701257 0.015060359741447869 -0.05211247758654939 0.019051898094825662 -0.0055949924377563182 -0.013823867358574608 0.024192285314154946 0.002827778037887464 0.026888826178345829 -0.068621016054109751 -0.051524740235408421 -0.0058939523884688648 0.029920204073383562 -0.016671817890951905 0.033891497235218296 -0.006538319520017934 0.010489142405590488 0.028841164781084672 -0.0066736627055185085 0.033067018433210651 0.0018571435531134044 -0.00055970637010030607 -0.023697448406469042 -0.028464718349906271 0.019352248648117316 -0.017042783319876086 -0.04616564244864152 0.0016685216727015822
leaf_weight=21.383482217788696 15.590191215276716 274.74727085232735 43.121956169605255 293.37324699759483 8.7121640741825086 628.53014427423477 140.10248091816902 199.01646164059639 20.6482173204422 436.52175605297089 30.844943821430206 8.4984563589096052 12.580571711063383 755.80403944849968 28.479186117649078 50.650074750185013 12.829489916563032 1345.9220663011074 494.34652692079544 42.915862053632736 99.622513145208359 37.351165115833282 59.435882210731506 61.413189589977264 57.647396445274353 14.277226597070692 74.995024979114532 135.41328206658363 13.512679874897001 593.55702692270279
leaf_count=65 42 739 124 848 24 1846 395 551 58 1206 89 24 35 2053 77 137 35 3666 1364 121 280 107 169 170 156 39 205 367 37 1634
internal_value=0.000130289 -0.00257585 0.00651655 0.0100764 0.0086135 0.0113829 0.0144858 -0.00695204 -0.0102504 0.00175273 8.02932e-05 -0.00391947 -0.00114575 -0.00379233 -0.0116628 0.00481178 -0.00645276 -0.00296428 0.000584408 0.0126215 -0.0117025 0.00237073 0.0139014 -0.00891194 -0.00494895 -0.00445264 0.0117049 -0.00514333 -0.00431826 -0.0040267
internal_weight=6011.84 4222.56 1789.29 370.377 1548.24 1103 865.42 241.048 219.665 445.234 237.584 206.739 198.241 3852.18 366.706 91.9588 63.4796 3485.48 1250.15 86.0378 112.203 236.89 96.787 77.0034 2235.32 2177.68 89.2723 2088.41 1952.99 1939.48
internal_count=16663 11569 5094 1060 4420 3190 2517 674 609 1230 673 584 560 10509 988 249 172 9521 3417 245 315 671 276 212 6104 5948 244 5704 5337 5300
is_linear=0
shrinkage=0.05


Tree=41
num_leaves=31
num_cat=0
split_feature=43 34 5 41 35 31 8 35 39 46 35 5 31 39 44 6 12 35 41 29 5 33 33 2 41 41 12 8 44 30
split_gain=40.5509 29.2087 12.0094 12.4787 12.3168 11.8141 14.0257 12.522 11.2239 15.1573 11.1792 15.5096 14.714 13.8813 10.5618 9.9494 14.0473 13.4192 9.87296 9.68446 9.63919 9.49413 9.4089 9.35852 10.6781 9.28504 12.3752 8.99776 9.53246 9.61177
threshold=-0.65497523546218861 0.32532131671905523 -0.75216636061668385 0.97104579210281383 0.26338861882686621 -1.235995829105377 -0.51973119378089894 -0.60258078575134266 0.22501991689205172 1.1407254934310915 0.86537325382232677 1.3947606682777407 0.21523647755384448 0.54845446348190319 0.72854572534561168 0.20389983057975772 0.67422237992286693 -0.91208887100219715 -0.10077659040689467 -0.30520804226398462 -2.2659094333648677 -0.12854024022817609 -0.15081988275051114 -0.10719511657953261 0.063207760453224196 1.1268965601921084 -0.60612815618515004 -0.70932516455650318 -1.4505549669265745 -0.10732746124267577
decision_type=2 2 2 2 2 2 2 2 2 2 2 2 2 2 2 2 2 2 2 2 2 2 2 2 2 2 2 2 2 2
left_child=-1 2 4 5 15 6 -4 8 14 18 13 12 22 -5 -8 -2 17 -17 -10 -18 -3 23 -12 24 -22 -6 -27 -7 -29 -30
right_child=1 20 3 10 25 27 7 -9 9 -11 11 -13 -14 -15 -16 16 19 -19 -20 -21 21 -23 -24 -25 -26 26 -28 28 29 -31
leaf_value=-0.020430924330433871 -0.0063543120648730106 0.025775037887864338 0.078375058013629581 0.0080011893822672514 0.044106467686826127 -0.021794839563150866 -0.0071070567165262919 -0.022423653755696434 0.037773710621320455 -0.026501419331135791 0.094828046826227017 -0.01711852215289985 -0.023220085561315398 -0.022577031462348355 0.035517391864314872 0.10047523866764119 0.01931234946146888 0.022730450220679117 0.10980605080754838 -0.020204456788217001 0.050870699598304196 0.005582027920964034 0.030142095696980079 0.082145871456778194 -0.018207001200582381 0.040505414798523369 -0.018798064213708759 -0.019153246087758348 -0.0018394320081380009 -0.010799205077871096
leaf_weight=231.86363077163696 154.42813716828823 67.082642257213593 6.9493411630392066 203.70697201788425 34.23456934094429 84.126840323209763 57.096377685666084 30.924075677990913 15.447162687778476 6.559028521180152 13.595369651913645 11.948682263493536 5.4504774361848822 45.383172541856766 19.495406314730644 6.2948897182941428 27.509683787822723 46.928896352648735 6.87378714978695 35.527171090245247 11.701770737767225 1165.0797166228294 9.584857642650606 7.5691540837287894 10.719064235687254 15.872454404830931 19.734163656830788 111.95029851794243 1206.3224049955606 398.11534115672112
leaf_count=1172 611 225 26 855 122 345 226 129 61 28 49 49 23 196 73 25 110 179 27 140 38 4273 38 23 36 57 72 493 5251 1711
internal_value=-0.000125569 0.0011017 -0.00195337 -0.0032869 0.00679324 -0.00472961 0.0090852 0.00555489 0.0137581 0.0403205 0.00639455 0.0307305 0.0506997 0.00242997 0.00374242 0.00196307 0.013011 0.0319255 0.0599562 -0.00295907 0.00733228 0.00629704 0.0680809 0.0340744 0.0178457 0.0255139 0.0076378 -0.00582945 -0.00504693 -0.00406266
internal_weight=4068.08 3836.21 2574.06 2233.53 340.53 1943.86 143.345 136.396 105.472 28.88 289.67 40.5794 28.6307 249.09 76.5918 270.689 116.261 53.2238 22.3209 63.0369 1262.15 1195.07 23.1802 29.99 22.4208 69.8412 35.6066 1800.51 1716.39 1604.44
internal_count=16663 15491 10896 9580 1316 8370 570 544 415 116 1210 159 110 1051 299 1065 454 204 88 250 4595 4370 87 97 74 251 129 7800 7455 6962
is_linear=0
shrinkage=0.05


Tree=42
num_leaves=31
num_cat=0
split_feature=30 33 35 45 45 44 5 43 35 32 32 38 6 29 34 42 33 5 42 30 0 44 45 33 44 11 43 42 32 2
split_gain=24.8381 11.2468 13.8235 12.5889 19.2996 12.3044 11.4957 10.2878 9.86657 10.7878 9.83894 10.7852 14.4435 8.56472 13.1312 8.41602 16.3089 15.8048 11.0722 13.477 10.1289 10.0658 7.83585 8.47588 7.73739 7.64068 10.4647 12.4503 8.58426 7.46492
threshold=-0.42609804868698115 -0.71088644862174977 -1.2069829702377317 -0.031728330999612801 -0.091287329792976366 -1.1081517338752744 -0.76666858792304982 -0.60264790058135975 -0.43458148837089533 1.82929003238678 -1.6485332250595091 -0.18768828362226483 0.93991211056709301 -0.1769578084349632 -0.85365936160087574 0.67019477486610424 0.12709184736013415 -0.26926887035369867 -0.74142387509345997 -0.49726682901382441 0.37114007771015173 0.61920261383056652 -0.00064024128369055678 -0.30644844472408289 -1.6657265424728391 0.52746477723121654 -0.29402698576450342 -0.82344067096710194 -0.12483884021639823 0.17679477483034137
decision_type=2 2 2 2 2 2 2 2 2 2 2 2 2 2 2 2 2 2 2 2 2 2 2 2 2 2 2 2 2 2
left_child=1 3 -3 4 29 7 -6 -5 15 -10 -2 12 -12 -7 -15 18 17 20 19 21 -17 -4 -19 -24 -20 26 27 -8 -28 -1
right_child=10 2 8 5 6 13 25 -9 9 -11 11 -13 -14 14 -16 16 -18 22 24 -21 -22 -23 23 -25 -26 -27 28 -29 -30 -31
leaf_value=-0.027951220613936203 -0.020528974851966832 0.059784665604183246 0.027041208437694683 -0.032912009161449811 -0.04106826831233179 -0.018721069271382802 0.069428369956998554 0.012479101682317605 -0.010372382170830738 0.05792434171650386 0.00072588825517824784 0.0059727417311710137 -0.027136821501033956 0.055581960279740453 -0.023972031303539944 0.10352716621556789 0.088269128923787563 -0.012316336550841701 0.037479936004023377 0.092597977448452898 0.021018658934734338 -0.028761494381521403 0.0081399692278660979 0.082225508901399874 -0.0057577975542910014 0.063216928022631222 0.019918255903063432 -0.017626379532753571 0.073643467025662129 6.5488183898797808e-05
leaf_weight=46.835780993103981 44.687464609742165 9.2136193066835386 29.512209758162498 15.370034649968146 7.1740396469831458 418.3644065707922 4.9237509369850185 66.458379000425339 284.63711051642895 5.9018181562423697 1151.4993014335632 1486.6667172312737 48.469823464751244 9.9630080908536929 10.820591717958449 6.5057514160871497 7.2666177153587332 44.890412122011185 10.732863545417784 5.9051358401775351 8.6858572661876661 11.128578856587408 19.127299472689632 4.8368995189666739 287.69777175784111 11.226814195513724 22.709476530551907 24.762549519538879 11.054271414875986 48.288712352514267
leaf_count=216 189 35 119 80 32 1981 20 302 1187 22 4457 5586 205 36 43 26 29 181 45 23 35 45 81 20 1165 43 98 106 41 215
internal_value=-5.808e-05 -0.00538674 -0.00107481 -0.00993399 0.00158738 -0.0138478 0.0193875 0.00395318 -0.00184629 -0.00898505 0.00273956 0.00312659 -0.000399558 -0.0171647 0.0141637 0.00290763 0.0164055 0.0101922 -0.000665157 0.0220164 0.0563526 0.0117609 7.64989e-06 0.0230933 -0.00420278 0.0251953 0.0184678 -0.00318753 0.0375079 -0.0137289
internal_weight=4165.32 1433.99 736.042 697.952 176.975 520.976 81.8509 81.8284 726.828 290.539 2731.32 2686.64 1199.97 439.148 20.7836 436.289 91.3128 84.0462 344.977 46.5459 15.1916 40.6408 68.8546 23.9642 298.431 74.6769 63.45 29.6863 33.7637 95.1245
internal_count=16663 6226 3013 3213 771 2442 340 382 2978 1209 10437 10248 4662 2060 79 1769 372 343 1397 187 61 164 282 101 1210 308 265 126 139 431
is_linear=0
shrinkage=0.05


Tree=43
num_leaves=31
num_cat=0
split_feature=43 34 45 33 0 5 10 35 4 4 35 32 34 44 45 46 31 39 10 45 30 39 32 44 32 34 8 46 2 33
split_gain=53.643 45.3138 24.2197 12.5548 20.8574 16.731 11.0297 10.4626 9.84685 9.8419 9.27696 10.513 9.98062 9.11637 17.4516 11.4266 10.2057 9.99662 9.03667 8.81169 11.5749 8.74272 10.2602 8.46702 10.2142 11.3517 10.6734 8.73548 8.45214 8.34565
threshold=-0.65497523546218861 0.20041928440332415 -0.030697697773575779 -0.87415236234664906 -0.13392322510480878 0.88388609886169445 -0.01939310040324926 -1.2069829702377317 0.061501903459429748 1.847268879413605 -0.62392038106918324 -0.45440985262393946 -0.72418865561485279 -0.28713220357894892 1.0000000180025095e-35 -0.16024634987115857 3.3155907392501835 0.55883848667144786 -2.0522878170013423 -0.0039418870583176604 -0.52356824278831471 0.78383231163024913 0.32647725939750677 2.2950022220611577 1.5681980252265932 0.39772231876850134 -1.7583460211753843 -1.305670380592346 -1.3291811943054197 0.54627469182014476
decision_type=2 2 2 2 2 2 2 2 2 2 2 2 2 2 2 2 2 2 2 2 2 2 2 2 2 2 2 2 2 2
left_child=2 3 -1 4 6 7 19 8 -5 -4 11 -6 -12 14 28 16 18 -17 -15 -2 -21 23 -23 24 26 -26 27 -20 -3 -7
right_child=1 13 9 5 10 29 -8 -9 -10 -11 12 -13 -14 15 -16 17 -18 -19 21 20 -22 22 -24 -25 25 -27 -28 -29 -30 -31
leaf_value=-0.0068551224760837973 -0.011826020927024875 -0.024377573204839492 0.025954723999010634 -0.0051768937009238564 0.023316943469911297 0.010988022702967511 -0.052748101799193085 -0.00072861324289757003 -0.080747832463983218 -0.022602323851206568 0.0056201504604769595 0.0060737821924375145 -0.050989298362463464 0.015495816562989047 -0.021718303920029144 -0.016640586348133386 -0.040089145251552778 -0.0034631420235496438 -0.001654796753439327 0.013567862063499997 -0.019316056529806971 -0.0083236914833878812 0.036794309065252322 -0.054282314376601339 0.052138953482896093 0.0044542283066056178 -0.0030812827295535203 -0.038904987048868966 -0.0020904018221274728 -0.029454381373752305
leaf_weight=78.121358513832092 115.08381181955338 49.092261552810669 301.41135746240616 9.4445507526397723 257.85014486312866 412.32838395237923 10.840621560811995 2431.4053982794285 7.9295615553855887 10.809784114360808 121.93324252963066 134.50733011960983 8.3171903491020185 85.088119029998779 274.892294049263 291.87938636541367 16.059560179710388 283.92332482337952 25.369983583688736 122.61776614189148 34.23095577955246 21.771689504384995 29.914115905761719 8.1528811454772931 14.33363765478134 96.551489472389221 376.6976897418499 41.457876324653625 318.72270551323891 13.163597464561461
leaf_count=218 329 132 924 26 783 1155 30 6701 22 30 350 390 23 229 737 782 43 765 68 352 94 59 81 22 39 260 1014 111 858 36
internal_value=0.000120813 -0.00112546 0.0180436 0.00213126 0.00764866 0.000585263 -0.0032901 -0.00100489 -0.0396675 0.0242736 0.0135674 0.0174057 0.00200533 -0.00732204 -0.0121878 -0.00490004 -0.000680213 -0.0101429 0.000224773 -0.00131845 0.00639121 -0.00189063 0.0177892 -0.00369872 -0.00295487 0.0106182 -0.00634825 -0.0247636 -0.00506507 0.00973684
internal_weight=6003.9 5613.56 390.343 3679.65 805.381 2874.27 282.773 2448.78 17.3741 312.221 522.608 392.357 130.25 1933.91 642.707 1291.2 715.397 575.803 699.337 271.933 156.849 614.249 51.6858 562.564 554.411 110.885 443.526 66.8279 367.815 425.492
internal_count=16663 15491 1172 10291 2351 7940 805 6749 48 954 1546 1173 373 5200 1727 3473 1926 1547 1883 775 446 1654 140 1514 1492 299 1193 179 990 1191
is_linear=0
shrinkage=0.05


Tree=44
num_leaves=31
num_cat=0
split_feature=43 34 5 41 35 9 5 33 35 10 40 6 1 2 35 5 32 35 41 32 36 4 33 46 9 41 32 29 46 2
split_gain=38.173 26.562 12.3896 11.205 11.1733 16.7053 15.7112 10.309 9.68668 10.026 9.5239 8.85748 16.4708 8.40477 8.34984 8.17967 9.9859 12.9987 7.9871 7.74106 7.65298 8.16517 16.5171 15.7107 16.9361 15.4076 9.72843 9.50743 8.26041 8.01151
threshold=-0.65497523546218861 0.38675992190837866 -0.75216636061668385 0.97104579210281383 0.89000928401947033 0.38464830815792089 1.5351617932319643 -0.37632991373538965 0.1691742613911629 0.962467521429062 1.2511056065559389 0.20389983057975772 0.27351155877113348 -1.0462408661842344 -0.89781847596168507 -2.2659094333648677 1.5681980252265932 5.0285751819610605 2.2366212606430058 -0.97320654988288868 1.9462810158729555 -0.45917013287544245 1.2668765187263491 -1.0532586574554441 -0.21738812327384946 1.2458087205886843 -0.31532455980777735 1.0681979656219485 0.47021980583667761 -0.69114461541175831
decision_type=2 2 2 2 2 2 2 2 2 2 2 2 2 2 2 2 2 2 2 2 2 2 2 2 2 2 2 2 2 2
left_child=-1 2 8 13 5 -5 7 -6 11 10 18 -2 14 -4 -13 -3 20 -18 -10 -14 21 22 23 27 29 -23 -24 -17 -28 -25
right_child=1 15 3 4 6 -7 -8 -9 9 -11 -12 12 19 -15 -16 16 17 -19 -20 -21 -22 25 26 24 -26 -27 28 -29 -30 -31
leaf_value=-0.019986126843921051 -0.0056082698310279218 0.024407811055599318 -0.02898380733400199 0.0084875905817762831 0.08256923447383685 -0.022813977723384719 -0.024306031534074755 0.025272909156821066 0.041136731812855168 -0.024835187690572375 -0.0086795126210374076 0.081017670911537748 0.02407512056518827 -0.0040047879824041252 0.025884147205101817 0.011650593744297891 -0.0088102362517053258 0.047617710597423965 -0.019062023989504864 -0.01326405675022866 0.049499308243808181 -0.00040078030667660484 0.025672986167700553 0.038681586072975394 0.016583624015360229 0.023906470750554167 -0.015949183735768618 -0.021941799890773162 0.029790964929456862 0.082332377108059573
leaf_weight=228.20553687214851 155.23990009725094 65.842553436756134 34.265735074877739 201.28905412554741 12.007098704576491 54.07591338455677 10.656559020280836 22.678245350718498 58.592250287532806 10.501387655735014 15.054901018738745 8.4447650015354139 19.352266579866409 1955.2425982505083 36.76350724697113 90.693525388836861 154.26021127402782 10.928986698389052 6.0819794982671729 49.094216585159302 11.106656372547148 421.66022783517838 23.101841330528259 57.233073979616165 139.73731160163879 77.116627424955368 83.239390730857849 27.43456394970417 11.198614314198492 12.876588016748427
leaf_count=1172 614 218 141 840 41 234 42 89 208 39 53 32 75 8435 139 325 582 35 23 193 39 1588 79 184 491 266 303 101 38 44
internal_value=-0.000118954 0.00106302 -0.00172134 -0.00307533 0.00592044 0.00185919 0.0287933 0.0451073 0.00691331 0.0210892 0.027138 0.00215646 0.0127622 -0.00443501 0.0361829 0.00728061 0.00627427 -0.00507694 0.0354756 -0.00270694 0.0082369 0.00775158 0.0126711 0.0184345 0.026645 0.0033574 -0.00341067 0.00384896 -0.0105252 0.0466986
internal_weight=4063.98 3835.77 2649.34 2290.22 300.707 255.365 45.3419 34.6853 359.125 90.2305 79.7291 268.895 113.655 1989.51 45.2083 1186.43 1120.59 165.189 64.6742 68.4465 955.398 944.292 445.515 327.975 209.847 498.777 117.54 118.128 94.438 70.1097
internal_count=16663 15491 11198 9822 1246 1074 172 130 1376 323 284 1053 439 8576 171 4293 4075 617 231 268 3458 3419 1565 1145 719 1854 420 426 341 228
is_linear=0
shrinkage=0.05


Tree=45
num_leaves=31
num_cat=0
split_feature=30 32 44 6 31 10 4 7 45 38 6 30 45 5 5 45 31 44 31 31 31 34 5 39 39 6 44 30 29 7
split_gain=22.585 9.71038 17.1039 15.3147 13.6509 11.7278 9.87226 9.21424 11.0893 8.80043 12.3787 10.6494 15.2611 11.2753 18.1561 11.6827 18.0011 13.0384 10.9871 10.5483 12.6462 10.9337 10.7273 20.8066 11.037 10.8281 10.7482 10.4525 12.2114 13.4013
threshold=-0.42609804868698115 -0.41350392997264857 0.18034803122282031 -0.85637414455413807 -1.3980736732482908 -0.47526504099369044 -0.97078850865364064 0.59655404090881359 -0.019286686554551121 -0.18768828362226483 0.93991211056709301 2.227887868881226 -0.10489266738295554 -0.16541631519794461 -0.51856327056884755 0.0048661122564226398 0.80137449502944957 1.2314180731773379 -0.57617810368537892 -0.87366792559623707 -0.95450586080551136 0.0085401767864823359 -3.2292451858520503 1.8111937642097475 1.181809723377228 -0.45094074308872217 1.3707212805747988 0.29714550077915197 2.5834203958511357 0.33204790949821478
decision_type=2 2 2 2 2 2 2 2 2 2 2 2 2 2 2 2 2 2 2 2 2 2 2 2 2 2 2 2 2 2
left_child=1 3 4 5 -3 -1 -6 -8 -9 10 19 13 -13 14 -11 16 17 18 -16 20 -2 -22 23 -21 25 -24 -27 -15 29 -29
right_child=9 2 -4 -5 6 -7 7 8 -10 11 -12 12 -14 27 15 -17 -18 -19 -20 22 21 -23 24 -25 -26 26 -28 28 -30 -31
leaf_value=0.0034205390120671227 0.0032838470108551379 0.039009957940210907 -0.0086202545510811988 -0.011150989303681913 -0.041059596252608056 0.064399830363784882 0.0097429704451737226 0.020386247217794501 -0.028571526621648708 -0.001785287558259582 -0.024825699916389304 -0.012414664517902942 0.039769063142427376 0.00545886454250517 -0.0019068817874805734 0.0013256275584017201 -0.0062992324963782988 -0.018894164336284457 0.054691133013211705 -0.0052843315113109473 0.02435668301704335 0.12222687539580218 -0.0043637346125145844 0.11457280637516275 -0.022539038430963478 0.0039338012244850389 0.036988736596740381 -0.019437146789707122 0.040984151895843306 9.1479956104250645e-05
leaf_weight=26.4848443120718 17.390921309590343 30.207735136151314 371.09144884347916 687.03412252664566 11.801980435848234 11.227244213223456 241.3050342053175 16.876166343688965 36.762700662016869 116.69962900876999 51.273415580391884 19.879941821098328 47.454886630177498 742.20876884460449 9.6904847472906095 41.040424957871437 23.900446966290474 7.9291495233774176 74.472318485379219 9.3424171209335309 5.9916993826627714 5.4488421976566315 600.2139889895916 5.9123456031084052 56.710194930434227 446.82839341461658 26.024783045053482 127.2421068996191 14.339821219444273 283.77208852767944
leaf_count=110 68 119 1562 3115 53 45 1019 71 166 454 220 70 159 2821 37 153 89 29 273 37 24 21 2315 20 234 1731 97 472 48 1055
internal_value=-0.000294734 -0.00537962 -0.00121515 -0.00944811 0.00694019 0.0215746 0.00378202 0.00557632 -0.0131682 0.0023703 -0.000777742 0.00492678 0.0243623 0.00401878 0.0131522 0.0242531 0.0323653 0.0423998 0.0481745 0.000272653 0.0301421 0.0709698 -0.000479449 0.0411691 -0.00104181 9.42936e-05 0.00575307 0.00187747 -0.00437179 -0.00595421
internal_weight=4166.56 1432.79 708.045 724.746 336.954 37.7121 306.746 294.944 53.6389 2733.77 1225.14 1508.63 67.3348 1441.3 273.732 157.033 115.992 92.092 84.1628 1173.86 28.8315 11.4405 1145.03 15.2548 1129.78 1073.07 472.853 1167.56 425.354 411.014
internal_count=16687 6260 2990 3270 1428 155 1309 1256 237 10427 4767 5660 229 5431 1035 581 428 339 310 4547 113 45 4434 57 4377 4143 1828 4396 1575 1527
is_linear=0
shrinkage=0.05


Tree=46
num_leaves=31
num_cat=0
split_feature=43 34 45 30 31 1 33 46 44 34 46 32 45 33 30 29 32 38 41 30 41 30 41 33 45 6 43 6 34 46
split_gain=46.7823 34.3661 20.4562 15.327 19.6316 14.0651 12.9499 10.4153 12.4548 10.7483 10.2068 10.0566 9.87852 9.24831 11.1011 9.93191 10.0241 9.6499 9.89261 9.8361 10.0458 9.76174 8.88703 8.85189 8.63491 8.55099 8.33391 8.28089 8.24906 9.44716
threshold=-0.61320847272872914 0.20041928440332415 -0.035887416452169411 -0.6672825515270232 -1.235995829105377 -0.062115976586937897 -0.74350395798683155 0.17964119464159015 0.15900563448667529 -1.0736148357391355 -0.097642917186021791 -1.3116523027420042 -0.032886927947401993 -0.4140865951776504 -0.42609804868698115 -0.62320759892463673 0.29177221655845648 1.2965483665466311 0.97104579210281383 -0.19655887037515637 -1.5112424492835996 -0.17981053888797757 -0.92284119129180897 0.1005140393972397 -0.028295184485614296 0.40169903635978704 -0.45471294224262232 -0.77720412611961354 -0.32771357893943781 0.95402997732162487
decision_type=2 2 2 2 2 2 2 2 2 2 2 2 2 2 2 2 2 2 2 2 2 2 2 2 2 2 2 2 2 2
left_child=2 3 -1 4 7 10 -4 9 -9 -2 -6 -12 -7 14 26 22 -17 19 -19 -15 -21 -22 -16 25 -14 -11 -5 -18 -26 -30
right_child=1 -3 6 13 5 12 -8 8 -10 23 11 -13 24 17 15 16 27 18 -20 20 21 -23 -24 -25 28 -27 -28 -29 29 -31
leaf_value=-0.0070263775618925328 0.017231024293405436 -0.0068036917925295764 0.034300590921243289 -0.0083874638939794213 0.0068169164737119734 0.0028243333594908039 0.01386808249466576 -0.04328041018522244 -0.004719187425460904 -0.010263193609496127 0.01952952099691382 -0.018742736530063541 0.034589696893470447 -0.003800048265758714 0.025368341976320576 -0.018718798416163696 0.023093073093027529 0.037486068878338823 0.0039072411971467066 -0.037797353885578193 0.041625507708027851 0.0048703728248149607 -0.0044137586392199108 0.033694382843074563 0.016509987992326319 -0.060251690079321442 0.0064136991405337436 -0.0078244314940532737 -0.03967893713758508 0.02827629747274913
leaf_weight=96.892605274915695 58.589794218540192 1890.432346612215 98.719551473855972 140.82587018609047 265.49386414885521 152.8880133330822 361.5649785399437 36.350628197193146 49.392555803060532 50.379279583692551 21.298942983150482 88.414683133363724 63.673694133758545 608.58009901642799 32.95225203037262 266.99563735723495 25.508824914693832 37.138207346200943 53.577205449342728 13.402648866176603 18.607982069253922 618.75814610719681 104.43613317608833 9.2751080691814405 370.1862498819828 10.304784685373304 292.92226785421371 143.44594314694405 14.04977983236313 8.0417846739292127
leaf_count=269 170 5081 329 392 754 444 1064 101 138 137 62 251 196 1674 92 726 70 104 150 36 51 1696 290 26 1088 28 815 391 39 23
internal_value=5.52806e-05 -0.00135655 0.0138547 0.00153965 0.00614384 0.00913027 0.0182503 -0.00757011 -0.0210671 0.00143251 0.00151563 -0.0113129 0.0138229 -0.000801042 -0.00442724 -0.00899321 -0.0126876 0.00190394 0.0176542 0.000769391 0.0050426 0.00594344 0.0027294 -0.0117985 0.0175109 -0.0187518 0.00160818 -0.0031565 0.0147387 -0.0149418
internal_weight=6003.1 5445.92 557.177 3555.49 1198.34 984.047 460.285 214.292 85.7432 128.549 375.207 109.714 608.84 2357.15 1007.09 573.339 435.95 1350.06 90.7154 1259.35 650.769 637.366 137.388 69.9592 455.952 60.6841 433.748 168.955 392.278 22.0916
internal_count=16687 15025 1662 9944 3457 2857 1393 600 239 361 1067 313 1790 6487 2776 1569 1187 3711 254 3457 1783 1747 382 191 1346 165 1207 461 1150 62
is_linear=0
shrinkage=0.05


Tree=47
num_leaves=31
num_cat=0
split_feature=4 41 46 34 46 31 44 6 41 8 33 45 44 31 9 11 31 46 37 45 5 45 33 31 41 46 5 7 34 44
split_gain=24.6894 24.7191 17.4238 17.9401 13.3224 18.9263 18.9205 15.0455 14.4674 13.9264 13.2124 12.979 12.4512 12.3025 11.4888 11.4806 11.4575 11.051 16.2969 11.9752 11.4044 10.6458 25.1042 14.3487 16.8267 11.1169 9.95167 9.76125 11.7325 9.54788
threshold=-0.41618391871452326 1.1717813014984133 -1.3726520538330076 -0.5475688874721526 -1.0532586574554441 0.075702987611293807 0.45004852116107946 -1.6708117127418516 1.4186487197875979 -1.491945147514343 0.80286636948585521 -0.82946112751960743 -1.4505549669265745 -1.2145383954048155 0.59937715530395519 1.1396295428276064 2.7727711200714116 0.97957342863082897 1.4433135390281679 1.0773338079452517 0.38148953020572668 0.0027076285332441334 -1.2210695743560789 -1.3239342570304868 -0.7692933678627013 0.61535122990608226 -2.078290462493896 0.89876115322113048 0.055042542517185218 -1.3394008278846739
decision_type=2 2 2 2 2 2 2 2 2 2 2 2 2 2 2 2 2 2 2 2 2 2 2 2 2 2 2 2 2 2
left_child=4 11 -3 -4 6 -6 26 9 15 -7 -10 -2 13 -13 -15 -9 -8 18 21 -19 27 23 -23 24 -14 -26 -1 -20 -29 -24
right_child=1 2 3 -5 5 7 16 8 10 -11 -12 12 17 14 -16 -17 -18 19 20 -21 -22 22 29 -25 25 -27 -28 28 -30 -31
leaf_value=0.036019204997475282 0.021152767839715543 0.098444014235565314 -0.011708621306884069 0.016834161074286459 0.00098549662823754053 0.059194680106260014 -0.01349818963052828 0.019311502905126919 0.016599619952925384 0.006943167215016856 -0.031572415225612813 0.043766309279413475 0.052004575136360233 -0.027917120568842969 0.0096891864855711239 -0.0078890671745005542 0.059230683245736687 -0.011693831315234 0.022985798662872498 0.06052577060263245 -0.00183702137543212 0.080005155026505279 0.046390812053708985 -0.0072110095065065121 -0.016485328965748693 0.056387010822867359 0.0048565069967820744 0.12345511944584327 0.023671549065302375 0.00017514634656603425
leaf_weight=29.324346959590912 49.649255439639091 5.613324522972106 74.090238213539124 214.24156111478806 380.08246214687824 35.409955680370331 214.73418121039867 341.99705128371716 25.228791296482086 19.929056391119957 32.662428811192513 7.558453455567359 22.64268670976162 121.88385863602161 24.370045959949493 43.755669146776199 5.5553147047758094 441.76069250702858 21.692223206162453 5.8155750036239615 24.578765287995338 10.22052527964115 11.381134912371634 1031.8610596656799 28.809504240751266 6.3953681886196128 202.76401226222515 6.6538021117448789 5.2862573862075806 618.66505840420723
leaf_count=102 189 21 329 827 1523 110 836 1239 91 69 124 31 82 564 105 170 18 1907 93 23 101 42 49 4508 117 23 776 28 21 2569
internal_value=0.000220481 -0.00249936 0.0111983 0.00949976 0.00580374 0.00939164 -0.0011683 0.0157947 0.0127283 0.0403775 -0.0105792 -0.00415003 -0.00467576 -0.0184362 -0.0216508 0.0162262 -0.0116641 -0.00372909 -0.00197042 -0.0107554 0.0240511 -0.00284601 0.00227098 -0.00585253 0.0183794 -0.00324723 0.00879391 0.0429704 0.0792776 0.00100998
internal_weight=4064.61 2733.17 293.945 288.332 1331.44 879.065 452.378 498.983 443.644 55.339 57.8912 2439.22 2389.58 153.812 146.254 385.753 220.289 2235.76 1788.19 447.576 58.211 1729.98 640.267 1089.71 57.8476 35.2049 232.088 33.6323 11.9401 630.046
internal_count=16687 11629 1177 1156 5058 3326 1732 1803 1624 179 215 10452 10263 700 669 1409 854 9563 7633 1930 243 7390 2660 4730 222 140 878 142 49 2618
is_linear=0
shrinkage=0.05


Tree=48
num_leaves=31
num_cat=0
split_feature=30 41 30 3 39 31 6 41 42 11 33 29 32 2 36 41 30 33 46 2 32 7 11 35 34 38 9 5 35 32
split_gain=20.4497 12.203 24.3891 20.1989 16.8877 16.7807 12.5852 15.5794 11.818 15.6327 14.3122 10.7506 10.7288 10.5478 11.1585 10.7284 10.5453 19.6924 13.3142 12.7098 13.0506 10.1877 10.2893 9.99732 9.88726 12.8631 17.2807 12.3579 15.0429 11.8224
threshold=-1.0215784311294553 0.42082852125167852 0.48019975423812872 0.20701795816421512 0.62717956304550182 -1.573505103588104 0.786096751689911 -1.1501549482345579 -0.76831364631652821 -1.0903620719909666 2.3018376827239995 -0.032878963276743882 2.4203495979309086 0.056595068424940116 0.93091613054275524 0.15109122544527057 0.49309869110584265 1.3001963496208193 -0.65214756131172169 -1.0462408661842344 0.46688731014728552 0.8068787455558778 0.27617612481117254 -0.63989597558975209 3.0630524158477788 -1.6657589077949522 -0.61958575248718251 -2.078290462493896 1.2241461277008059 1.3331444263458254
decision_type=2 2 2 2 2 2 2 2 2 2 2 2 2 2 2 2 2 2 2 2 2 2 2 2 2 2 2 2 2 2
left_child=-1 3 -3 12 6 -6 8 -8 -5 -10 13 -7 16 15 -15 21 23 -18 19 20 -19 22 -11 -2 25 26 -4 28 -28 -29
right_child=1 2 24 4 5 11 7 -9 9 10 -12 -13 -14 14 -16 -17 17 18 -20 -21 -22 -23 -24 -25 -26 -27 27 29 -30 -31
leaf_value=-0.012931454769809515 -0.0050088468868426349 -0.0090349495926315606 -0.0021825486471684498 0.065918808251372391 0.086102363753907021 -0.0086913446443074322 0.077452077234469563 0.02067242487091335 -0.035755445219935005 0.0073290142286474543 0.086017483859719482 0.0066608353520497508 0.046677979950389317 0.0014316941494624067 0.02241414889789687 0.081129258885003816 -0.016448594655658757 -0.037278394902675115 -0.0066675446917547343 0.06029630971668163 0.048744514137905745 0.052018401377993809 0.051314128198198083 0.0042622014716863455 -0.019964280678282122 0.0013288009218953311 0.045171326800501038 0.064442200811580128 -0.011337146658815229 -0.0021451020643200695
leaf_weight=296.64744059741497 470.06354643404484 748.68822586536407 56.10115373134613 9.5024752467870695 5.667473852634429 212.77849735319614 15.423335433006285 55.750183075666428 18.299489110708237 101.22854872047901 6.3245351463556281 245.72275958955288 11.690986901521681 294.89673745632172 80.703101471066475 7.2535844743251792 246.45325416326523 9.5478801280260104 45.360350355505943 20.42585651576519 8.1918177902698499 19.658271133899689 15.306139290332792 762.40313911437988 34.800032541155815 272.3430507183075 22.282060340046883 35.951635256409645 24.98123337328434 8.1832710355520231
leaf_count=1465 1940 3102 215 34 19 866 53 208 67 384 20 926 45 1137 313 28 964 38 166 73 32 70 59 2966 138 1034 81 119 96 29
internal_value=-0.000280041 0.000690737 -0.00348793 0.0025792 0.00781618 0.000593255 0.013186 0.0329766 0.0106397 0.00967352 0.0112559 -0.000463712 -0.00104217 0.0103449 0.00594008 0.0218785 -0.00139924 -0.00933778 0.0116436 0.0334066 0.00244517 0.0187228 0.0131062 0.000726218 0.0056467 0.00776956 0.0196618 0.03307 0.0153035 0.0520959
internal_weight=4162.63 3865.98 1203.33 2662.65 1088.52 464.169 624.346 71.1735 553.173 543.67 525.371 458.501 1574.14 519.046 375.6 143.447 1562.45 329.979 83.5259 38.1656 17.7397 136.193 116.535 1232.47 454.642 419.842 147.499 91.3982 47.2633 44.1349
internal_count=16687 15222 4814 10408 4184 1811 2373 261 2112 2078 2011 1792 6224 1991 1450 541 6179 1273 309 143 70 513 443 4906 1712 1574 540 325 177 148
is_linear=0
shrinkage=0.05


Tree=49
num_leaves=31
num_cat=0
split_feature=43 31 45 45 33 33 46 31 29 31 32 33 45 12 33 33 45 45 41 9 32 31 10 41 38 2 45 38 8 31
split_gain=43.6198 27.8591 19.2981 13.1112 12.3749 11.3396 12.492 10.3179 11.7457 13.7841 20.1972 13.383 12.4117 10.5547 10.2755 9.39579 8.93992 12.9205 8.934 8.762 12.5348 11.553 9.06771 8.67989 8.56796 11.3368 8.86937 8.00234 9.66316 11.44
threshold=-0.61320847272872914 -0.58235231041908253 -0.035887416452169411 0.19051846861839297 -0.74350395798683155 -1.0152046680450437 -0.81027492880821217 -1.235995829105377 -0.30520804226398462 -0.87366792559623707 1.1614603996276858 -0.95023608207702626 -0.0043907724320888511 1.4621642827987673 0.081644915044307723 0.13721077889204028 -0.032158324494957917 0.0085274130105972307 -0.7163153588771819 -0.30307157337665552 0.30445018410682684 -0.75638058781623829 -0.04872623831033706 1.2700872421264651 0.79818862676620495 0.59738600254058849 -0.10915461555123328 -1.4987234473228452 -2.2634534835815425 0.52040013670921337
decision_type=2 2 2 2 2 2 2 2 2 2 2 2 2 2 2 2 2 2 2 2 2 2 2 2 2 2 2 2 2 2
left_child=2 7 -1 5 -4 6 -3 14 16 10 -10 -11 -12 15 -2 -13 23 19 -17 20 21 22 -18 24 25 26 -9 28 29 -7
right_child=1 3 4 -5 -6 27 -8 8 9 11 12 13 -14 -15 -16 18 17 -19 -20 -21 -22 -23 -24 -25 -26 -27 -28 -29 -30 -31
leaf_value=-0.0068385149616090714 -0.0077874217075156842 -0.014654475208753213 0.033576076281421667 -0.012845664712706362 0.013449393387097061 0.054436113324462479 0.021368989007181347 0.0098186722186300018 -0.039078756774080931 -0.050786092742495993 0.023383519149809517 -0.00093206474950771579 -0.016911600356149706 0.038863555906186939 0.036587090564505521 -0.01005039879298255 -0.003181942130816056 0.0004041058153864698 0.037205950290493305 0.019623726785406775 0.039853215112315238 0.020082778247279009 -0.044788702581935624 0.025319644187826236 -0.041443885968316316 0.048910467137390536 -0.013451360639086111 -0.0025151163806033982 -0.017193117576638963 -0.0036588083026374051
leaf_weight=96.973011404275894 229.12655645608902 32.453944385051727 96.940240859985352 349.98814108967781 359.95575904846191 9.6970087587833387 93.112766772508621 69.368212014436722 51.295974671840668 10.306931316852568 35.047222226858139 189.45117595791817 42.025534957647324 24.053310215473175 13.833672553300856 14.023629426956175 73.976565569639206 190.75336918234825 34.871480524539948 383.84472596645355 22.981464773416519 46.82115626335144 15.911786228418348 29.780098408460617 13.934973388910292 10.803333312273024 99.949643075466156 3086.8720060586929 199.66511848568916 67.1920106112957
leaf_count=269 640 93 329 944 1064 26 286 200 141 28 97 522 115 67 39 38 213 540 96 1136 66 134 46 87 39 31 281 8402 537 181
internal_value=5.22181e-05 -0.00130852 0.01342 -0.00361981 0.0177197 -0.00269435 0.0120584 0.00422962 0.00592605 -0.00125793 -0.0147682 0.00510164 0.00141176 0.00729689 -0.00526083 0.00411126 0.0089333 0.0115999 0.0236523 0.015529 0.00568678 -5.67518e-05 -0.0105471 0.000185596 -0.00367151 -0.000749267 -0.00391781 -0.00324511 -0.0113932 0.00366795
internal_weight=5995.01 5441.14 553.869 3838.98 456.896 3488.99 125.567 1602.16 1359.2 401.075 128.369 272.707 77.0728 262.4 242.96 238.346 958.125 734.289 48.8951 543.536 159.691 136.71 89.8884 223.836 194.056 180.121 169.318 3363.43 276.554 76.889
internal_count=16687 15025 1662 10469 1393 9525 379 4556 3877 1104 353 751 212 723 679 656 2773 2135 134 1595 459 393 259 638 551 512 481 9146 744 207
is_linear=0
shrinkage=0.05


Tree=50
num_leaves=31
num_cat=0
split_feature=43 4 8 45 5 31 45 31 34 33 35 43 44 34 30 36 44 36 32 5 30 5 5 40 32 45 0 38 34 9
split_gain=32.698 21.8452 13.9223 21.4208 13.0955 13.0083 12.537 13.3491 15.7544 13.2016 12.3426 11.314 9.68608 12.8599 14.8762 11.4291 9.5377 28.369 9.37175 11.4584 12.6117 9.28184 9.26345 8.8514 10.7576 8.82693 8.50675 8.34877 13.2589 11.749
threshold=-0.68222862482070912 -0.41618391871452326 1.8928161859512331 -0.82946112751960743 0.84918341040611278 3.3155907392501835 0.0046830305363982925 -1.2907491922378538 -0.56146156787872303 -1.1997563838958738 0.13614463061094287 -0.56448355317115773 0.51819556951522838 -0.56880167126655568 -0.27629190683364863 0.866375893354416 1.1061908006668093 1.0933722257614138 -0.74987727403640736 -0.11991688609123229 -1.3898040652275083 -0.11050258204340933 -0.36932967603206629 0.61209917068481456 0.74311149120330822 -0.033681562170386307 -2.328891277313232 -0.60796833038330067 0.33649915456771856 1.1149976849555971
decision_type=2 2 2 2 2 2 2 2 2 2 2 2 2 2 2 2 2 2 2 2 2 2 2 2 2 2 2 2 2 2
left_child=25 5 3 4 21 12 7 8 18 -8 -4 -9 13 -2 15 22 -12 -18 -5 -20 -21 -3 -15 24 -22 -1 -16 28 -14 -29
right_child=1 2 10 6 -6 -7 9 11 -10 -11 16 -13 27 14 26 -17 17 -19 19 20 23 -23 -24 -25 -26 -27 -28 29 -30 -31
leaf_value=0.0032668017293319184 -0.003913571953190218 0.056673276533769246 0.08133547253621734 -0.01843341051931148 0.06906955849686619 0.060557922066058228 0.05690057659472824 -0.018180090150050534 -0.035024286894405274 0.001639669525363702 0.0029059568026561268 -0.0049460879877896297 -0.01749792152490794 0.041067198195462284 0.043776756905476458 -0.017378056697031449 0.071594389537043099 -0.021871648513555809 0.089927569639625698 0.0587654511394963 -0.0034099058263137509 -0.0052986389474490069 -0.001901373547618383 -0.041087441251535656 0.048736201222981654 -0.026262914389757194 0.0078065674380319392 0.024557207897337185 0.003478542878127636 -0.02114290880612732
leaf_weight=30.75992351770401 155.07644882798195 8.4457316696643847 6.4546813368797293 12.986848488450049 15.478200808167456 11.03986546397209 10.970613762736319 182.49728006124496 14.924724847078322 727.57170443236828 101.39597503840923 1403.6642239093781 114.39077815413475 82.838690042495728 16.926239341497421 11.880752280354498 19.984131410717964 13.673212870955465 6.7108854949474326 16.738815531134598 24.515689671039588 21.229743808507919 14.781445950269697 7.6070228666067115 16.578764066100121 142.73861020803452 568.4640170186758 62.346006393432617 220.62902364134789 18.160449296236038
leaf_count=140 633 31 26 57 57 36 42 843 63 2993 362 6056 463 309 55 47 68 51 25 59 92 82 59 34 60 787 2051 248 788 70
internal_value=0.000209939 0.00115765 -0.00146273 -0.00233657 0.0317855 0.0065182 -0.00297199 -0.00535136 0.012361 0.00246054 0.0137896 -0.00646874 0.00604677 0.0091053 0.0120107 0.0289256 0.0105614 0.033624 0.0206676 0.0277056 0.0213248 0.0123388 0.034561 0.00845635 0.0176274 -0.0210275 0.00884663 -0.000209504 -0.00368376 0.0142483
internal_weight=4061.46 3887.96 2611.43 2469.92 45.1537 1276.53 2424.77 1686.22 100.063 738.542 141.508 1586.16 1265.49 849.968 694.891 109.501 135.053 33.6573 85.138 72.1512 65.4403 29.6755 97.6201 48.7015 41.0945 173.499 585.39 415.526 335.02 80.5065
internal_count=16687 15760 11001 10494 170 4759 10324 7289 390 3035 507 6899 4723 3154 2521 415 481 119 327 270 245 113 368 186 152 927 2106 1569 1251 318
is_linear=0
shrinkage=0.05


Tree=51
num_leaves=31
num_cat=0
split_feature=30 41 30 38 35 7 33 34 7 44 39 44 32 41 9 46 32 4 40 41 32 45 45 35 8 32 34 46 41 33
split_gain=18.8399 11.3136 22.6855 19.0859 13.1361 25.2855 13.3642 11.0481 13.2321 12.0757 10.6798 15.8624 12.7032 12.9168 12.1574 12.8069 11.8123 12.5701 12.9634 11.0044 10.6795 14.2506 13.5962 12.7322 11.1877 9.72526 9.69338 9.65941 9.64279 9.37829
threshold=-1.0215784311294553 0.42082852125167852 0.48019975423812872 -0.26852735877037043 -0.63989597558975209 0.61635491251945507 0.38696949183940893 -0.60737836360931385 -0.69765371084213246 0.9164186716079713 0.62717956304550182 -1.7675524950027464 -0.31532455980777735 -1.0113496780395506 -0.24270509183406827 -1.1596829891204832 -1.8541499972343443 1.1219429373741152 1.0963130593299868 -0.95199060440063465 1.82929003238678 0.082945447415113463 -0.37560118734836573 0.071357648819684996 -0.46570976078510279 -0.94903716444969166 -1.3121879696846006 -0.61999747157096852 0.010884356684982778 -0.68704098463058461
decision_type=2 2 2 2 2 2 2 2 2 2 2 2 2 2 2 2 2 2 2 2 2 2 2 2 2 2 2 2 2 2
left_child=29 3 -3 7 5 6 25 8 9 -2 11 -6 -12 -14 15 19 -16 18 -18 -13 22 23 -9 24 -22 -5 -27 -15 -21 -1
right_child=1 2 -4 4 10 -7 -8 20 -10 -11 12 14 13 27 16 -17 17 -19 -20 28 21 -23 -24 -25 -26 26 -28 -29 -30 -31
leaf_value=-0.016926473972889555 0.024303729310306194 -0.0087512651186621715 0.005413958436135599 -0.017905584267405822 0.054098318333404241 0.1025713633531352 0.029063857851144705 0.022724545070794553 0.0017914878164431193 0.11058277981682912 -0.0095820446213983734 0.093289896090996915 -0.01591684283433244 -0.02827482765303831 -0.04192540266524572 0.00092901961887318523 0.017220248234584463 0.046767761035989036 -0.015785774468504047 0.0060451350959391855 0.092049703253853615 0.081942850266486164 -0.010018612062249271 -0.018286069973698773 0.0018549036609781381 0.064462276072377686 -0.001839208845301101 0.014917956154764579 0.062882109553299273 0.0055408308833536065
leaf_weight=235.13026216626167 18.050640925765041 744.01517213881016 455.80054453015327 107.00628684461117 20.896099776029587 5.7827314287424079 31.432931736111641 33.50588595867157 98.912353411316872 5.230654150247573 162.44622486829758 5.7688295990228644 47.806291162967682 13.712204232811926 8.6792721003293973 378.61706386506557 367.41236756742001 32.751121029257774 32.369915574789047 31.395852223038673 6.2506776601076126 7.1331761032342902 589.59012416005135 22.797721415758133 7.6407949179410917 5.5930529981851569 383.99382999539375 231.04345141351223 9.7892302572727186 57.881221562623978
leaf_count=1224 75 3102 1712 472 79 21 115 130 423 21 650 20 184 54 36 1408 1371 118 121 120 23 26 2326 91 28 23 1567 870 36 241
internal_value=-0.000264669 0.000661921 -0.00337001 0.00247673 0.00522035 -0.00141438 -0.00255319 -0.00404755 0.00977398 0.0436882 0.0078581 0.0110507 0.00162963 0.00785495 0.0100129 0.00398353 0.0158286 0.0169875 0.0145478 0.0286139 -0.00657995 0.0172783 -0.00825791 0.00470616 0.0424394 -0.00455446 -0.00088736 0.0124981 0.0195546 -0.0124883
internal_weight=4158.44 3865.42 1199.82 2665.61 1876.5 533.809 528.026 789.112 122.194 23.2813 1342.69 887.68 455.008 292.562 866.784 425.571 441.213 432.533 399.782 46.9539 666.918 43.8224 623.096 36.6892 13.8915 496.593 389.587 244.756 41.1851 293.011
internal_count=16687 15222 4814 10408 7265 2198 2177 3143 519 96 5067 3309 1758 1108 3230 1584 1646 1610 1492 176 2624 168 2456 142 51 2062 1590 924 156 1465
is_linear=0
shrinkage=0.05


Tree=52
num_leaves=31
num_cat=0
split_feature=43 34 45 30 31 33 1 46 10 34 33 2 43 35 9 41 31 2 2 4 34 32 43 46 39 42 34 32 33 32
split_gain=39.8235 28.8454 17.8283 13.9895 17.9296 11.871 11.1875 9.18061 10.8122 10.4817 9.00476 12.9693 9.70992 9.15958 8.99456 9.40546 7.78179 7.72222 8.49645 9.10807 7.81461 9.03722 7.55934 7.4156 14.4895 9.95944 7.40324 8.4701 10.5501 7.10321
threshold=-0.61320847272872914 0.33649915456771856 -0.035887416452169411 -0.71064287424087513 -1.235995829105377 -0.74350395798683155 -0.040242403745651238 0.17964119464159015 0.64580127596855175 -1.0736148357391355 -1.0051001310348509 -0.32616008818149561 2.1295363903045659 -1.2069829702377317 -1.7468829154968259 -0.6607379913330077 -1.6412117481231687 1.5643248558044436 0.80248460173606884 0.45943066477775579 -0.84424838423728932 -0.77268719673156727 -0.69794538617134083 -0.48945710062980646 -0.37545116245746607 -1.1086782813072202 -1.1264050006866453 -0.69100478291511525 -1.0632244348525999 -0.90576863288879383
decision_type=2 2 2 2 2 2 2 2 2 2 2 2 2 2 2 2 2 2 2 2 2 2 2 2 2 2 2 2 2 2
left_child=2 3 -1 4 7 -4 26 9 -9 16 -8 -12 13 -13 15 -5 -2 18 19 -15 21 -20 -7 24 -16 -25 27 28 -6 -3
right_child=1 29 5 14 6 22 10 8 -10 -11 11 12 -14 17 23 -17 -18 -19 20 -21 -22 -23 -24 25 -26 -27 -28 -29 -30 -31
leaf_value=-0.0065699036987259306 -0.032940172529886028 -0.017696466816473761 0.032766354112867678 -0.026052698790089188 -0.011194510058056958 0.020695987482821879 0.022372174990942711 -0.028653787967470475 0.018112654657429107 -0.012388925062965003 -0.047011291974929675 -0.029941161290066 -0.0367172327341777 0.016538175579862539 0.0011238357931488007 0.031077874910524352 0.023555107313948349 -0.036236699219813366 0.038204017170403476 -0.0066589658412172965 0.039622976389102338 -0.038612500596622031 0.0061179422600996618 -0.021471300844816417 -0.012380913576514503 0.0011753431769208704 0.0062255424204708245 -0.038494118544555117 0.042976705616657937 -0.005791143987912117
leaf_weight=97.068082839250565 6.9203515350818625 136.64558508992195 94.894027501344681 8.8156422674655897 50.561812937259674 165.71895414590836 191.99461826682091 67.921255737543106 15.108119457960127 65.232709139585495 10.113904535770414 12.409469842910765 10.522285461425779 159.42899206280708 424.9470209479332 39.410182148218155 51.126133054494858 7.4795408248901358 7.5216031074523926 57.604565113782883 53.258281022310257 7.798719108104704 191.89879712462425 49.879796475172043 372.92163297533989 1817.6270616948605 272.37500727176666 20.772153109312057 10.93099185824394 1507.4980942606926
leaf_count=269 19 367 329 24 151 506 607 188 43 178 28 35 30 459 1166 109 150 21 22 165 158 23 558 137 1020 5011 773 60 32 4049
internal_value=4.74284e-05 -0.00124915 0.0128741 0.00114875 0.00596428 0.017045 0.00909783 -0.00729195 -0.0201441 0.00136406 0.0137812 0.00872378 0.0105075 0.0121341 -0.000766168 0.0206345 0.0168197 0.0139155 0.0152289 0.0103812 0.0305705 -0.000898975 0.0128734 -0.00115338 -0.00518825 0.000570467 0.00225536 -0.0108897 -0.00156501 -0.0067806
internal_weight=5986.41 5436.83 549.58 3792.68 1079.08 452.512 872.772 206.309 83.0294 123.279 518.132 326.137 316.023 305.501 2713.6 48.2258 58.0465 293.092 285.612 217.034 68.5786 15.3203 357.618 2665.38 797.869 1867.51 354.64 82.265 61.4928 1644.14
internal_count=16687 15025 1662 10609 3142 1393 2564 578 231 347 1548 941 913 883 7467 133 169 848 827 624 203 45 1064 7334 2186 5148 1016 243 183 4416
is_linear=0
shrinkage=0.05


Tree=53
num_leaves=31
num_cat=0
split_feature=4 41 46 35 46 44 31 37 41 44 46 10 31 31 11 31 5 7 11 42 33 5 38 35 44 35 46 4 46 37
split_gain=20.6237 22.145 22.5912 15.7141 12.2168 17.1805 16.8689 13.6791 15.2563 11.7753 11.3422 13.7809 13.0334 10.9718 10.236 10.0553 9.62801 15.5165 13.1216 9.77246 9.36036 8.94392 8.63951 8.69851 8.48174 8.39533 8.2615 8.24576 8.22566 13.5764
threshold=-0.41618391871452326 1.1717813014984133 -1.4231485128402708 0.840916007757187 -1.0532586574554441 0.45004852116107946 0.075702987611293807 -1.1473082304000852 1.4518160820007326 -1.4505549669265745 1.1744388341903689 0.77949947118759166 -0.15540911257266996 -1.2145383954048155 1.1396295428276064 2.7727711200714116 1.6478614211082461 1.0281686782836916 0.29064868390560156 0.95024481415748607 0.80286636948585521 -2.078290462493896 -1.3733034133911131 1.1869702339172366 -1.122623562812805 2.3650834560394292 -0.23165665566921231 -1.7098931074142454 0.97957342863082897 1.4433135390281679
decision_type=2 2 2 2 2 2 2 2 2 2 2 2 2 2 2 2 2 2 2 2 2 2 2 2 2 2 2 2 2 2
left_child=4 9 -3 16 5 21 -6 22 14 13 12 -12 -5 -2 24 -7 -4 18 -18 -19 -10 -1 27 -24 -9 26 -14 -8 29 -11
right_child=1 2 3 10 6 15 7 8 20 28 11 -13 25 -15 -16 -17 17 19 -20 -21 -22 -23 23 -25 -26 -27 -28 -29 -30 -31
leaf_value=0.033517934258462605 0.040360799222863113 0.12257995222761653 -0.0070274366472512896 0.067612764949101914 0.00075724020962951964 -0.01322293962375249 0.029726246832966215 0.0020488786142030097 0.011301971659188928 -0.0022707647208999701 0.02943815150623429 -0.021677798375619613 0.059561620194818879 -0.020479852040922227 -0.0078124038452273004 0.053787954122509286 -0.0034094777189472543 0.042898145400622111 0.095511950050951477 -0.023715054871571179 -0.031165960192625498 0.0042729791689155939 0.028706992670387788 -0.044103697991180246 0.021797708378570514 0.060813931644371148 -0.0051379268085031829 0.074338623616794844 -0.0089371720725508995 0.021578491430594007
leaf_weight=29.979409322142601 7.8118184208869925 4.4375483989715567 134.2210254073143 22.817867785692215 381.21238639950752 213.26622374355793 23.218250453472137 67.730104953050613 22.213085770606995 1748.1586339324713 28.822944223880768 24.304210260510445 6.1547632217407253 144.14699323475361 43.619134172797203 5.7490758895874015 5.1122063994407645 8.0251481533050555 9.7381167113780958 17.538586810231209 31.199080765247345 204.3310849070549 17.054785236716274 5.4010407030582419 275.57880492508411 9.7837985754013044 24.875188857316971 18.699390053749084 461.12062332034111 61.781708434224129
leaf_count=102 31 15 593 79 1523 836 73 254 80 7492 104 89 21 675 170 18 21 30 38 67 119 776 63 20 965 33 87 59 2000 254
internal_value=0.000201248 -0.00230042 0.0106139 0.00890879 0.00527996 -0.00139596 0.00869601 0.0146922 0.0115449 -0.00387716 0.023109 0.00605401 0.0373486 -0.0173522 0.0150028 -0.0114639 -0.000585322 0.0208099 0.0614584 -0.00280337 -0.0135044 0.00801479 0.0362209 0.0111947 0.0179015 0.0204287 0.00769517 0.0496278 -0.00297553 -0.00145668
internal_weight=4058.1 2718.85 295.831 291.394 1339.25 453.326 885.926 504.714 440.34 2423.02 116.759 53.1272 63.6316 151.959 386.928 219.015 174.635 40.4141 14.8503 25.5637 53.4122 234.31 64.3735 22.4558 343.309 40.8138 31.03 41.9176 2271.06 1809.94
internal_count=16687 11629 1177 1162 5058 1732 3326 1803 1588 10452 413 193 220 706 1389 854 749 156 59 97 199 878 215 83 1219 141 108 132 9746 7746
is_linear=0
shrinkage=0.05


Tree=54
num_leaves=31
num_cat=0
split_feature=30 41 30 38 31 33 44 33 7 29 32 46 31 45 43 4 2 32 8 11 30 41 12 46 31 8 2 33 33 41
split_gain=17.4145 10.4358 21.1676 17.7881 12.9937 23.0141 11.0643 10.8396 12.3428 18.3581 11.6727 11.0238 10.4948 9.82864 9.68857 9.31177 9.16237 10.8415 11.8603 12.1923 10.3465 11.8373 10.9867 9.68058 9.2082 9.14517 18.0002 13.0795 10.0953 10.0458
threshold=-1.0215784311294553 0.42082852125167852 0.48019975423812872 -0.26852735877037043 -0.87366792559623707 0.27546061575412756 -0.41526481509208674 -0.34610429406166071 0.8068787455558778 -0.95030164718627919 -0.96030586957931507 -1.6099392175674436 -1.1435914039611814 -0.37560118734836573 -0.59014639258384693 1.6334801912307741 0.040281135588884361 1.8820862770080569 2.0939245223999028 -0.14343915134668347 0.26464165747165685 -0.9715280532836913 0.24244228750467303 0.25054165720939642 -0.15540911257266996 -1.5886403918266294 -2.1045763492584224 2.0415039062500004 0.62180769443511974 1.2700872421264651
decision_type=2 2 2 2 2 2 2 2 2 2 2 2 2 2 2 2 2 2 2 2 2 2 2 2 2 2 2 2 2 2
left_child=-1 3 -3 4 5 6 -2 8 10 -10 -5 -9 -11 -6 15 -13 20 -18 19 -19 21 23 -23 24 -16 26 28 29 -4 -28
right_child=1 2 25 7 13 -7 -8 11 9 12 -12 14 -14 -15 16 -17 17 18 -20 -21 -22 22 -24 -25 -26 -27 27 -29 -30 -31
leaf_value=-0.012077925269127772 0.048482350210488724 -0.0084711619763666382 0.035505229557569046 -0.013588493845458356 0.019868481843278406 0.10319264545714149 -0.0066010480385482436 -0.043606254201626081 0.10684935260686382 0.07450399045234446 0.0019312578987975956 -0.0075323682657470123 0.00633471847151183 -0.0070257067481060481 0.040805418263228886 0.047802610861999835 0.0059226640809581675 -0.014580535915942293 -0.025464379344347039 0.061116176296356156 0.0073008863200047722 0.0083976097659175485 0.046294830726062573 0.018178787313439675 0.098757471768576882 -0.00034849818272064919 0.017001902870503859 -0.027271420434908392 -0.012716704451145481 0.050419868891812547
leaf_weight=289.45104569196701 12.116301879286764 739.45751975476742 13.157747179269789 154.36628612875938 35.716232985258102 7.1293669044971457 36.820219740271568 10.158237740397452 5.6713352799415579 6.2571527808904639 563.12108600139618 121.89160269498825 57.801615089178085 695.48756584525108 15.151159539818766 8.1085458695888502 653.44645173847675 6.6918709874153128 7.161401391029357 25.938659965991974 115.49181134998798 75.665521383285522 25.593307077884674 16.015611320734024 12.517587453126906 282.26405611634254 44.041393861174583 9.6203042566776258 61.975665673613548 45.954163894057274
leaf_count=1465 50 3102 48 673 137 26 154 38 22 22 2275 494 228 2776 54 29 2405 24 24 86 413 280 96 58 44 1068 162 38 240 156
internal_value=-0.000248718 0.000637223 -0.00324284 0.00237704 -0.00393333 0.0192644 0.00703717 0.00501809 0.000543998 0.0206269 -0.00140779 0.00823805 0.0129934 -0.00571204 0.00872403 -0.00408094 0.0104695 0.00746566 0.0328041 0.0455923 0.0184654 0.0273614 0.0179762 0.049116 0.0670234 0.00521671 0.0142059 0.0281424 -0.00427183 0.034066
internal_weight=4154.24 3864.79 1196.47 2668.32 787.27 56.0659 48.9365 1881.05 787.217 69.7301 717.487 1093.83 64.0588 731.204 1083.67 130 953.673 693.238 39.7919 32.6305 260.435 144.943 101.259 43.6844 27.6687 457.013 174.749 99.6159 75.1334 89.9956
internal_count=16687 15222 4814 10408 3143 230 204 7265 3220 272 2948 4045 250 2913 4007 523 3484 2539 134 110 945 532 376 156 98 1712 644 356 288 318
is_linear=0
shrinkage=0.05


Tree=55
num_leaves=31
num_cat=0
split_feature=43 31 45 35 33 33 39 31 29 31 32 33 45 12 33 33 45 45 45 5 32 43 45 45 9 32 31 10 39 45
split_gain=37.205 23.8059 16.6964 12.148 11.3468 11.0008 8.96813 8.94657 10.2239 12.9728 18.879 12.3886 11.5108 9.90568 9.72861 8.95891 8.67031 9.33238 19.4368 9.30864 8.56281 8.42274 8.35929 11.7653 8.10091 11.834 10.7579 7.73028 7.64827 8.00419
threshold=-0.61320847272872914 -0.58235231041908253 -0.035887416452169411 -0.75412502884864796 -0.74350395798683155 0.24072155356407168 0.58041736483573925 -1.235995829105377 -0.30520804226398462 -0.87366792559623707 1.1614603996276858 -0.95023608207702626 -0.0043907724320888511 1.4621642827987673 0.081644915044307723 0.13721077889204028 0.19051846861839297 -0.043214904144406312 -0.018509419634938237 0.20237191766500476 -1.7997873425483701 -0.35473319888114924 -0.032158324494957917 0.0085274130105972307 -0.30307157337665552 0.30445018410682684 -0.7508745789527892 -0.04872623831033706 0.20951543748378756 0.00051445994176901888
decision_type=2 2 2 2 2 2 2 2 2 2 2 2 2 2 2 2 2 2 2 2 2 2 2 2 2 2 2 2 2 2
left_child=2 7 -1 5 -4 6 20 14 22 10 -10 -11 -12 15 -2 28 17 -5 19 -19 -3 -7 -9 24 25 26 27 -24 -13 -30
right_child=1 3 4 16 -6 21 -8 8 9 11 12 13 -14 -15 -16 -17 -18 18 -20 -21 -22 -23 23 -25 -26 -27 -28 -29 29 -31
leaf_value=-0.0063105590182664026 -0.0073661837391770651 0.037583720518443928 0.032084647502555637 -0.008598469459907979 0.012482838596773817 0.011602198938665931 0.028895098871650288 -0.00013715453309648266 -0.037685348062665949 -0.048659673700619951 0.022654411763587307 0.0070460596885170319 -0.016181195631515089 0.037844498119798536 0.035945317061722153 0.023172379779780376 -0.011892821881087883 0.00098873741368996071 -0.0043588044233053343 0.014473586206229856 0.0025032995062549915 -0.04368651434429463 -0.0033285501152082106 0.00024570541199176463 0.018677372504939015 0.038698024890695924 0.019902545064533358 -0.041199629679154429 -0.0011350405632711729 -0.03568665572589487
leaf_weight=97.166256368160248 228.93149417638779 18.512473434209824 93.146495580673218 686.68987384438515 355.97096425294876 10.72125828266144 43.437941282987595 222.98019024729729 51.574115186929703 10.349230945110319 34.871087610721588 116.79620903730392 42.135385930538177 23.838986158370972 13.743714302778242 48.674052745103836 337.02384608983994 315.24027898907661 1901.9013775289059 215.43917801976204 288.19504672288895 19.268441826105118 75.611704498529434 190.45130634307861 379.2438853085041 22.652790784835815 44.344258189201355 16.396776705980301 46.40209236741066 26.240700870752335
leaf_count=269 640 59 329 1862 1064 29 121 638 141 28 97 322 115 67 39 134 908 857 5166 594 821 52 218 540 1136 66 128 47 128 72
internal_value=4.43531e-05 -0.00120659 0.0124824 -0.00334108 0.0165482 0.00514283 0.00763211 0.00392671 0.00551277 -0.0011851 -0.0142744 0.00499564 0.00140486 0.00711546 -0.00491327 0.00403899 -0.00427417 -0.00345101 -0.00199794 0.00646316 0.00462071 -0.0239209 0.00833415 0.0109263 0.0147055 0.00523229 -0.000327495 -0.0100775 -0.000877106 -0.0136161
internal_weight=5977.95 5431.67 546.284 3836.43 449.117 380.135 350.145 1595.24 1352.56 400.882 128.581 272.301 77.0065 261.952 242.675 238.113 3456.29 3119.27 2432.58 530.679 306.708 29.9897 951.681 728.701 538.249 159.006 136.353 92.0085 189.439 72.6428
internal_count=16687 15025 1662 10469 1393 1082 1001 4556 3877 1104 353 751 212 723 679 656 9387 8479 6617 1451 880 81 2773 2135 1595 459 393 265 522 200
is_linear=0
shrinkage=0.05


Tree=56
num_leaves=31
num_cat=0
split_feature=43 41 38 29 46 32 45 46 45 44 31 32 9 40 0 3 29 10 35 7 6 38 31 44 30 40 38 31 29 29
split_gain=28.879 17.2157 19.1951 14.6034 15.3493 12.0466 11.2935 18.0001 17.3447 11.442 12.8484 11.4913 11.4317 15.7921 12.6491 11.373 11.0687 10.3562 13.7573 12.5869 10.3505 10.2706 10.8967 10.1781 11.3563 10.1628 10.081 9.83273 14.3253 9.61666
threshold=-0.68222862482070912 0.20884866267442706 -1.9204701781272886 0.9341011941432954 -0.24206878244876859 1.1373984813690188 -0.12686705589294431 1.434895992279053 0.0089411209337413328 -0.2336853742599487 1.8061910867691042 -0.39080277085304255 -0.45555642247200007 1.1967634558677676 0.90614947676658641 -0.32540510594844813 1.3034185767173769 0.32777293026447302 0.26338861882686621 0.68497961759567272 0.46050211787223821 0.86859491467475902 0.034658880904316909 -0.33925646543502802 1.0290724635124209 0.73327073454856884 1.7685857415199282 0.91942134499549877 1.1691627502441408 -1.0818999409675596
decision_type=2 2 2 2 2 2 2 2 2 2 2 2 2 2 2 2 2 2 2 2 2 2 2 2 2 2 2 2 2 2
left_child=-1 2 -2 -4 23 16 7 12 26 11 -11 15 -3 14 21 -10 20 18 19 -13 -6 22 29 24 -5 -22 -8 28 -7 -14
right_child=1 6 3 4 5 27 8 -9 9 10 -12 17 13 -15 -16 -17 -18 -19 -20 -21 25 -23 -24 -25 -26 -27 -28 -29 -30 -31
leaf_value=-0.020142470890652422 0.053002632875165392 0.001281009601093857 -0.0033800396556094557 0.067812414886595923 0.0775872297450131 -0.021570233063834331 -0.002473318313805959 -0.018417002738333257 0.030864839810829887 0.0036347482909563412 0.044404626485906207 0.055423457835451467 0.077878499900358986 -0.0045119151639204788 0.0035968075614232786 -0.010076419942291387 0.015195876621779509 0.0082987569022536633 0.026844128032279226 0.13994323483025653 -0.01135039789721874 0.085331828116073941 0.066470809024748431 -0.011963870629128454 -0.0063740803555978305 0.066606981368563176 0.017251977510822792 -0.022193275465659433 0.029625005932454318 0.0085251337023390036
leaf_weight=167.43724888563156 16.012484163045883 41.621297419071198 2092.3443990051746 9.2570483684539813 19.520790904760361 18.890928819775581 751.2619111686945 30.318039447069168 30.491946265101433 316.74991995096207 20.580168664455414 16.211254805326465 6.1720892637968054 23.591133192181587 17.736157447099686 38.229490235447884 42.337827503681183 23.064836114645004 30.934211522340775 6.0484647005796424 9.1920546889305133 16.530707776546478 23.405857607722282 97.755538523197174 11.651364445686339 7.6681156456470481 70.885306179523468 23.239230185747147 49.386771991848946 26.284611746668816
leaf_count=927 50 155 8864 32 69 76 3014 121 106 1210 69 63 24 84 66 153 150 88 104 25 34 60 79 369 41 28 251 87 183 105
internal_value=0.000189428 0.00106517 -0.00155819 -0.00192508 0.00861243 0.0182346 0.00528554 0.0168235 0.00364336 0.0111708 0.00612208 0.022918 0.0237014 0.0319072 0.0414398 0.00808936 0.032576 0.0362809 0.0484139 0.0783894 0.0528018 0.0507113 0.0404664 -0.00519162 0.0264715 0.0241051 -0.000772609 0.00589888 0.0154604 0.0217136
internal_weight=4054.81 3887.37 2397.26 2381.24 288.9 170.236 1490.12 185.66 1304.46 482.31 337.33 144.98 155.342 113.721 90.1294 68.7214 78.7188 76.2588 53.1939 22.2597 36.381 72.3933 55.8626 118.664 20.9084 16.8602 822.147 91.5169 68.2777 32.4567
internal_count=16687 15760 9983 9933 1069 627 5777 694 5083 1818 1279 539 573 418 334 259 281 280 192 88 131 268 208 442 73 62 3265 346 259 129
is_linear=0
shrinkage=0.05


Tree=57
num_leaves=31
num_cat=0
split_feature=30 41 30 34 38 32 30 35 7 33 43 31 39 31 36 44 32 12 33 3 33 41 45 31 10 46 3 30 30 29
split_gain=16.1383 9.58435 18.4949 17.5376 17.4002 13.751 13.6052 10.7975 19.8469 12.2213 14.0025 16.9503 11.6882 14.4456 11.4933 12.3298 12.3497 10.6624 10.6286 17.0956 11.573 19.1855 12.247 10.0629 9.96751 9.91307 11.8157 9.54251 11.0717 9.43506
threshold=-1.0359535813331602 0.20884866267442706 0.43801502883434301 -1.1396406292915342 -0.26852735877037043 1.82929003238678 -0.59824490547180165 -0.63989597558975209 0.61635491251945507 0.1005140393972397 -0.39123803377151484 -0.55284181237220753 0.62717956304550182 -1.573505103588104 0.79993927478790294 -1.5297102928161619 -0.13692913949489591 0.68580156564712536 1.9495008587837221 -0.83615842461585987 -0.65121564269065846 -0.49885663390159601 -0.1636996120214462 0.087254766374826445 -0.99031364917755116 -1.1596829891204832 -0.44549457728862757 -0.42609804868698115 -0.37713691592216486 0.86094942688941967
decision_type=2 2 2 2 2 2 2 2 2 2 2 2 2 2 2 2 2 2 2 2 2 2 2 2 2 2 2 2 2 2
left_child=-1 4 3 6 5 18 -3 8 9 -6 -11 -12 14 -14 15 16 -9 -16 20 -20 21 23 29 -2 -4 26 -17 -15 -29 -22
right_child=1 2 24 -5 7 -7 -8 12 -10 10 11 -13 13 27 17 25 -18 -19 19 -21 22 -23 -24 -25 -26 -27 -28 28 -30 -31
leaf_value=-0.011976263215158399 -0.021175350006377755 0.070266093441328212 -0.0073048010776540469 -0.0080831393249684181 -0.004654718451622626 0.026291060333416841 -0.029805912000040603 0.021263584507572271 0.090596892109262819 -0.011233813886014245 -0.024244620073304361 0.059322408670436026 0.087120723077235618 -0.015311197346994593 0.066440429804437928 -0.0086071659374319411 0.092575377845459383 0.01995772773013187 0.060471237285077688 -0.030293384527000252 0.023825477367764469 0.029683835896298839 -0.012963948386159045 0.026867579947924942 0.0083212635871743219 0.0053263199310739544 0.042974580117088754 0.061542629911064198 0.0022134426781250951 -0.026541196434714417
leaf_weight=273.31898972392082 51.429914057254791 12.464518174529077 134.75267268717289 872.59094680845737 455.39844633638859 35.015005707740784 4.6684919297695151 25.449157923460007 5.8601384758949271 21.782516121864319 7.8863192051649085 26.318175002932549 4.7926050126552573 83.030992656946182 13.873345389962195 15.734150797128676 7.9733419865369788 111.41107827425003 14.44079300761223 8.0966316312551481 41.029534518718719 52.151501521468163 458.45382341742516 13.830562800168989 420.55881088972092 605.98614618182182 37.712261661887169 8.0655527561902982 313.88892151415348 12.022820204496382
leaf_count=1401 222 53 509 3646 1917 132 22 98 20 83 30 92 15 350 49 60 28 410 55 32 157 217 1826 58 1576 2235 137 30 1181 46
internal_value=-0.000233518 0.000594387 -0.00263063 -0.00709949 0.0025109 -0.0042329 0.042998 0.00516362 -0.000896064 -0.00194451 0.0201003 0.0400549 0.00771618 0.000823328 0.0111686 0.00864855 0.0382759 0.025105 -0.00587353 0.0278638 -0.00708251 0.00707427 -0.0103321 -0.0109937 0.00452942 0.00714693 0.0277894 -0.000197917 0.00369975 0.0124113
internal_weight=4149.99 3876.67 1445.04 889.724 2431.63 686.471 17.133 1745.16 517.246 511.385 55.987 34.2045 1227.92 409.778 818.139 692.855 33.4225 125.284 651.456 22.5374 628.918 117.412 511.506 65.2605 555.311 659.433 53.4464 404.985 321.954 53.0524
internal_count=16687 15286 5806 3721 9480 2745 75 6735 2142 2122 205 122 4593 1576 3017 2558 126 459 2613 87 2526 497 2029 280 2085 2432 197 1561 1211 203
is_linear=0
shrinkage=0.05


Tree=58
num_leaves=31
num_cat=0
split_feature=30 31 45 1 45 45 5 9 45 5 29 31 41 32 45 30 7 32 12 44 31 37 6 2 41 32 44 7 1 35
split_gain=26.9837 20.811 14.0941 12.2901 10.5366 21.6469 17.2434 13.5729 10.2125 9.36569 8.80961 8.79674 9.63984 8.77759 9.23512 8.75234 9.24213 8.57938 8.43088 8.39875 8.90191 9.52966 9.00161 8.33825 9.7532 9.52527 8.20523 9.65041 7.97545 7.94528
threshold=-0.70325133204460133 -1.235995829105377 0.19051846861839297 -0.062115976586937897 -0.043214904144406312 -0.02386680897325277 0.26870438456535345 -0.466887816786766 -0.033681562170386307 1.9247221350669863 -0.85253760218620289 0.11157339066267015 -1.2661796808242796 -0.83893403410911549 0.043286306783556945 -0.43234212696552271 0.84677281975746166 -1.4195293188095091 0.15255182981491092 -0.73377272486686695 -1.0399698615074155 -0.61967274546623219 -0.55798938870429982 0.25872056186199194 -0.12150312215089797 1.8820862770080569 1.6248277425765993 1.7461981177330019 0.91102901101112377 2.2399995326995854
decision_type=2 2 2 2 2 2 2 2 2 2 2 2 2 2 2 2 2 2 2 2 2 2 2 2 2 2 2 2 2 2
left_child=1 13 4 -3 7 6 -6 15 -5 17 18 12 -8 -1 -15 -2 -17 28 -9 -12 -21 22 -22 25 -25 -23 27 -26 -7 -29
right_child=2 3 -4 8 5 9 11 10 -10 -11 19 -13 -14 14 -16 16 -18 -19 -20 20 21 23 -24 24 26 -27 -28 29 -30 -31
leaf_value=0.019391295701869735 0.029890082810695381 0.0026970546402153204 -0.01068523483252462 0.0027007463989958749 0.0022086992044004 0.0075785295837845759 -0.019540084626465795 -0.060956594118299096 0.017845991154107888 -0.016960303369173087 0.0016292642524513943 0.029265811966713282 0.016201834184949571 -0.014531874319115113 0.021807083499668371 -0.0032384994085606594 0.029888068408092751 -0.0015107035677083415 -0.013439122819926206 0.026272078795665538 -0.0012669183445699959 -0.0036037734039035861 -0.042213384636061405 -0.025412608086170525 -0.00095707653090422852 0.049790471459819199 0.02811241382742365 -0.068541216067172409 0.047625433449068749 -0.015515679650645896
leaf_weight=27.316460609436035 31.688660979270935 373.65149602293968 395.83596923947334 146.45337700843811 406.67683708667755 89.354907184839249 22.441300630569458 15.209395021200178 463.79873307049274 94.486003339290619 184.89003619551659 112.33805939555168 118.37302714586258 174.20985382795334 19.434319376945496 151.99314740300179 24.440938234329224 2580.527218490839 24.168115168809891 15.641155451536177 19.126600205898285 163.76954245567322 45.005348920822144 120.00844565033913 78.185493528842926 8.8016388118267042 15.884418845176695 10.792399674654009 14.441841453313826 20.451644629240036
leaf_count=84 88 1083 1074 432 1124 258 61 42 1435 257 503 314 334 485 55 412 66 7119 67 44 52 444 122 325 214 24 43 29 42 55
internal_value=3.9615e-05 0.00672453 -0.00165088 0.00983861 -0.000832302 0.00044474 0.00858593 -0.00555383 0.0142113 -0.00148839 -0.00879694 0.0188306 0.0105057 -0.00714194 -0.0108849 0.00569587 0.00135043 -0.000943788 -0.0317925 -0.0074703 -0.0108509 -0.0120555 -0.0300016 -0.00930142 -0.0152251 -0.00088051 -0.00546887 -0.0103434 0.0131505 -0.0338319
internal_weight=5969.4 1204.86 4764.53 983.904 4368.7 3438.64 659.829 930.057 610.252 2778.81 721.934 253.152 140.814 220.961 193.644 208.123 176.434 2684.32 39.3775 682.557 497.667 482.026 64.1319 417.894 245.322 172.571 125.314 109.43 103.797 31.244
internal_count=16687 3574 13113 2950 12039 9509 1833 2530 1867 7676 1964 709 395 624 540 566 478 7419 109 1855 1352 1308 174 1134 666 468 341 298 300 84
is_linear=0
shrinkage=0.05


Tree=59
num_leaves=31
num_cat=0
split_feature=4 41 45 35 9 11 2 6 7 34 39 33 44 9 6 36 34 29 40 33 6 33 29 5 12 33 41 44 5 40
split_gain=17.8187 18.7526 11.1826 10.8469 12.2695 14.7268 11.3709 11.9764 10.9238 11.3687 10.7759 13.1685 10.7111 9.62447 9.1652 9.38545 8.38866 11.3244 12.8335 8.7404 12.285 8.75147 10.5636 9.9942 9.83727 8.44565 8.20989 8.17651 8.61899 8.10537
threshold=-0.3889747262001037 1.1717813014984133 -0.82946112751960743 1.057214677333832 0.33975121378898626 0.90093711018562328 2.2253793478012089 2.204912662506104 0.15433783829212191 -0.61624750494956959 0.051276864483952529 0.1005140393972397 -1.4505549669265745 0.59937715530395519 0.74414151906967174 1.0159177780151369 -0.5750475525856017 -0.23516611754894254 1.2511056065559389 0.82350647449493419 0.03529761545360089 -0.33015410602092737 -0.53574457764625538 -1.123108386993408 -0.53127944469451893 -0.60462111234664906 2.2366212606430058 0.98440936207771312 -1.3241001367568968 0.718927562236786
decision_type=2 2 2 2 2 2 2 2 2 2 2 2 2 2 2 2 2 2 2 2 2 2 2 2 2 2 2 2 2 2
left_child=16 2 -2 4 5 8 7 10 9 -3 -5 -12 13 -4 -8 -16 29 18 19 20 27 22 25 -23 -25 -22 -7 28 -18 -1
right_child=1 3 12 6 -6 26 14 -9 -10 -11 11 -13 -14 -15 15 -17 17 -19 -20 -21 21 23 -24 24 -26 -27 -28 -29 -30 -31
leaf_value=0.00020777964736477521 0.019589845163175055 -0.021757890643121554 -0.023406865888598222 0.075778779906885876 -0.018562102759258844 0.062096166530238139 -0.039170323569496304 0.10358274569797576 -0.0026087218950726879 0.068621284684338854 0.049058791374993305 -0.010857476909905394 -0.0033428696173892214 0.010851501318059051 0.041466851760205647 -0.010454356209345482 -0.028810961625841049 0.0037706373755780932 -0.018484619380949873 0.052565545092193369 0.029243389754345591 0.045614587593777838 0.022529717452968705 0.048603074677618506 -0.0083885776069103652 0.10513392929446466 -0.004050842299016786 -0.024474365946127539 0.01631761771895401 -0.025111122763399163
leaf_weight=181.39381656050682 50.400848746299744 5.0014428198337582 118.2643114477396 10.14855435490608 49.802442714571953 18.482460856437687 9.4284947365522367 6.3009553104639044 109.03096503019333 11.434226170182226 17.454766109585762 19.321344673633575 2168.121833845973 24.80063933134079 18.024824723601341 16.830990508198738 11.902965560555456 905.25605815649033 25.197972267866135 17.964823305606842 5.5704816281795528 22.947820499539375 16.61556313931942 9.831768259406088 32.937980577349663 10.723199889063833 6.2864256501197806 18.768382027745247 95.205041065812111 38.280720487236977
leaf_count=766 187 22 572 33 215 72 34 21 465 43 58 70 9386 108 59 57 42 3325 93 59 23 81 63 39 129 40 25 74 367 159
internal_value=0.000180816 -0.00221873 -0.00370915 0.00961045 0.00294527 0.0100749 0.0232838 0.0388581 0.00311939 0.0411185 0.0301669 0.0175801 -0.00421724 -0.0174681 0.00456501 0.0163954 0.00476271 0.00644212 0.0154772 0.0190066 0.0163212 0.0295348 0.050582 0.018995 0.00471247 0.0791885 0.0453078 0.00596807 0.0113025 -0.00420432
internal_weight=4051.73 2659.14 2361.59 297.548 200.038 150.236 97.5099 53.2256 125.467 16.4357 46.9247 36.7761 2311.19 143.065 44.2843 34.8558 1392.6 1172.92 267.666 242.468 224.503 98.6268 32.9092 65.7176 42.7697 16.2937 24.7689 125.876 107.108 219.675
internal_count=16687 11427 10253 1174 842 627 332 182 530 65 161 128 10066 680 150 116 5260 4335 1010 917 858 375 126 249 168 63 97 483 409 925
is_linear=0
shrinkage=0.05


Tree=60
num_leaves=31
num_cat=0
split_feature=29 44 30 39 45 45 33 5 43 44 42 30 41 41 44 46 44 46 3 11 44 0 41 8 30 42 33 6 42 32
split_gain=15.7423 10.4496 8.2024 25.0432 8.05427 19.2929 14.4159 11.064 11.3354 10.8274 14.1959 9.76385 9.72861 9.14861 9.12794 8.83649 9.43107 12.5008 15.7741 13.3652 9.02914 13.2741 9.08457 12.0435 9.74685 9.19089 8.63678 20.4417 9.10487 8.68737
threshold=-0.28964938223361963 -2.2199919223785396 -0.73548641800880421 -0.33565627038478846 -0.035887416452169411 -0.094896316528320299 -0.74350395798683155 0.27691102027893072 -0.60264790058135975 -1.1363689899444578 -0.77873244881629933 0.20465684682130816 0.97104579210281383 -0.84890833497047413 1.3707212805747988 1.2215771079063418 -0.38427942991256708 -0.59426787495613087 0.22754456102848056 -0.20095028728246686 0.69866183400154125 -0.93122136592864979 -0.22911388427019116 -0.43283453583717341 -0.80894711613655079 -1.19495153427124 -0.55393239855766285 0.57019501924514782 -1.1225518584251402 -0.51531219482421864
decision_type=2 2 2 2 2 2 2 2 2 2 2 2 2 2 2 2 2 2 2 2 2 2 2 2 2 2 2 2 2 2
left_child=4 -2 3 -3 5 7 9 -1 -9 10 -6 14 26 -8 -11 16 -15 18 20 -19 21 -18 -23 25 -25 -24 27 28 -7 -30
right_child=1 2 -4 -5 6 12 13 8 -10 11 -12 -13 -14 15 -16 -17 17 19 -20 -21 -22 22 23 24 -26 -27 -28 -29 29 -31
leaf_value=-0.014189132161231223 0.057510282123694946 0.12354216723290126 0.0025414669214911525 -0.005037298730764775 0.047969352511925967 0.069413510616609345 0.0080723965979690847 0.076892847843187007 0.0039414930322648921 -0.01863792454614142 -0.0051329631600133064 0.058013258973058202 -0.01541456233612739 -0.0083861822929364987 0.0078128909056540546 -0.018762528787226253 -0.028218885072621793 -0.026188969719755359 0.066514778000531238 0.0042359536523900593 -0.012012939199260176 0.0023889727985293438 0.053719680417483255 0.13678539756290761 0.05222131178702704 -0.017959497993089418 0.0054902174465363794 0.10710604580057788 0.0025823591821546939 0.038700009338468885
leaf_weight=149.43396152555943 8.757363021373747 5.6417346298694637 2359.5493275672197 11.518636003136633 15.102646231651304 9.3040073215961439 204.18694648146629 5.845479652285575 59.787928894162178 360.86017701029778 75.517990574240685 4.4762981384992591 21.357374921441078 280.73232968151569 35.857246920466423 88.212322652339935 11.023740395903586 47.583561509847641 14.564847975969313 149.51041363179684 29.963959872722626 16.826916202902794 9.3623056113719887 5.0389034748077384 10.524447545409204 8.5618447661399859 56.26453959941864 7.9399816095829001 42.416372090578079 27.406515702605247
leaf_count=647 32 20 8858 43 68 36 821 23 254 1826 373 18 94 1178 165 383 46 197 56 639 124 69 38 21 42 37 214 30 181 107
internal_value=0.000351607 0.00299284 0.00279196 0.0372352 -0.00325354 0.0031886 -0.00504199 -0.0066733 0.0104387 -0.0118927 0.00371696 -0.0154186 0.0160673 -0.00119617 -0.0162472 -0.00401282 -0.00178373 0.00433429 0.0181923 -0.00310941 0.0104838 0.0214735 0.0323609 0.0474213 0.0796004 0.0194806 0.0207583 0.0306249 0.0229504 0.0167591
internal_weight=4133.13 2385.47 2376.71 17.1604 1747.66 379.756 1367.91 215.067 65.6334 491.814 90.6206 401.194 164.689 876.093 396.717 671.906 583.693 302.961 105.867 197.094 91.3021 61.3382 50.3144 33.4875 15.5634 17.9242 143.331 87.0669 79.1269 69.8229
internal_count=16640 8953 8921 63 7687 1586 6101 924 277 2450 441 2009 662 3651 1991 2830 2447 1269 433 836 377 253 207 138 63 75 568 354 324 288
is_linear=0
shrinkage=0.05


Tree=61
num_leaves=31
num_cat=0
split_feature=33 35 5 38 40 39 41 46 0 45 12 7 5 45 45 40 11 45 35 11 32 41 7 37 38 10 33 5 40 11
split_gain=25.0631 15.4429 14.7934 12.1704 11.2285 9.93437 9.86519 8.43267 8.16197 9.83414 12.0769 10.0202 8.35689 7.58707 8.01054 7.57399 8.9197 8.32026 8.57993 8.23338 7.28731 7.10116 14.4483 6.92202 6.90025 8.95111 7.09008 7.91118 9.63353 6.84238
threshold=-0.87415236234664906 -0.99847105145454396 1.9247221350669863 -1.4987234473228452 1.3158215880393984 0.47675226628780371 2.5065044164657597 -1.145601689815521 -0.24076507985591886 -0.0017431188607588408 -0.37228302657604212 0.3905277699232102 -0.75216636061668385 -0.044719059020280831 -0.19066961854696271 -2.2159981727600093 -1.0903620719909666 0.41459055244922643 -0.53241610527038563 -2.1908386945724483 -0.9938804805278777 0.40483364462852484 -0.52754110097885121 1.3704681992530825 1.2323260307312014 -1.2982183098793028 0.76199784874916088 2.8128296136856084 0.63602358102798473 0.26031322777271276
decision_type=2 2 2 2 2 2 2 2 2 2 2 2 2 2 2 2 2 2 2 2 2 2 2 2 2 2 2 2 2 2
left_child=1 20 3 4 7 -6 15 -2 9 12 -11 -12 -3 14 -10 16 -5 19 -19 -17 -1 22 -15 -16 -4 -26 27 28 29 -27
right_child=2 8 24 6 5 -7 -8 -9 13 10 11 -13 -14 21 23 17 -18 18 -20 -21 -22 -23 -24 -25 25 26 -28 -29 -30 -31
leaf_value=0.028502999224036957 -0.006196893031229769 0.030748278402749601 -0.038034959659085904 0.025721511345685323 -0.00549190465026259 0.027413837876962416 0.02404701994257652 -0.023581116712411091 0.014555540334830534 0.012034544509906864 -0.063853197400604564 0.0052512671542524463 -0.024648167684619367 -0.02895617478435443 -0.0072885902651859307 -0.041523189866959374 -0.0090873541039626256 -0.036873271488130403 -0.0068024716676091989 -0.00038223438251629231 0.010424057595802012 0.026591048912683681 0.011779693090451571 -0.054481465583818216 0.026419351408993097 -0.052619275936480386 -0.023932297503971238 0.040517517783243084 0.042227037323117375 -0.0073065159189976137
leaf_weight=104.2297341376543 137.10346019268036 7.5641863346099845 28.354804456233978 55.858306348323822 84.026412546634674 31.549082309007645 40.695008099079132 142.0154325067997 41.929900676012039 91.620457708835602 10.711551874876024 10.280214458703993 68.103188633918762 24.206143170595169 71.822189599275589 12.196403741836546 27.447045147418976 27.747338443994522 163.47405758500099 4190.5148271620274 119.81111678481102 62.530273258686066 216.0426916629076 8.7125416100025159 14.334775805473326 10.947786241769789 89.657124847173691 9.3077021539211255 7.7241654694080344 34.857235074043274
leaf_count=348 370 21 77 152 228 87 120 387 123 265 30 30 192 69 208 33 74 76 442 11604 373 195 658 25 39 30 242 26 21 95
internal_value=-0.000417155 0.00759975 -0.00173174 -0.00119539 -0.00961524 0.0034905 -0.000459817 -0.015042 0.00349701 -0.00517 0.00419695 -0.0300109 -0.0191104 0.00733439 -0.00316697 -0.000682567 0.0142529 -0.000965731 -0.0111659 -0.000501627 0.0188349 0.0115819 0.00767537 -0.0123941 -0.0152314 -0.0113556 -0.0149065 -0.00202836 -0.00942628 -0.0181366
internal_weight=5945.38 837.564 5107.81 4912.63 394.694 115.575 4517.93 279.119 613.523 188.28 112.612 20.9918 75.6674 425.244 122.465 4477.24 83.3054 4393.93 191.221 4202.71 224.041 302.779 240.249 80.5347 195.184 166.829 152.494 62.8369 53.5292 45.805
internal_count=16640 2537 14103 13573 1072 315 12501 757 1816 538 325 60 213 1278 356 12381 226 12155 518 11637 721 922 727 233 530 453 414 172 146 125
is_linear=0
shrinkage=0.05


Tree=62
num_leaves=31
num_cat=0
split_feature=43 41 38 5 37 6 36 46 40 33 30 36 40 46 44 12 4 7 31 2 6 39 11 43 41 40 31 5 6 34
split_gain=29.6972 19.0109 15.5676 10.3802 13.5986 16.0915 11.1892 16.1928 10.4293 9.59982 9.48498 8.85011 11.2418 8.7699 8.16973 8.60489 13.8631 11.3283 7.92919 7.9321 15.3106 15.0606 11.4175 7.19053 7.86557 7.09975 9.32205 9.91004 7.46266 7.35956
threshold=-0.6607963740825652 0.20884866267442706 -1.9204701781272886 -0.70677065849304188 1.2440811395645144 0.44334584474563604 0.35778558254241949 -1.1751968860626218 2.1772257089614873 -0.77713796496391285 -0.2041622847318649 2.0299143791198735 1.4584288597106936 -1.0123055577278135 2.0251833200454716 0.47260825335979467 -0.054790971800684922 0.356050655245781 -1.5011441111564634 -1.0053369402885435 0.40946808457374578 0.71705281734466564 -0.50541687011718739 -0.43922854959964747 0.84134081006050121 0.45463992655277258 2.3665641546249394 0.34277591109275823 -0.47154116630554194 -1.2281582355499265
decision_type=2 2 2 2 2 2 2 2 2 2 2 2 2 2 2 2 2 2 2 2 2 2 2 2 2 2 2 2 2 2
left_child=-1 2 -2 4 -4 -6 8 10 14 -3 -8 12 18 -14 15 -5 -17 -18 -11 20 22 -22 -20 24 -15 26 29 -28 -27 -9
right_child=1 9 3 6 5 -7 7 25 -10 11 -12 -13 13 23 -16 16 17 -19 19 -21 21 -23 -24 -25 -26 28 27 -29 -30 -31
leaf_value=-0.018411211544371763 0.047129451293196289 -0.0057001000440716244 0.0035172066175139963 -0.00076131038470099877 0.093446527982354921 0.0091113284710866421 0.005578621322177511 0.0054239806590981156 0.071229912605833653 0.04668710296896561 0.069202944393455243 0.058649664541787411 -0.024520473836682436 0.063104552165416217 -0.035780603108135592 -0.017090626806109337 0.090612633099304354 0.016342999908552983 0.015687829297828439 0.0054666907102044124 -0.011184261455480921 0.074958008679789828 -0.012893476560358523 -0.0065860070533194023 0.0057175852906253327 0.040615202894824169 0.083439403633822601 -0.013844832586572832 -0.00431196390085816 -0.015764505492756119
leaf_weight=202.40780693292618 16.295180976390839 165.62620468437672 301.52435339987278 1150.3479694873095 9.4516469240188616 14.084913939237593 13.788113743066789 45.246814638376236 5.0857272744178763 13.340019345283507 10.184534117579458 8.2634544074535352 45.784132033586502 8.6284614652395266 16.208092376589775 12.211240887641905 9.4072958081960696 11.303579553961752 235.57392539083958 859.1322937309742 6.9460303634405163 18.826620683073997 41.027350977063179 69.936295986175537 19.386603146791458 9.5687923133373243 5.1421316713094694 5.3323756456375122 271.52127380669117 434.77750726044178
leaf_count=1133 50 735 1118 4817 35 52 59 213 17 45 39 31 169 29 68 52 39 50 809 3371 23 62 142 255 68 38 21 23 1158 1919
internal_value=0.000254414 0.00123984 -0.00157113 -0.00191243 0.00637443 0.0429781 -0.00325921 -0.00786091 -0.000219992 0.00564986 0.0326088 0.00706664 0.00674337 -0.00645568 -0.000522936 -3.9987e-05 0.0251641 0.0500778 0.0083582 0.00791798 0.0148828 0.0517417 0.0114485 0.00198812 0.0233924 -0.00911827 -0.0127491 0.0339138 -0.00278257 -0.0137673
internal_weight=4036.36 3833.95 2341.48 2325.19 325.061 23.5366 2000.13 795.562 1204.56 1492.47 23.9726 1326.85 1318.58 143.735 1199.48 1183.27 32.9221 20.7109 1174.85 1161.51 302.374 25.7727 276.601 97.9514 28.0151 771.589 490.499 10.4745 281.09 480.024
internal_count=16640 15507 9768 9718 1205 87 8513 3470 5043 5739 98 5004 4973 521 5026 4958 141 89 4452 4407 1036 85 951 352 97 3372 2176 44 1196 2132
is_linear=0
shrinkage=0.05


end of trees

feature_importances:
volatility_50=153
obv_slope=150
atr_14=143
adx=126
volatility_20=115
sma_cross_20_50=99
vol_ratio_10_50=99
atr_norm=85
mfi=81
volatility_10=75
volume_trend=67
volume_ratio=65
bb_width=62
trend_slope_10=53
sma_cross_10_50=47
macd_norm=38
trend_slope_20=36
ema_trend=36
ema_trend_slope=36
macd_hist_slope=35
vwap_dev_10=33
macd_signal=32
price_vs_sma50=31
vwap_position=30
di_diff=30
bb_position=28
price_vs_sma10=25
vwap_dev_20=25
rsi_14=22
sma_cross_10_20=17
price_vs_sma20=16

parameters:
[boosting: gbdt]
[objective: multiclass]
[metric: multi_logloss]
[tree_learner: serial]
[device_type: cpu]
[data_sample_strategy: bagging]
[data: ]
[valid: ]
[num_iterations: 21]
[learning_rate: 0.05]
[num_leaves: 31]
[num_threads: -1]
[seed: 42]
[deterministic: 0]
[force_col_wise: 0]
[force_row_wise: 0]
[histogram_pool_size: -1]
[max_depth: -1]
[min_data_in_leaf: 20]
[min_sum_hessian_in_leaf: 0.001]
[bagging_fraction: 0.8]
[pos_bagging_fraction: 1]
[neg_bagging_fraction: 1]
[bagging_freq: 5]
[bagging_seed: 400]
[bagging_by_query: 0]
[feature_fraction: 0.8]
[feature_fraction_bynode: 1]
[feature_fraction_seed: 30056]
[extra_trees: 0]
[extra_seed: 12879]
[early_stopping_round: 0]
[early_stopping_min_delta: 0]
[first_metric_only: 0]
[max_delta_step: 0]
[lambda_l1: 0]
[lambda_l2: 0]
[linear_lambda: 0]
[min_gain_to_split: 0]
[drop_rate: 0.1]
[max_drop: 50]
[skip_drop: 0.5]
[xgboost_dart_mode: 0]
[uniform_drop: 0]
[drop_seed: 17869]
[top_rate: 0.2]
[other_rate: 0.1]
[min_data_per_group: 100]
[max_cat_threshold: 32]
[cat_l2: 10]
[cat_smooth: 10]
[max_cat_to_onehot: 4]
[top_k: 20]
[monotone_constraints: ]
[monotone_constraints_method: basic]
[monotone_penalty: 0]
[feature_contri: ]
[forcedsplits_filename: ]
[refit_decay_rate: 0.9]
[cegb_tradeoff: 1]
[cegb_penalty_split: 0]
[cegb_penalty_feature_lazy: ]
[cegb_penalty_feature_coupled: ]
[path_smooth: 0]
[interaction_constraints: ]
[verbosity: -1]
[saved_feature_importance_type: 0]
[use_quantized_grad: 0]
[num_grad_quant_bins: 4]
[quant_train_renew_leaf: 0]
[stochastic_rounding: 1]
[linear_tree: 0]
[max_bin: 255]
[max_bin_by_feature: ]
[min_data_in_bin: 3]
[bin_construct_sample_cnt: 200000]
[data_random_seed: 175]
[is_enable_sparse: 1]
[enable_bundle: 1]
[use_missing: 1]
[zero_as_missing: 0]
[feature_pre_filter: 1]
[pre_partition: 0]
[two_round: 0]
[header: 0]
[label_column: ]
[weight_column: ]
[group_column: ]
[ignore_column: ]
[categorical_feature: ]
[forcedbins_filename: ]
[precise_float_parser: 0]
[parser_config_file: ]
[objective_seed: 16083]
[num_class: 3]
[is_unbalance: 0]
[scale_pos_weight: 1]
[sigmoid: 1]
[boost_from_average: 1]
[reg_sqrt: 0]
[alpha: 0.9]
[fair_c: 1]
[poisson_max_delta_step: 0.7]
[tweedie_variance_power: 1.5]
[lambdarank_truncation_level: 30]
[lambdarank_norm: 1]
[label_gain: ]
[lambdarank_position_bias_regularization: 0]
[eval_at: ]
[multi_error_top_k: 1]
[auc_mu_weights: ]
[num_machines: 1]
[local_listen_port: 12400]
[time_out: 120]
[machine_list_filename: ]
[machines: ]
[gpu_platform_id: -1]
[gpu_device_id: -1]
[gpu_use_dp: 0]
[num_gpu: 1]

end of parameters

pandas_categorical:null
