tree
version=v4
num_class=1
num_tree_per_iteration=1
label_index=0
max_feature_idx=31
objective=regression
feature_names=volatility_5 volatility_10 volatility_20 volatility_50 vol_ratio_5_20 vol_ratio_10_50 atr_14 atr_50 atr_norm atr_ratio volume_ratio volume_trend low_liquidity trend_strength price_vs_sma20 price_vs_sma50 regime_bull regime_bear regime_flat drawdown drawdown_depth bar_range gap gap_risk rsi_14 rsi_extreme_high rsi_extreme_low model_confidence model_P_up model_P_down model_uncertainty return_autocorr
feature_infos=[8.1122031314606602e-10:0.13410760462284088] [6.2540479120798409e-05:0.10684928297996521] [0.00012321677058935165:0.074936293065547943] [0.00021380701218731701:0.047292266041040421] [4.0330971273760952e-07:2.1530482769012451] [0.059803880751132965:2.321753978729248] [4.0714287024457008e-05:3328.1572265625] [7.2599999839439988e-05:1411.8599853515625] [0.00014553811342921108:0.11431319266557693] [0.152298703789711:3.3178291320800781] [9.3685150204692036e-05:19.624713897705078] [-0.97906738519668579:1.4804325103759766] [0:1] [-0.11437097936868668:0.240735724568367] [-0.31913614273071289:0.32850727438926697] [-0.34072062373161316:0.53575342893600464] [0:1] [0:1] [0:1] [-0.36688798666000366:0] [0:0.36688798666000366] [0:0.4053901731967926] [0:0.29408779740333557] [0:1] [-1:1] [0:1] [0:1] none none none none [-0.81511986255645752:0.86313003301620483]
tree_sizes=3068 3141 3154 3142 3159 3123 3141 3136 3145 3179 3166 3144 3174 3140 3182 3158 3158 3166 3149 3156 3128 3131 3124 3133 3147 3131 3145 3163 3178 3152 3158 3139 3142 3136 3138 3128 3115 3127 3144 3151 3117 3101 3142 3149 3116 3156 3132 3150 3127 3113 3144 3109 3168 3146 3114 3150 3162 3163 3119 3158 3117 3129 3151 3126 3147 3117 3127 3138 3136 3126 3121 3133 3123 3136 3160 3160 3204 3177 3116 3135 3145

Tree=0
num_leaves=31
num_cat=0
split_feature=3 3 3 0 2 3 31 2 3 6 6 3 8 17 4 13 8 6 6 3 8 6 8 6 24 4 9 3 6 3
split_gain=0.197374 0.0379812 0.0183508 0.0119963 0.00795345 0.00533195 0.00746875 0.00298564 0.00260989 0.00239929 0.00221187 0.00209923 0.00178251 0.00173324 0.00223266 0.0017031 0.00345519 0.0013568 0.00127072 0.00128199 0.00111675 0.000886146 0.000827729 0.000707351 0.00062514 0.000798484 0.000616149 0.00291288 0.000791309 0.000603657
threshold=0.0022153826430439953 0.0045115095563232907 0.0011943335412070157 0.0084746838547289389 0.0030366388382390146 0.008811799809336664 0.28734053671360021 0.0050825597718358049 0.0017444713157601657 0.015860714949667457 3.9117857217788701 0.0033191546099260454 0.00095050965319387626 1.0000000180025095e-35 1.4569047689437868 -0.0088488850742578489 0.0057097512762993583 0.014307142700999977 0.23503571748733523 0.0062471975106745967 0.0023456561611965303 1.863928556442261 0.0058421620633453139 0.00070535714621655654 -0.27285395562648768 1.6425615549087527 1.1933283209800722 0.0056510749273002156 0.0082178572192788141 0.0039086006581783303
decision_type=2 2 2 2 2 2 2 2 2 2 2 2 2 2 2 2 2 2 2 2 2 2 2 2 2 2 2 2 2 2
left_child=2 4 12 7 10 15 13 24 23 17 20 -6 -1 -7 -15 16 -5 22 19 -11 -2 -18 -9 -4 25 -3 27 -24 -29 -13
right_child=1 3 8 5 11 6 -8 9 -10 18 -12 29 -14 14 -16 -17 21 -19 -20 -21 -22 -23 26 -25 -26 -27 -28 28 -30 -31
leaf_value=0.0021097857547993804 0.002209342806292361 0.0023138061685831599 0.0021333027049887919 0.0031153821475446925 0.0022351875807094883 0.0025205561045048602 0.0035259178912043204 0.0023385032660807378 0.002179642953098766 0.00232326990867913 0.0021857701009790902 0.0022573082725383538 0.0021292646905563071 0.002609333261387996 0.0032381150491577874 0.0023566678271589717 0.0024291522088450914 0.00271332867808985 0.0022896798214985885 0.0023951595156170209 0.0022332820528203918 0.0027584202891342557 0.0030119207353334551 0.0021567666138413454 0.0022788448812909841 0.0025840732424562167 0.0023656146284770207 0.0023874695134792272 0.0025541792430025826 0.0022774792096667031
leaf_weight=32313 9049 1140 4007 21 8497 387 21 306 15002 1975 5280 8334 18451 48 20 690 287 37 1549 904 10553 22 24 16189 4121 28 176 221 105 6684
leaf_count=32313 9049 1140 4007 21 8497 387 21 306 15002 1975 5280 8334 18451 48 20 690 287 37 1549 904 10553 22 24 16189 4121 28 176 221 105 6684
internal_value=0.00218479 0.002254 0.0021361 0.0023333 0.0022342 0.00246583 0.00260401 0.00231457 0.00216385 0.0023411 0.00221449 0.00225505 0.00211687 0.00256146 0.00279427 0.00240135 0.00249477 0.00241706 0.0023262 0.00234584 0.00222223 0.0024526 0.00240389 0.00215211 0.002288 0.00232029 0.00244193 0.0024803 0.00244116 0.00226629
internal_weight=146441 60479 85962 12082 48397 1496 476 10586 35198 5297 24882 23515 50764 455 68 1020 330 869 4428 2879 19602 309 832 20196 5289 1168 526 350 326 15018
internal_count=146441 60479 85962 12082 48397 1496 476 10586 35198 5297 24882 23515 50764 455 68 1020 330 869 4428 2879 19602 309 832 20196 5289 1168 526 350 326 15018
is_linear=0
shrinkage=1


Tree=1
num_leaves=31
num_cat=0
split_feature=3 3 2 1 3 3 4 11 2 3 1 3 4 2 1 7 11 4 20 7 7 7 7 21 13 7 19 7 7 3
split_gain=0.17813 0.0343319 0.0165675 0.0105326 0.00830112 0.00578923 0.00544203 0.0104488 0.00405949 0.00230447 0.00226313 0.00194069 0.00174952 0.00159089 0.00126947 0.00118273 0.00116136 0.00135083 0.00103386 0.00140593 0.000812109 0.000797576 0.000736997 0.000700253 0.000862414 0.000627047 0.00194795 0.000613408 0.000612172 0.000609471
threshold=0.0022153826430439953 0.0047100551892071971 0.0011771682766266169 0.0065872669219970712 0.0032923755934461956 0.008811799809336664 1.6625383496284487 1.0495687127113345 0.0051881887484341868 0.0017444713157601657 0.0025525811361148958 0.00081314853741787385 1.765141546726227 0.0031692491611465816 0.0051816252525895843 5.467099905014039 1.3298021554946902 0.62256836891174328 0.059654995799064643 0.8725000023841859 0.13805000483989718 0.013909999746829273 0.001160999992862344 0.016275134868919853 -0.0094923283904790861 277.77600097656256 -0.013716522138565777 0.10638000071048738 0.66429999470710765 0.0039086006581783303
decision_type=2 2 2 2 2 2 2 2 2 2 2 2 2 2 2 2 2 2 2 2 2 2 2 2 2 2 2 2 2 2
left_child=2 4 11 12 10 8 16 -8 -5 22 15 -1 14 -6 27 -2 28 -18 20 -20 -10 -16 -4 29 -25 -24 -27 -3 -7 -15
right_child=1 3 9 5 13 6 7 -9 18 -11 -12 -13 -14 23 21 -17 17 -19 19 -21 -22 -23 25 24 -26 26 -28 -29 -30 -31
leaf_value=-7.1818625577039981e-05 2.5658779489985475e-05 0.00011925925220920733 -4.707201617689784e-05 0.00083387540034891578 4.8910727829900303e-05 0.00030740432536919654 0.00030587106077096648 0.0017385084973648192 0.00018894967568664216 -3.4454600844732474e-06 4.5216363517990227e-05 -5.2430500851965327e-05 0.0005116628484756802 6.9405397405304116e-05 0.00021715725533689442 -6.7407707419427582e-06 0.00028839404188582432 0.00083641993220556874 0.0002311474291405723 0.00060323828157769256 0.00011749833268136865 0.0001344180108733446 -2.5034406006575058e-05 0.00049566793869806663 0.00013699718938917077 0.00054203253315222356 -4.1825860505923631e-05 8.4847216033621787e-05 0.00012375842969940634 8.9008111351884526e-05
leaf_weight=30573 10686 2594 4758 24 5495 614 35 20 1220 14356 14159 22337 28 7892 344 3825 23 22 272 28 590 1900 13868 21 83 20 50 2586 49 7969
leaf_count=30573 10686 2594 4758 24 5495 614 35 20 1220 14356 14159 22337 28 7892 344 3825 23 22 272 28 590 1900 13868 21 83 20 50 2586 49 7969
internal_value=-2.97274e-08 6.57147e-05 -4.62845e-05 0.000148626 4.85981e-05 0.000229527 0.000347733 0.00082683 0.000187263 -1.8512e-05 3.09949e-05 -6.36335e-05 0.000117176 7.21154e-05 0.000115688 1.71185e-05 0.000310515 0.000556318 0.000179908 0.000265876 0.000165659 0.000147102 -3.00811e-05 8.01023e-05 0.000209421 -2.42809e-05 0.000124991 0.00010208 0.000293832 7.92543e-05
internal_weight=146441 60479 85962 10349 50130 2897 763 55 2134 33052 28670 52910 7452 21460 7424 14511 708 45 2110 300 1810 2244 18696 15965 104 13938 70 5180 663 15861
internal_count=146441 60479 85962 10349 50130 2897 763 55 2134 33052 28670 52910 7452 21460 7424 14511 708 45 2110 300 1810 2244 18696 15965 104 13938 70 5180 663 15861
is_linear=0
shrinkage=0.05


Tree=2
num_leaves=31
num_cat=0
split_feature=3 2 3 3 3 11 5 14 2 3 1 7 7 3 8 1 6 3 6 19 8 6 21 13 6 21 1 7 15 7
split_gain=0.160763 0.0312114 0.0151005 0.0097232 0.00779589 0.00495454 0.00575124 0.00425808 0.0021579 0.00213441 0.00203994 0.00156463 0.00270346 0.00152385 0.00149333 0.00130284 0.00107319 0.000954804 0.000848022 0.00125196 0.000836185 0.000748585 0.000712057 0.00101599 0.000692782 0.00062884 0.000613582 0.00129493 0.00250193 0.000604117
threshold=0.0022153826430439953 0.0048099174164235601 0.0011943335412070157 0.0076052600052207717 0.0032923755934461956 1.1879371404647829 1.4375116825103762 -0.020763103850185868 0.0015701259835623207 0.0049429924692958602 0.0025525811361148958 0.012724999804049732 0.011790000367909672 0.0040598157793283471 0.00087739620357751857 0.0065872669219970712 4.468928575515748 0.0062471975106745967 293.28213500976568 -0.018260314129292961 0.0030265924287959938 0.37432143092155462 0.016275134868919853 -0.0098710916936397535 0.00092607142869383108 0.016275134868919853 0.0051816252525895843 0.8725000023841859 -0.00069248079671524454 0.48126000165939337
decision_type=2 2 2 2 2 2 2 2 2 2 2 2 2 2 2 2 2 2 2 2 2 2 2 2 2 2 2 2 2 2
left_child=2 4 14 9 10 15 -7 -8 18 22 16 12 -11 20 -1 -5 -2 -13 -4 -20 -6 -17 -3 -24 -10 -19 -15 -28 -29 -26
right_child=1 3 8 5 13 6 7 -9 24 11 -12 17 -14 26 -16 21 -18 25 19 -21 -22 -23 23 -25 29 -27 27 28 -30 -31
leaf_value=-6.892524516801143e-05 2.4364535384948617e-05 9.1619645422748441e-05 -3.2333867763775851e-05 0.00016034315011919831 4.0639609594414906e-05 0.00027635079388494126 0.0015343672537710519 0.00060979069215439568 -3.8044943544677906e-05 0.0001932029032701106 4.2949006067997184e-05 0.00011901387607850781 0.00063915665717407437 8.1675717118535703e-05 -5.1621075935184856e-05 0.00028094044381162463 -6.5580890756312888e-06 0.00016720130922081506 0.00047957260915609373 -1.1433418453757563e-05 6.7189625834932119e-05 0.0001218693264232615 0.00055105143983382734 0.00013955222434257545 6.062070772810349e-06 0.00039214297339640325 0.00011335122621653938 0.00080604526490787973 4.1395366212742849e-05 -1.2992966304904843e-05
leaf_weight=28747 10709 3625 16847 412 4390 74 20 33 1627 607 14138 2887 36 7827 22017 851 3802 1069 20 37 9140 81 20 60 7986 32 623 20 23 8681
leaf_count=28747 10709 3625 16847 412 4390 74 20 33 1627 607 14138 2887 36 7827 22017 851 3802 1069 20 37 9140 81 20 60 7986 32 623 20 23 8681
internal_value=-2.82409e-08 6.24289e-05 -4.39703e-05 0.000144076 4.66271e-05 0.000262592 0.000561105 0.000958688 -1.88033e-05 0.000123162 2.94321e-05 0.000145792 0.000218171 6.89955e-05 -6.14202e-05 0.000234385 1.62626e-05 0.000134122 -3.16825e-05 0.000160849 5.85751e-05 0.000267116 9.48759e-05 0.000242427 -6.90278e-06 0.000173739 8.5596e-05 0.000131668 0.000397046 -3.86274e-06
internal_weight=146441 60479 85962 9807 50672 1471 127 53 35198 8336 28649 4631 643 22023 50764 1344 14511 3988 16904 57 13530 932 3705 80 18294 1101 8493 666 43 16667
internal_count=146441 60479 85962 9807 50672 1471 127 53 35198 8336 28649 4631 643 22023 50764 1344 14511 3988 16904 57 13530 932 3705 80 18294 1101 8493 666 43 16667
is_linear=0
shrinkage=0.05


Tree=3
num_leaves=31
num_cat=0
split_feature=3 3 3 1 1 3 31 3 6 4 9 6 6 1 6 4 3 8 3 6 19 21 19 8 9 7 19 7 19 31
split_gain=0.14511 0.027754 0.0140611 0.00942537 0.00535634 0.00522554 0.00532599 0.00215858 0.00202279 0.00177447 0.00235235 0.0015768 0.00353956 0.00142842 0.0013284 0.00128712 0.00117086 0.00116316 0.000967818 0.000922085 0.000737379 0.000689615 0.000672885 0.000603588 0.000587068 0.000571766 0.00147748 0.000567677 0.000550362 0.00168668
threshold=0.002233203151263297 0.0044498613569885501 0.0011807713890448215 0.0065872669219970712 0.0030597888398915534 0.008811799809336664 0.31400419771671301 0.0017444713157601657 3.9117857217788701 1.6625383496284487 1.959260165691376 0.017807142809033397 0.014307142700999977 0.0051816252525895843 0.00033035714295692747 1.765141546726227 0.0033729842398315672 0.0023456561611965303 0.0062471975106745967 0.014307142700999977 -0.022290856577455994 0.0097855902276933211 -0.078326586633920656 0.0020178011618554596 0.85985654592514049 277.77600097656256 -0.013716522138565777 0.18535000085830691 -0.065453670918941484 0.10451369732618333
decision_type=2 2 2 2 2 2 2 2 2 2 2 2 2 2 2 2 2 2 2 2 2 2 2 2 2 2 2 2 2 2
left_child=2 4 14 13 8 11 9 23 17 22 -11 12 -5 -3 -1 19 -6 -2 -13 21 -19 -15 -7 -4 -9 -25 -27 -24 29 -20
right_child=1 3 7 5 16 6 -8 24 -10 10 -12 18 -14 15 -16 -17 -18 20 28 -21 -22 -23 27 25 -26 26 -28 -29 -30 -31
leaf_value=-6.6045846408953283e-05 2.0877534618115142e-05 8.8896926528893536e-05 -3.2820986263610461e-05 0.00020870029559732345 4.7834606753339117e-05 0.00035537559399509921 0.0011000360915204511 -1.7838548706004926e-05 3.7391135456104416e-07 0.00022857301620483078 0.00093619366962229835 0.00011956321366456151 0.0007359239592291747 0.00018070119806931897 -4.9719103464119416e-05 0.00045761948387128845 7.1761543792121663e-05 6.7027977212200191e-05 0.00019713834954490704 0.00011583842123130191 3.7722880558096886e-05 0.00044245061818165359 0.00026566673291189097 -1.4275674592017016e-05 2.9672971906188932e-06 0.00047945425155506072 -3.845766674203333e-05 0.00011997191072681099 0.00017515009264050925 0.00071249907079618425
leaf_weight=27245 9065 6897 16211 352 9154 181 21 4984 5532 23 24 1253 35 370 22956 30 11582 2812 77 2245 9071 27 435 4487 10604 21 40 79 608 20
leaf_count=27245 9065 6897 16211 352 9154 181 21 4984 5532 23 24 1253 35 370 22956 30 11582 2812 77 2245 9071 27 435 4487 10604 21 40 79 608 20
internal_value=-2.68289e-08 5.98045e-05 -4.14313e-05 0.000125492 4.21681e-05 0.000201141 0.0003148 -1.77464e-05 2.72655e-05 0.000292576 0.000589911 0.000164159 0.000256382 0.000100921 -5.85799e-05 0.000131958 6.11989e-05 3.43671e-05 0.000145931 0.00012826 4.46577e-05 0.000198503 0.000272469 -2.83051e-05 -3.68502e-06 -1.22086e-05 0.00013984 0.000243274 0.000192796 0.000303398
internal_weight=146441 59893 86548 12677 47216 3108 763 36347 26480 742 47 2345 387 9569 50201 2672 20736 20948 1958 2642 11883 397 695 20759 15588 4548 61 514 705 97
internal_count=146441 59893 86548 12677 47216 3108 763 36347 26480 742 47 2345 387 9569 50201 2672 20736 20948 1958 2642 11883 397 695 20759 15588 4548 61 514 705 97
is_linear=0
shrinkage=0.05


Tree=4
num_leaves=31
num_cat=0
split_feature=3 3 3 0 3 11 31 8 7 3 8 7 8 8 19 7 19 5 7 3 24 21 13 7 8 7 7 3 8 7
split_gain=0.13097 0.0254453 0.0123031 0.00761887 0.00681961 0.00509183 0.0046269 0.00199023 0.00173774 0.00169888 0.00150458 0.00142326 0.00134888 0.00121868 0.0011434 0.00134559 0.00114035 0.00140159 0.00099951 0.000876681 0.00335925 0.000726376 0.0010036 0.000726603 0.000724253 0.000652665 0.000598231 0.000688527 0.000596058 0.000507657
threshold=0.0022153826430439953 0.0048618288710713395 0.0012084164773114028 0.0084746838547289389 0.0032923755934461956 1.1879371404647829 0.26476424932479864 0.0046992308925837287 5.467099905014039 0.0017444713157601657 0.0031798841664567594 0.013909999746829273 0.00096160979592241358 0.0023456561611965303 -0.055485259741544717 0.016850000247359279 -0.065453670918941484 1.3859241008758547 0.0044810001272708186 0.0056510749273002156 -0.13625806570053098 0.016275134868919853 -0.0091590113006532175 8.755899906158449 0.0059878868050873288 0.0083010001108050364 0.41900999844074255 0.0062471975106745967 0.0032057889038696889 0.001160999992862344
decision_type=2 2 2 2 2 2 2 2 2 2 2 2 2 2 2 2 2 2 2 2 2 2 2 2 2 2 2 2 2 2
left_child=2 4 12 7 8 14 16 -3 13 29 -6 18 -1 -2 -5 24 17 -7 -9 20 -20 23 -23 -12 -16 -21 27 -13 -10 -4
right_child=1 3 9 5 10 6 -8 11 28 -11 21 26 -14 -15 15 -17 -18 -19 19 25 -22 22 -24 -25 -26 -27 -28 -29 -30 -31
leaf_value=-6.1287489979478497e-05 1.7515908814917796e-05 8.1170957508381973e-05 -4.100682920144551e-05 0.00029018083559391607 4.3205246059350803e-05 0.00036198238376528025 0.0012558232643641533 7.3472605221494439e-05 -1.1565562588616061e-05 -3.9775558305933694e-06 7.4513707241110507e-05 0.00011609609738487673 -4.4404746854649391e-05 4.1630279091403382e-05 0.00055678138953887599 0.00014654293654694809 0.00020685913745853072 0.00089555387763539339 0.00073712129237105118 0.00015793695387717732 0.00014662322541023943 0.00046977443663098924 0.00011710171911949552 4.1454300264670387e-05 0.00025631868041229195 0.00027615600478309835 9.2228327082827225e-05 0.00016717706635126011 1.9871358106079841e-05 -2.1920728637349126e-05
leaf_weight=32881 8260 2915 4532 349 6670 32 20 139 3322 15002 13943 1888 18481 14327 22 663 38 20 37 368 69 26 90 1887 227 171 1221 1014 2761 15066
leaf_count=32881 8260 2915 4532 349 6670 32 20 139 3322 15002 13943 1888 18481 14327 22 663 38 20 37 368 69 26 90 1887 227 171 1221 1014 2761 15066
internal_value=-2.54876e-08 5.63481e-05 -3.96874e-05 0.000132951 4.26172e-05 0.000241675 0.000567924 0.000113894 2.64235e-05 -1.66408e-05 6.31456e-05 0.000133333 -5.52128e-05 3.28117e-05 0.000213215 0.000183763 0.000415057 0.000567202 0.000195085 0.000221293 0.00035274 7.14864e-05 0.000196149 7.05729e-05 0.000282866 0.000195442 0.000121591 0.000133945 2.70327e-06 -2.63344e-05
internal_weight=146441 60479 85962 9193 51286 1371 110 7822 28670 34600 22616 4907 51362 22587 1261 912 90 52 784 645 106 15946 116 15830 249 539 4123 2902 6083 19598
internal_count=146441 60479 85962 9193 51286 1371 110 7822 28670 34600 22616 4907 51362 22587 1261 912 90 52 784 645 106 15946 116 15830 249 539 4123 2902 6083 19598
is_linear=0
shrinkage=0.05


Tree=5
num_leaves=31
num_cat=0
split_feature=1 1 1 1 1 11 7 6 10 7 9 13 7 6 6 6 6 5 5 4 5 6 20 7 9 19 7 1 5 6
split_gain=0.113712 0.0232395 0.0132262 0.00597836 0.00594898 0.00389561 0.00578409 0.00255908 0.00241392 0.00238158 0.00257024 0.00647719 0.00207205 0.00230455 0.00202744 0.00199921 0.00165731 0.00113974 0.00106301 0.00100706 0.000848601 0.000816533 0.000776276 0.00124881 0.00530392 0.000745446 0.00127756 0.000723944 0.000630283 0.000613469
threshold=0.0020714937709271912 0.0052938370499759921 0.0011743018403649332 0.0031751483911648397 0.011054331436753275 1.3298021554946902 0.069030001759529128 0.015860714949667457 9.6022253036499041 0.010162999853491785 1.2315326929092409 -0.00476007699035108 0.001160999992862344 0.76321429014205944 3.9117857217788701 0.00037964286457281565 0.18860714137554171 0.75478452444076549 1.2313342094421389 1.5219211578369143 1.2854112386703493 0.0012575000291690233 0.021193245425820354 0.0019209999591112139 1.2375597953796389 -0.065453670918941484 0.24949999898672107 0.0069350439589470634 1.8226628899574282 1.863928556442261
decision_type=2 2 2 2 2 2 2 2 2 2 2 2 2 2 2 2 2 2 2 2 2 2 2 2 2 2 2 2 2 2
left_child=2 3 15 14 7 8 -7 9 25 20 19 -12 -4 -14 17 -1 22 -2 27 -11 -3 -19 -5 24 -24 26 -6 -9 -27 -18
right_child=1 4 12 16 5 6 -8 18 -10 10 11 -13 13 -15 -16 -17 29 21 -20 -21 -22 -23 23 -25 -26 28 -28 -29 -30 -31
leaf_value=-5.8635196148625551e-05 5.4627101012596796e-05 0.00019212196481407085 -3.9216319329817436e-05 6.4198359067082488e-05 0.00023098500195470198 0.001253863441561407 0.00028892919521817154 0.00012054457536662423 0.0007145170820876956 0.00022063391492708237 0.0013283325436327688 9.8011411540463323e-05 1.0846504269784169e-05 -1.8062305355609583e-05 1.7495593969219145e-06 -3.9647483447881318e-05 5.4113566781574848e-05 -3.0512307365862487e-05 9.2320693250079138e-05 0.00054850730986904985 9.1789866863556331e-05 2.9738528205837585e-05 0.00099189286036793323 8.7201866195044423e-05 5.3615847420706951e-05 0.00022871765384313458 0.00056963815627063426 0.00018465377906852002 8.1000026880885122e-05 2.6492172388577208e-05
leaf_weight=30783 5137 495 5167 6968 123 25 41 1839 26 236 20 23 12794 14949 6267 25221 8944 584 3323 26 367 15151 20 4492 61 197 36 579 114 2593
leaf_count=30783 5137 495 5167 6968 123 25 41 1839 26 236 20 23 12794 14949 6267 25221 8944 584 3323 26 367 15151 20 4492 61 197 36 579 114 2593
internal_value=1.68337e-07 5.48385e-05 -3.53014e-05 4.25986e-05 0.000137121 0.000293558 0.000654435 0.000124394 0.000245538 0.000191893 0.000311973 0.000670254 -1.01451e-05 -4.73068e-06 2.66898e-05 -5.00842e-05 6.13068e-05 3.41783e-05 0.000110674 0.000253171 0.000149405 2.75023e-05 7.47035e-05 9.07105e-05 0.000285289 0.000219595 0.000307661 0.000135896 0.00017457 4.79055e-05
internal_weight=146601 57687 88914 50217 7470 562 66 6908 496 1167 305 43 32910 27743 27139 56004 23078 20872 5741 262 862 15735 11541 4573 81 470 159 2418 311 11537
internal_count=146601 57687 88914 50217 7470 562 66 6908 496 1167 305 43 32910 27743 27139 56004 23078 20872 5741 262 862 15735 11541 4573 81 470 159 2418 311 11537
is_linear=0
shrinkage=0.05


Tree=6
num_leaves=31
num_cat=0
split_feature=3 3 2 1 3 4 13 1 6 2 3 3 3 1 3 6 7 31 7 31 22 9 6 19 31 6 13 14 2 31
split_gain=0.1084 0.0210718 0.0109704 0.0078114 0.00447534 0.00477464 0.00536943 0.00375857 0.00236916 0.00725577 0.00181098 0.00107627 0.00107164 0.000876134 0.000867144 0.000857939 0.000802589 0.00583545 0.0065819 0.000619643 0.000543683 0.00051435 0.000897809 0.000513658 0.00171615 0.000492043 0.000488418 0.000479763 0.000473023 0.000492218
threshold=0.0022527736146003012 0.0042347104754298934 0.0013001498300582173 0.0061181311029940852 0.008811799809336664 1.6625383496284487 -0.012415734119713305 0.0025525811361148958 0.015860714949667457 0.0053082057274878034 0.00084795767907053243 0.0035444956738501792 0.0018563906778581443 0.0037950389087200169 0.0062471975106745967 4.468928575515748 0.0019209999591112139 -0.34281176328659052 0.0016469999682158234 -0.27269892394542689 0.00045481308188755071 2.1040999889373784 0.066392857581377043 -0.065453670918941484 0.088812548667192473 0.00092607142869383108 0.0007762608292978258 -0.0054616129491478196 0.0059469633270055064 -0.14773579686880109
decision_type=2 2 2 2 2 2 2 2 2 2 2 2 2 2 2 2 2 2 2 2 2 2 2 2 2 2 2 2 2 2
left_child=2 7 10 13 8 20 -7 15 9 -5 -1 16 25 27 -10 -2 17 18 -9 -19 -6 -22 -23 24 -16 -4 28 -3 29 -11
right_child=1 3 12 4 5 6 -8 11 14 26 -12 -13 -14 -15 23 -17 -18 19 -20 -21 21 22 -24 -25 -26 -27 -28 -29 -30 -31
leaf_value=-5.5616356999687845e-05 2.2873454535436646e-05 9.2595482837686896e-05 -3.5218068731697865e-05 0.00096587562688483792 0.00014652575767008818 0.0013697986252373085 0.00035295182031994636 4.1110124325314249e-05 0.00010012842373888089 0.00017659193281793881 -3.7797325531201371e-05 6.0119552634573518e-05 1.1854271103117001e-06 9.3073324601552107e-05 0.00017195893841551771 -3.3341457691576704e-06 3.7717472707148373e-05 0.0002817865054094 0.0013238709379038483 2.2728944261635537e-05 0.00024066423941807139 0.00064879902942762292 0.00024118045183838278 0.00014517692474857704 0.00067975436935739707 -1.4059316844494781e-05 0.00010423306896036878 5.4486473718111375e-05 0.00019403440403615107 0.00049444419634929893
leaf_weight=32920 13041 1107 3439 32 141 20 37 20 1915 21 25154 9442 11983 6573 99 4106 17503 25 20 301 546 22 35 721 20 13668 128 3252 281 29
leaf_count=32920 13041 1107 3439 32 141 20 37 20 1915 21 25154 9442 11983 6573 99 4106 17503 25 20 301 546 22 35 721 20 13668 128 3252 281 29
internal_value=1.5992e-07 5.22261e-05 -3.53439e-05 0.000103515 0.000162859 0.000268705 0.00070974 3.49455e-05 0.00013674 0.000237924 -4.78983e-05 4.64649e-05 -1.02809e-05 8.15463e-05 0.000118707 1.65978e-05 3.92498e-05 0.000112529 0.000682491 4.25953e-05 0.000234916 0.000255585 0.000398507 0.000161061 0.000257303 -1.83128e-05 0.000187174 6.41645e-05 0.000219248 0.000360946
internal_weight=146601 59437 87164 14979 4047 801 57 44458 3246 491 58074 27311 29090 10932 2755 17147 17869 366 40 326 744 603 57 840 119 17107 459 4359 331 50
internal_count=146601 59437 87164 14979 4047 801 57 44458 3246 491 58074 27311 29090 10932 2755 17147 17869 366 40 326 744 603 57 840 119 17107 459 4359 331 50
is_linear=0
shrinkage=0.05


Tree=7
num_leaves=31
num_cat=0
split_feature=2 1 2 3 3 31 13 13 7 2 3 7 8 0 7 3 18 9 24 20 7 2 7 31 7 7 7 7 2 8
split_gain=0.0981798 0.0171717 0.0131467 0.00570303 0.00504428 0.00411709 0.00212614 0.00187414 0.00837734 0.00177455 0.00159189 0.00154653 0.00342054 0.00167535 0.00150308 0.00125179 0.00115816 0.00210775 0.0020652 0.00102235 0.00190364 0.0032067 0.0010055 0.00540844 0.000874737 0.000766846 0.000758595 0.000591554 0.000577146 0.000566353
threshold=0.0023337258026003842 0.0054236829746514567 0.0013153023901395502 0.008811799809336664 0.0038737453287467365 0.32437476515769964 -0.0088488850742578489 -0.0094923283904790861 0.013909999746829273 0.00084216112736612569 0.0019096603500656786 0.77309998869895946 0.0059878868050873288 0.0094623286277055758 4.0360000133514413 0.0052250544540584096 1.0000000180025095e-35 1.959260165691376 -0.16967251896858213 0.025400663726031784 0.77309998869895946 0.003691694233566523 0.0019209999591112139 -0.34281176328659052 0.28264999389648443 0.11532999947667123 0.5282999873161317 0.13805000483989718 0.004987256834283472 0.002533970284275711
decision_type=2 2 2 2 2 2 2 2 2 2 2 2 2 2 2 2 2 2 2 2 2 2 2 2 2 2 2 2 2 2
left_child=2 4 9 6 14 16 7 11 -9 -1 -4 25 -13 -14 19 -8 17 -5 -19 29 22 -22 23 -21 28 -3 -12 -17 -6 -2
right_child=1 3 10 5 24 -7 15 8 -10 -11 26 12 13 -15 -16 27 -18 18 -20 20 21 -23 -24 -25 -26 -27 -28 -29 -30 -31
leaf_value=-5.2328725510890234e-05 2.1226038103480633e-05 0.00015079300013455857 -1.6698560395091149e-05 0.00023961495835841745 7.1702848121601404e-05 0.00095761553768170427 6.9415448151252773e-05 0.0011062420400776319 0.00010455191474936395 -3.4639602693593239e-05 1.294134272948993e-05 0.00088194161953218837 0.00012549498576737897 0.00053425101190617669 9.6705278435662232e-06 0.00013894948077193436 0.00019569844131824639 0.0010005728194664699 0.00036994584018897069 0.00094508857771870682 3.2758112025350849e-05 0.00085572642579791148 5.2233630518893999e-05 6.5152676687362005e-06 5.3104246580362491e-05 6.5558438340097914e-05 -9.4136808329980514e-06 7.6392254343294171e-05 0.00010310416501322182 3.8401458461121179e-05
leaf_weight=35247 6951 914 17448 169 6344 20 2494 28 82 23719 10623 21 131 31 5884 1459 607 20 37 20 29 20 4610 66 5432 371 5904 510 1902 15508
leaf_count=35247 6951 914 17448 169 6344 20 2494 28 82 23719 10623 21 131 31 5884 1459 607 20 37 20 29 20 4610 66 5432 371 5904 510 1902 15508
internal_value=1.51924e-07 5.40026e-05 -3.09391e-05 0.000127671 4.31428e-05 0.000248694 0.000110582 0.000160467 0.000359528 -4.52133e-05 -6.16509e-06 0.000145551 0.000281543 0.000203714 3.25848e-05 9.29441e-05 0.000231673 0.000328294 0.000591218 3.7541e-05 5.86287e-05 0.000368664 5.53937e-05 0.000224788 6.86832e-05 0.000126184 4.95538e-06 0.000122746 7.89458e-05 3.30857e-05
internal_weight=146601 53660 92941 6894 46766 853 6041 1578 110 58966 33975 1468 183 162 33088 4463 833 226 57 27204 4745 49 4696 86 13678 1285 16527 1969 8246 22459
internal_count=146601 53660 92941 6894 46766 853 6041 1578 110 58966 33975 1468 183 162 33088 4463 833 226 57 27204 4745 49 4696 86 13678 1285 16527 1969 8246 22459
is_linear=0
shrinkage=0.05


Tree=8
num_leaves=31
num_cat=0
split_feature=2 2 2 21 2 7 18 4 19 2 8 7 6 6 6 8 15 6 7 20 9 8 7 15 14 7 7 7 6 13
split_gain=0.0886073 0.0153419 0.0118649 0.00559348 0.00336332 0.00266927 0.00193393 0.00200763 0.00275185 0.00160154 0.00133811 0.00125223 0.00139821 0.000936649 0.00211471 0.00605803 0.00860085 0.000910425 0.000695258 0.000694735 0.000591289 0.000574928 0.000568902 0.00606727 0.000567006 0.0017569 0.00450744 0.000553546 0.00198173 0.00971799
threshold=0.0023337258026003842 0.0050825597718358049 0.0013153023901395502 0.016275134868919853 0.0031692491611465816 0.3028199970722199 1.0000000180025095e-35 1.6425615549087527 -0.078326586633920656 0.00084216112736612569 0.0084767988882958906 0.001160999992862344 0.61732143163681041 7.0482144355773935 0.97178572416305553 0.0050005957018584022 -0.004016756545752286 0.84385713934898388 0.15407999604940417 0.02812139876186848 1.0360355377197268 0.0021362593397498135 0.0019209999591112139 -0.012239043135195969 0.0091049722395837324 0.35182999074459081 0.38729999959468847 0.012724999804049732 0.014307142700999977 -0.0056722562294453374
decision_type=2 2 2 2 2 2 2 2 2 2 2 2 2 2 2 2 2 2 2 2 2 2 2 2 2 2 2 2 2 2
left_child=2 4 9 5 17 10 7 -5 -9 -1 27 -4 24 14 18 16 -16 19 22 -2 -12 -14 23 -6 -13 -26 -27 28 -3 -30
right_child=1 3 11 6 13 -7 -8 8 -10 -11 20 12 21 -15 15 -17 -18 -19 -20 -21 -22 -23 -24 -25 25 26 -28 -29 29 -31
leaf_value=-4.9712289441148405e-05 2.7263612745423851e-05 0.00012623317741623457 -3.2810932036295499e-05 0.00031433043565484698 0.00092881012668509684 6.2247709188329619e-05 0.00019891634658274933 0.0010328495089736492 0.00029701474394035665 -3.2907622381609956e-05 0.00023357419121713331 6.6542484521106697e-06 -2.2080772625175544e-05 2.4693747359838758e-05 0.0014966912040108582 9.3511608585805468e-05 9.2758243939291193e-05 5.1331598639543588e-06 4.401633151597146e-05 5.9194104083074173e-05 0.00015176201731224027 -2.6011225656908578e-06 6.095391492839872e-05 4.4847179765797177e-05 2.2307511639994178e-05 0.00086689506086891615 1.560061413480677e-05 0.00010338415114679283 0.0013334443711573839 2.1616032165638901e-05
leaf_weight=35247 15234 796 3824 125 22 2432 216 27 24 23719 310 14422 8205 2628 20 244 24 4312 9075 1918 768 7036 11970 165 417 23 48 3282 20 48
leaf_count=35247 15234 796 3824 125 22 2432 216 27 24 23719 310 14422 8205 2628 20 244 24 4312 9075 1918 768 7036 11970 165 417 23 48 3282 20 48
internal_value=1.44328e-07 5.13025e-05 -2.93921e-05 0.00011495 4.00722e-05 0.000105518 0.000299165 0.000422197 0.000686574 -4.29526e-05 0.000125662 -5.85684e-06 -2.43829e-06 5.28728e-05 5.6314e-05 0.000190892 0.00073091 2.5671e-05 5.44885e-05 3.08342e-05 0.000175289 -1.3088e-05 6.23058e-05 0.000148843 8.44783e-06 6.14542e-05 0.000291372 0.000112758 0.000148366 0.000407448
internal_weight=146601 53660 92941 8048 45612 7656 392 176 51 58966 5224 33975 30151 24148 21520 288 44 21464 21232 17152 1078 15241 12157 187 14910 488 71 4146 864 68
internal_count=146601 53660 92941 8048 45612 7656 392 176 51 58966 5224 33975 30151 24148 21520 288 44 21464 21232 17152 1078 15241 12157 187 14910 488 71 4146 864 68
is_linear=0
shrinkage=0.05


Tree=9
num_leaves=31
num_cat=0
split_feature=2 1 2 21 2 1 31 6 1 2 24 8 6 7 6 5 6 2 24 7 15 20 6 6 8 7 5 0 7 6
split_gain=0.0799681 0.0142482 0.0107112 0.00464555 0.00331696 0.00222736 0.00432766 0.00148461 0.00142771 0.00198163 0.00434691 0.00141313 0.00126068 0.00116575 0.00129594 0.000933939 0.000821659 0.000799186 0.000745446 0.00063516 0.00530016 0.000632907 0.000568711 0.000643609 0.000540783 0.000537339 0.00051856 0.000493386 0.000477637 0.000460318
threshold=0.0023337258026003842 0.0054236829746514567 0.0013001498300582173 0.016275134868919853 0.0031692491611465816 0.011054331436753275 0.28734053671360021 0.37432143092155462 0.0065872669219970712 0.0051881887484341868 -0.059278698638081544 0.00090800641919486235 0.19574999809265139 0.001160999992862344 0.61732143163681041 0.71818926930427562 0.84385713934898388 0.004987256834283472 -0.33862373232841486 0.0019209999591112139 -0.012239043135195969 0.025400663726031784 0.014307142700999977 0.010360714048147203 0.0023627446498721842 0.0005965000018477441 1.2789312005043032 0.0084746838547289389 0.039289999753236778 1.863928556442261
decision_type=2 2 2 2 2 2 2 2 2 2 2 2 2 2 2 2 2 2 2 2 2 2 2 2 2 2 2 2 2 2
left_child=2 4 11 7 16 22 18 8 26 10 -10 -1 17 -4 -15 -11 21 19 -7 20 -6 -2 23 -5 -16 -13 27 -3 -21 -14
right_child=1 3 13 5 12 6 -8 -9 9 15 -12 25 29 14 24 -17 -18 -19 -20 28 -22 -23 -24 -25 -26 -27 -28 -29 -30 -31
leaf_value=-4.8280326463271108e-05 2.5314892447923777e-05 0.00010724848230807895 -3.1293768640214811e-05 0.00017189301561302273 0.00089632189538817674 0.00052532518697781993 0.0010825860663317144 7.0989499147323186e-05 0.0010299920633951843 0.00028133578185884098 4.9514475913033849e-05 -4.0187872823054473e-05 4.465710978566531e-05 7.9331641635303394e-06 -1.8955648966747417e-05 0.00013596247100061082 4.8765019740002139e-06 9.1505377153727925e-05 0.00026536055275125993 4.2015383498705438e-05 4.8201702822098013e-05 5.2484834743721269e-05 0.00013304489778153932 0.00054326368408510464 1.1198052377870121e-06 -2.6128202389744484e-05 6.0929257076819968e-05 0.00030577906747737417 6.3463384011996083e-05 2.1089723777874318e-05
leaf_weight=31063 14641 1420 3988 28 21 35 21 2108 20 117 26 12740 9563 15008 10688 1983 4312 1940 130 4208 150 2511 181 20 4889 14565 773 32 6775 2645
leaf_count=31063 14641 1420 3988 28 21 35 21 2108 20 117 26 12740 9563 15008 10688 1983 4312 1940 130 4208 150 2511 181 20 4889 14565 773 32 6775 2645
internal_value=1.37112e-07 4.87373e-05 -2.79225e-05 0.000115842 3.88451e-05 0.000278017 0.000406546 0.000105454 0.000122076 0.000151173 0.000475809 -4.09862e-05 5.11097e-05 -5.86764e-06 -2.55231e-06 0.000144062 2.43875e-05 6.18863e-05 0.000320505 5.67346e-05 0.000152357 2.92925e-05 0.000173622 0.000326631 -1.26548e-05 -3.26882e-05 9.40117e-05 0.000111624 5.52458e-05 3.9551e-05
internal_weight=146601 53660 92941 6894 46766 415 186 6479 4371 2146 46 58368 25302 34573 30585 2100 21464 13094 165 11154 171 17152 229 48 15577 27305 2225 1452 10983 12208
internal_count=146601 53660 92941 6894 46766 415 186 6479 4371 2146 46 58368 25302 34573 30585 2100 21464 13094 165 11154 171 17152 229 48 15577 27305 2225 1452 10983 12208
is_linear=0
shrinkage=0.05


Tree=10
num_leaves=31
num_cat=0
split_feature=3 3 3 8 1 3 24 1 31 1 13 2 6 21 31 13 6 3 10 20 6 8 6 6 6 6 6 24 6 2
split_gain=0.0723489 0.014496 0.00702332 0.00632716 0.00226648 0.00217253 0.00373977 0.00183012 0.00132864 0.00125333 0.00101885 0.00235267 0.00462922 0.00117769 0.00156607 0.00113083 0.00260518 0.000958959 0.000891302 0.000658475 0.00054104 0.000531623 0.000500561 0.000469543 0.000467463 0.000445895 0.000439754 0.000437836 0.000431832 0.000374997
threshold=0.002233203151263297 0.0039086006581783303 0.0010742306476458909 0.0096319043077528494 0.0051816252525895843 0.010835845023393633 -0.33862373232841486 0.0024860926205292348 0.24487510323524478 0.0016615367494523527 -0.0091590113006532175 0.0044747479259967813 0.48221428692340856 0.016275134868919853 -0.046630972996354096 -0.0094923283904790861 0.068678569048643126 0.0065871514379978189 7.1996331214904794 0.025400663726031784 0.20935714989900592 0.00075577202369458984 4.468928575515748 79.110713958740249 0.00056892857537604879 1.2003571391105654 36.807142257690437 0.33870889246463781 0.0023096428485587244 0.004987256834283472
decision_type=2 2 2 2 2 2 2 2 2 2 2 2 2 2 2 2 2 2 2 2 2 2 2 2 2 2 2 2 2 2
left_child=2 7 21 4 20 18 -7 22 23 24 11 12 -6 15 -15 -13 -17 -12 -5 25 28 -1 -2 -8 -4 -9 -26 -21 -3 -30
right_child=1 3 9 5 10 6 8 19 -10 -11 17 13 -14 14 -16 16 -18 -19 -20 27 -22 -23 -24 -25 26 -27 -28 -29 29 -31
leaf_value=-4.8274052180187829e-05 1.7070529669342668e-05 2.3949076988174058e-06 -3.5293617262626492e-05 0.00013862182014324505 7.7363662882514001e-05 0.00096127092721872039 0.00024838141886916607 3.2306426970075051e-05 0.00063115061176094141 -2.7404757670809748e-06 7.3255357099096742e-05 0.00010277070761879229 0.0010594132619371522 7.7119730188066822e-05 0.00067371469217918784 0.00077224379416033378 6.3937040332508771e-05 0.00013370391081370036 0.00047662188568210702 4.8303398780749208e-05 4.6037670598705478e-05 -3.7464623466458181e-05 -3.3238234999909138e-06 2.9620726686348294e-05 -1.2350896824116892e-05 9.3991465395381496e-06 -2.7427296273497909e-05 0.00023382154429327784 6.3489965803520358e-05 9.1289972469631758e-05
leaf_weight=21950 11942 250 4603 787 30 20 268 16889 22 15186 3547 1261 20 22 22 21 34 805 20 5187 5114 23609 4022 27 13611 2430 7503 32 5900 1527
leaf_count=21950 11942 250 4603 787 30 20 268 16889 22 15186 3547 1261 20 22 22 21 34 805 20 5187 5114 23609 4022 27 13611 2430 7503 32 5900 1527
internal_value=1.33015e-07 4.22199e-05 -2.91699e-05 7.74032e-05 7.03663e-05 0.000191525 0.00029815 2.51095e-05 0.000256313 -1.41302e-05 9.64042e-05 0.000133342 0.000470184 0.000120958 0.000375417 0.00011245 0.000334381 8.44367e-05 0.000146999 3.36823e-05 5.8637e-05 -4.26725e-05 1.19323e-05 0.000228359 -2.08559e-05 2.94251e-05 -1.77084e-05 4.94409e-05 6.703e-05 6.92057e-05
internal_weight=146661 60199 86462 19697 18553 1144 337 40502 317 40903 5762 1410 50 1360 44 1316 55 4352 807 24538 12791 45559 15964 295 25717 19319 21114 5219 7677 7427
internal_count=146661 60199 86462 19697 18553 1144 337 40502 317 40903 5762 1410 50 1360 44 1316 55 4352 807 24538 12791 45559 15964 295 25717 19319 21114 5219 7677 7427
is_linear=0
shrinkage=0.05


Tree=11
num_leaves=31
num_cat=0
split_feature=2 2 2 21 2 11 7 6 7 6 8 7 6 8 13 19 7 6 11 11 7 11 31 0 9 7 20 9 8 22
split_gain=0.0651121 0.0116122 0.00809849 0.00404351 0.00355749 0.00315311 0.00260091 0.00138451 0.00129891 0.00120572 0.00109354 0.000984555 0.000958751 0.000912101 0.000676856 0.000982384 0.00262601 0.00676944 0.0013254 0.00176201 0.0007425 0.00340637 0.00570437 0.000696658 0.000851898 0.000640204 0.000529228 0.000517573 0.000501555 0.000402961
threshold=0.002295779413543642 0.0057557823602110156 0.0012859164853580298 0.016275134868919853 0.0040476555004715928 1.2515221834182741 0.069030001759529128 1.2003571391105654 0.30982999503612524 0.00035392856807447975 0.002533970284275711 0.001160999992862344 0.61732143163681041 0.0077964814845472583 -0.0091590113006532175 -0.028714094310998913 0.011790000367909672 0.012003571260720493 -0.30453209578990931 -0.50322130322456349 0.8725000023841859 -0.34810335934162134 -0.08009768649935721 0.0084746838547289389 1.2976570129394533 0.77309998869895946 0.017435967922210697 1.5058972835540774 0.0022913023130968217 0.0030104368925094609
decision_type=2 2 2 2 2 2 2 2 2 2 2 2 2 2 2 2 2 2 2 2 2 2 2 2 2 2 2 2 2 2
left_child=2 4 9 8 7 25 -7 10 13 -1 -2 -4 -13 -3 15 20 17 -17 19 -18 23 22 -22 -6 -25 -5 -12 -15 -14 -16
right_child=1 3 11 5 14 6 -8 -9 -10 -11 26 12 28 27 29 16 18 -19 -20 -21 21 -23 -24 24 -26 -27 -28 -29 -30 -31
leaf_value=-4.4166935962095991e-05 1.7254233352812975e-05 9.8270794924541237e-05 -2.9083928989816662e-05 0.00017911011214337985 5.5863354535721599e-05 0.00095908081035044491 0.00031254880552296528 6.7949222683030911e-06 6.1258545694460731e-05 -2.9710397737550152e-05 3.2072549163395545e-05 6.2421483547716629e-06 -1.8135353895340413e-05 0.00016834882698778928 4.6318598685626471e-05 4.4674646536198757e-05 5.0754450202558395e-05 0.0012104434856337323 5.4785302904927254e-05 0.00069919793790177212 5.5507570671360206e-05 6.1765933077719259e-05 0.0011232059006777656 0.00049757471730117687 4.1610079538908659e-05 0.0004050416272447264 4.7708673099224183e-05 9.6920975382641097e-05 8.6561699226449963e-07 6.8984175530404802e-05
leaf_weight=29419 8607 2127 4161 243 2037 28 35 6329 1369 28295 13855 14258 10280 1025 6679 33 22 20 237 20 29 216 22 20 21 36 8880 337 5245 2776
leaf_count=29419 8607 2127 4161 243 2037 28 35 6329 1369 28295 13855 14258 10280 1025 6679 33 22 20 237 20 29 216 22 20 21 36 8880 337 5245 2776
internal_value=1.26364e-07 4.3133e-05 -2.56815e-05 0.000114231 3.57095e-05 0.000280406 0.000599896 2.81259e-05 0.000102533 -3.70794e-05 3.24333e-05 -6.30182e-06 -3.11892e-06 0.000118728 5.92574e-05 8.14525e-05 0.000161951 0.000484587 0.000100662 0.000359537 7.00557e-05 0.000148546 0.000516083 5.99706e-05 0.000264032 0.000208263 3.81798e-05 0.000150675 -1.1716e-05 5.29732e-05
internal_weight=146661 55003 91658 5200 49803 342 63 37671 4858 57714 31342 33944 29783 3489 12132 2677 332 53 279 42 2345 267 51 2078 41 279 22735 1362 15525 9455
internal_count=146661 55003 91658 5200 49803 342 63 37671 4858 57714 31342 33944 29783 3489 12132 2677 332 53 279 42 2345 267 51 2078 41 279 22735 1362 15525 9455
is_linear=0
shrinkage=0.05


Tree=12
num_leaves=31
num_cat=0
split_feature=3 3 3 0 11 4 3 0 3 8 6 4 3 10 6 8 6 3 8 6 22 6 8 9 15 6 13 19 14 8
split_gain=0.0591822 0.0122347 0.00560024 0.00411949 0.00324836 0.00347422 0.00275932 0.00115645 0.000967308 0.000720746 0.000719873 0.000702125 0.000700234 0.000931839 0.000649998 0.000626044 0.000622829 0.000488631 0.000454401 0.000409751 0.000391606 0.000378259 0.000463445 0.000453713 0.000359368 0.000341225 0.000298417 0.000489124 0.0027365 0.000297328
threshold=0.0022153826430439953 0.0046432060189545163 0.0010742306476458909 0.0094623286277055758 1.2515221834182741 1.7077317237854006 0.0032240860164165501 0.0046822400763630876 0.0016399734304286542 0.0032057889038696889 1.2003571391105654 1.765141546726227 0.0062471975106745967 9.6022253036499041 0.18074999749660495 0.002533970284275711 0.093250002712011351 0.008811799809336664 0.00076644259388558577 62.38214302062989 0.0017515019280835988 0.11653571203351022 0.0065051973797380933 1.3399129509925845 -0.022485963068902489 0.00056892857537604879 -0.0094923283904790861 -0.02442166022956371 0.0030028880573809151 0.0032336609438061719
decision_type=2 2 2 2 2 2 2 2 2 2 2 2 2 2 2 2 2 2 2 2 2 2 2 2 2 2 2 2 2 2
left_child=2 6 18 7 12 14 10 21 25 -8 15 16 -5 -14 -6 -2 17 24 -1 -10 26 22 23 -3 -9 -4 27 -11 -29 -12
right_child=1 3 8 4 5 -7 9 11 19 20 29 -13 13 -15 -16 -17 -18 -19 -20 -21 -22 -23 -24 -25 -26 -27 -28 28 -30 -31
leaf_value=-4.3669551936685244e-05 1.1985431464749565e-05 6.17098057556297e-05 -3.242526588438458e-05 9.0013406729857104e-05 0.0005031573341693729 0.0009719770694791805 2.7596870462273558e-05 0.000151914593715941 -1.0254764348474495e-06 5.173164090518861e-05 -8.7020582223585723e-06 0.00032097758812597025 0.00017178180158504766 0.00050280579932653134 0.00015405185065901607 2.9162530746208087e-05 7.2921202355229743e-05 0.0001714843116752481 -3.3681797425993135e-05 -2.027022885924281e-05 5.6394881761749685e-05 4.5913968648542269e-05 0.00011795630882386402 0.00027165596030289844 9.3306599644207245e-05 -1.695945820269402e-05 3.5314493380312314e-05 0.00067241393955468781 2.8503165890469975e-05 1.384163058945806e-05
leaf_weight=22489 10219 2514 4483 294 20 25 7518 307 15004 1771 3327 34 632 22 40 11030 2077 288 23070 3391 6048 2479 469 26 1767 17444 7165 21 77 2610
leaf_count=22489 10219 2514 4483 294 20 25 7518 307 15004 1771 3327 34 632 22 40 11030 2077 288 23070 3391 6048 2479 469 26 1767 17444 7165 21 77 2610
internal_value=1.20046e-07 3.78752e-05 -2.66002e-05 8.56129e-05 0.000180655 0.000476761 2.73335e-05 7.57567e-05 -1.30283e-05 4.02438e-05 1.66011e-05 9.46275e-05 0.000154105 0.000182917 0.00027042 2.09018e-05 9.28938e-05 0.000110456 -3.8612e-05 -4.57312e-06 4.6548e-05 6.0376e-05 7.22908e-05 6.38589e-05 0.000101982 -2.01215e-05 3.99558e-05 5.77486e-05 0.000166484 1.20851e-06
internal_weight=146661 60780 85881 10994 1033 85 49786 9961 40322 22600 27186 4473 948 654 60 21249 4439 2362 45559 18395 15082 5488 3009 2540 2074 21927 9034 1869 98 5937
internal_count=146661 60780 85881 10994 1033 85 49786 9961 40322 22600 27186 4473 948 654 60 21249 4439 2362 45559 18395 15082 5488 3009 2540 2074 21927 9034 1869 98 5937
is_linear=0
shrinkage=0.05


Tree=13
num_leaves=31
num_cat=0
split_feature=3 3 3 8 4 19 1 1 2 13 2 6 21 13 7 13 3 3 7 9 6 7 7 9 0 6 7 6 3 6
split_gain=0.0534119 0.0111234 0.00505605 0.00473376 0.00190883 0.00231367 0.00169576 0.0014502 0.000934419 0.00085107 0.00204104 0.00399331 0.00101224 0.000986559 0.00240225 0.000885562 0.000790828 0.000756883 0.000724813 0.000711528 0.000658505 0.000518975 0.000489917 0.000477293 0.00305529 0.000411 0.000406181 0.000406001 0.000402686 0.000401692
threshold=0.0022153826430439953 0.0039086006581783303 0.0010614076745696368 0.0096319043077528494 1.6625383496284487 -0.065453670918941484 0.0051816252525895843 0.0030327512649819259 0.0017871565069071951 -0.0091590113006532175 0.0044747479259967813 0.48221428692340856 0.016275134868919853 -0.0094923283904790861 0.065170001238584532 -0.013132556807249783 0.010835845023393633 0.0065871514379978189 0.011790000367909672 1.7004178762435915 4.468928575515748 0.10638000071048738 0.001160999992862344 1.3924594521522524 0.002554074279032648 0.00060464287525974225 0.15407999604940417 0.20292856544256213 0.00067470027715899061 0.3221785724163056
decision_type=2 2 2 2 2 2 2 2 2 2 2 2 2 2 2 2 2 2 2 2 2 2 2 2 2 2 2 2 2 2
left_child=2 7 28 6 16 27 21 20 25 10 11 -8 13 -12 -15 -14 19 -11 -18 -5 22 23 -2 -3 -25 -4 -19 -6 -1 -20
right_child=1 3 8 4 5 -7 9 -9 -10 17 12 -13 15 14 -16 -17 18 26 29 -21 -22 -23 -24 24 -26 -27 -28 -29 -30 -31
leaf_value=-4.2090309743199858e-05 -5.8591871320150757e-05 5.8209079912115131e-05 -2.9970030012387252e-05 0.00014862664397367808 0.000829170767674441 0.00016406995328872235 6.5965581088676115e-05 3.2891932757001643e-05 -1.0878842130937111e-06 6.2437030004775749e-05 8.860504706005027e-05 0.00097807331660078496 0.00010669134803070588 0.00074207326939813357 5.5144693313715323e-05 0.00055578024306590158 0.00048446511677668799 0.00013444850335906757 0.00022903311598883211 3.8988309573280923e-05 -1.7360425192132828e-06 3.9940985683084355e-05 1.8739394974859915e-05 0.00072361291069682925 5.5300080804635609e-05 -1.4632894626012949e-05 4.7240600969626732e-05 0.00051057962740742369 -3.2577093030926092e-05 9.4362179065922804e-05
leaf_weight=20147 207 6644 5386 546 20 52 30 16068 12398 3547 1261 20 21 20 35 23 23 636 204 203 5446 6009 19362 20 118 23113 169 20 24837 76
leaf_count=20147 207 6644 5386 546 20 52 30 16068 12398 3547 1261 20 21 20 35 23 23 636 204 203 5446 6009 19362 20 118 23113 169 20 24837 76
internal_value=1.14044e-07 3.59815e-05 -2.52702e-05 6.68729e-05 0.000165584 0.000383985 6.07863e-05 2.11707e-05 -1.25466e-05 8.33085e-05 0.000117068 0.000430809 0.000105534 9.76463e-05 0.000304937 0.000341442 0.000146485 7.23706e-05 0.000214643 0.000118912 1.36418e-05 5.06406e-05 1.79214e-05 6.01207e-05 0.000152157 -1.75314e-05 0.00011614 0.000669875 -3.68378e-05 0.00019248
internal_weight=146661 60780 85881 19697 1144 92 18553 41083 40897 5762 1410 50 1360 1316 55 44 1052 4352 303 749 25015 12791 19569 6782 138 28499 805 40 44984 280
internal_count=146661 60780 85881 19697 1144 92 18553 41083 40897 5762 1410 50 1360 1316 55 44 1052 4352 303 749 25015 12791 19569 6782 138 28499 805 40 44984 280
is_linear=0
shrinkage=0.05


Tree=14
num_leaves=31
num_cat=0
split_feature=2 3 3 21 11 7 3 7 3 2 3 6 2 3 14 7 2 2 10 6 7 22 20 7 7 7 24 11 13 14
split_gain=0.0482108 0.00921359 0.00601637 0.00322356 0.00300055 0.00257063 0.0022108 0.0012745 0.00110427 0.000822173 0.000785667 0.00059336 0.00057817 0.000558244 0.000550352 0.000678678 0.00174356 0.000459331 0.000654994 0.00045258 0.000409425 0.000405889 0.000396036 0.000390212 0.000384828 0.000390702 0.000354205 0.000516696 0.00239211 0.000350504
threshold=0.002295779413543642 0.0048618288710713395 0.0012917546555399897 0.016275134868919853 1.2515221834182741 0.069030001759529128 0.0032240860164165501 0.41900999844074255 0.0062471975106745967 0.0016824261401779952 0.00078884576214477431 322.19642639160162 0.0054452104959636935 0.0039086006581783303 -0.0085483021102845651 0.0019209999591112139 0.0031692491611465816 0.0087253279052674788 7.1996331214904794 145.43571472167972 0.0062749998178333053 0.0063096026424318561 0.025906809605658058 0.0052010000217705974 23.198699951171879 0.001160999992862344 -0.28301890194416041 -0.47790989279747004 -0.011205674614757298 0.012027565389871599
decision_type=2 2 2 2 2 2 2 2 2 2 2 2 2 2 2 2 2 2 2 2 2 2 2 2 2 2 2 2 2 2
left_child=2 6 10 7 17 -6 14 8 21 11 -1 -4 -10 22 15 16 -2 -5 -19 -16 -14 -3 -8 -23 25 -11 27 28 -9 -27
right_child=1 3 9 4 5 -7 13 26 12 24 -12 -13 20 -15 19 -17 -18 18 -20 -21 -22 23 -24 -25 -26 29 -28 -29 -30 -31
leaf_value=-3.8296502315703458e-05 5.8952624586839755e-05 6.7196842771460026e-05 -1.4543312002407884e-05 9.6927906047972287e-05 0.00092892478681348548 0.00027257760065757406 2.6779017508896679e-05 0.00058010778637773393 6.7031513383197732e-05 -2.4537145519000006e-05 -2.6306378624363631e-05 0.00018324304083570928 5.8448378488753089e-05 4.757109353017469e-05 1.6223363817531613e-05 3.3207780661842254e-05 0.00053643720596786197 0.00018076610515284605 0.00047754362464977687 -1.2437554779636562e-05 0.00013554267944503544 0.00026238978957322123 4.6756482169259832e-05 0.00010355267782915834 -1.6775677681190401e-05 5.0339241697158141e-06 3.8681915659120959e-05 5.5431422875322587e-05 6.2945095898022706e-05 7.7448149476335411e-05
leaf_weight=28790 94 3417 17963 131 26 35 9619 28 487 1138 26002 38 191 10192 18685 2370 24 120 22 1487 1751 44 3343 319 2670 14888 2101 406 111 169
leaf_count=28790 94 3417 17963 131 26 35 9619 28 487 1138 26002 38 191 10192 18685 2370 24 120 22 1487 1751 44 3343 319 2670 14888 2101 406 111 169
internal_value=1.08342e-07 3.71148e-05 -2.20988e-05 8.28084e-05 0.000235293 0.000552332 2.79499e-05 7.70569e-05 8.94401e-05 -6.48182e-06 -3.26065e-05 -1.41258e-05 0.000115744 3.88157e-05 1.68472e-05 3.90348e-05 0.000156068 0.000164452 0.000226746 1.41106e-05 0.00012796 7.25371e-05 3.19314e-05 0.000122806 8.12058e-07 3.71167e-06 4.79992e-05 8.39176e-05 0.000167122 5.8467e-06
internal_weight=146661 55003 91658 9189 334 61 45814 8855 6209 36866 54792 18001 2429 23154 22660 2488 118 273 142 20172 1942 3780 12962 363 18865 16195 2646 545 139 15057
internal_count=146661 55003 91658 9189 334 61 45814 8855 6209 36866 54792 18001 2429 23154 22660 2488 118 273 142 20172 1942 3780 12962 363 18865 16195 2646 545 139 15057
is_linear=0
shrinkage=0.05


Tree=15
num_leaves=31
num_cat=0
split_feature=3 3 2 8 2 3 11 7 6 7 15 11 7 3 7 5 15 6 7 7 6 0 6 8 2 6 7 20 7 5
split_gain=0.0430859 0.00775655 0.00546578 0.0027359 0.00180907 0.00169617 0.00198885 0.00338297 0.000872545 0.000736069 0.00314078 0.00480058 0.000705618 0.000684133 0.000626019 0.000623505 0.000563573 0.000501678 0.000498166 0.000772506 0.00039922 0.000391686 0.000648314 0.000388288 0.000384775 0.000365901 0.000347624 0.000346336 0.000389752 0.0011498
threshold=0.0024126007920131092 0.0048618288710713395 0.0013153023901395502 0.0077964814845472583 0.0030366388382390146 0.010835845023393633 1.3298021554946902 0.072889998555183425 0.00043392858060542499 0.0019209999591112139 -0.011471554636955259 0.70295673608779918 0.11532999947667123 0.0033191546099260454 0.001160999992862344 1.9923813343048098 -0.0073317973874509326 84.060714721679702 6.9556999206542978 0.23081000149250033 4.468928575515748 0.011686593759804966 0.97178572416305553 0.0021529174409806733 0.0044154985807836064 0.093250002712011351 0.23081000149250033 0.023508023470640186 0.012724999804049732 1.1189894080162051
decision_type=2 2 2 2 2 2 2 2 2 2 2 2 2 2 2 2 2 2 2 2 2 2 2 2 2 2 2 2 2 2
left_child=2 4 8 12 16 15 18 -8 -1 10 11 -6 24 -11 -4 21 -2 23 19 25 -18 -5 -23 -16 -3 -7 -15 -26 29 -29
right_child=1 3 14 5 9 6 7 -9 -10 13 -12 -13 -14 26 17 -17 20 -19 -20 -21 -22 22 -24 -25 27 -27 -28 28 -30 -31
leaf_value=-3.5538786618618405e-05 3.1799274495693169e-05 4.5417783066655907e-05 -2.3284698231136703e-05 0.00010250700799984082 0.00094570518636968566 0.00021366868921496022 0.0010185020969947802 0.00019439183575589898 -2.3187404987620249e-05 2.2235584376605038e-05 2.0761476950677361e-05 -2.4682541159563699e-05 4.4488462228316988e-05 4.6311090808932582e-05 -4.4799381261259188e-06 -2.4785294149244263e-05 1.4553524576178183e-05 -1.4455891605683693e-05 4.8279348390766949e-05 0.00045404871730819909 -6.1705119912610086e-06 0.00014770297626072487 0.00044698494246404158 8.8013965917330436e-06 6.7526717956202807e-05 8.1683468074010714e-05 3.2201187311696317e-05 0.00010548701267733837 8.4881925231857007e-05 0.00032569623119476282
leaf_weight=33835 4018 817 4066 1274 26 194 20 33 24764 7933 164 25 3087 9635 12815 87 12888 6601 62 28 2835 190 20 9645 1644 72 7981 387 1188 70
leaf_count=33835 4018 817 4066 1274 26 194 20 33 24764 7933 164 25 3087 9635 12815 87 12888 6601 62 28 2835 190 20 9645 1644 72 7981 387 1188 70
internal_value=-2.00036e-07 3.49318e-05 -2.11422e-05 7.6876e-05 2.64766e-05 0.000128922 0.00021962 0.000505377 -3.03191e-05 3.52032e-05 0.000127331 0.000470025 6.25494e-05 3.4428e-05 -4.90898e-06 0.000105309 1.50875e-05 -2.33799e-06 0.000177078 0.000204239 1.08168e-05 0.000112936 0.000176206 1.22347e-06 7.61282e-05 0.000177943 3.99185e-05 8.37567e-05 9.99769e-05 0.000139217
internal_weight=146404 54678 91726 9173 45505 1980 409 53 58599 25764 215 51 7193 25549 33127 1571 19741 29061 356 294 15723 1484 210 22460 4106 266 17616 3289 1645 457
internal_count=146404 54678 91726 9173 45505 1980 409 53 58599 25764 215 51 7193 25549 33127 1571 19741 29061 356 294 15723 1484 210 22460 4106 266 17616 3289 1645 457
is_linear=0
shrinkage=0.05


Tree=16
num_leaves=31
num_cat=0
split_feature=3 3 2 1 3 11 7 2 2 3 7 31 5 3 1 6 21 2 13 3 14 6 15 7 3 14 6 31 19 7
split_gain=0.038885 0.00702277 0.00495644 0.0024856 0.00185455 0.0020748 0.00365222 0.00116271 0.000785218 0.000776565 0.00074293 0.00802931 0.000668461 0.00063656 0.000597836 0.00069616 0.000929744 0.000570694 0.00136873 0.000567066 0.000503169 0.00048788 0.000487039 0.000419332 0.000408666 0.000376275 0.000371256 0.000348256 0.000333643 0.000316518
threshold=0.0024126007920131092 0.0043931205291301021 0.0011771682766266169 0.0069350439589470634 0.010835845023393633 1.2515221834182741 0.069030001759529128 0.0030366388382390146 0.0054452104959636935 0.0018156635924242439 0.0019209999591112139 -0.31960968673229212 1.9923813343048098 0.0065871514379978189 0.0051816252525895843 0.014307142700999977 0.010867838747799398 0.0043568219989538201 -0.0051913647912442675 0.00076622769120149325 -0.0031382113229483362 0.36432142555713659 -0.0050217602401971808 0.22522000223398211 0.0032686897320672874 0.010870660189539196 4.468928575515748 -0.24877484887838361 -0.018820756115019318 0.083650000393390669
decision_type=2 2 2 2 2 2 2 2 2 2 2 2 2 2 2 2 2 2 2 2 2 2 2 2 2 2 2 2 2 2
left_child=2 7 19 14 8 21 -7 22 -5 -4 11 -9 13 -10 20 16 28 18 -17 -1 -3 23 29 -6 -12 -8 -24 -13 -16 -2
right_child=1 3 9 4 5 6 25 10 12 -11 24 27 -14 -15 15 17 -18 -19 -20 -21 -22 -23 26 -25 -26 -27 -28 -29 -30 -31
leaf_value=-3.5073347314698873e-05 4.3783370700093564e-05 6.304703348547517e-05 -1.308785201206897e-05 0.00034547364095487864 0.0001640247953827767 0.0010306792287155986 0.00038027572823921222 0.0010520690946404579 7.004743172614549e-05 1.1076271438568233e-06 2.0324997001837748e-05 0.00021380173768972911 -1.7836045828971691e-05 0.00012513146455208008 0.00014023367599824948 0.00055257724738567049 0.00040333265494374595 5.9242396938776458e-05 4.1558668377355819e-05 -2.4726568794307735e-05 3.6065529701183803e-05 -8.9293102107712048e-07 1.3175317632125727e-05 0.00039694633146393162 3.4860271663237751e-05 8.9308661903487525e-05 -7.7098735234737848e-06 -2.09343370954348e-06 4.4344544585328555e-05 1.8130680911268176e-05
leaf_weight=27117 1851 2770 20724 30 242 20 20 21 1159 18004 7238 21 140 958 295 20 29 2678 38 25881 4593 42 11557 21 14570 25 2608 169 131 3432
leaf_count=27117 1851 2770 20724 30 242 20 20 21 1159 18004 7238 21 140 958 295 20 29 2678 38 25881 4593 42 11557 21 14570 25 2608 169 131 3432
internal_value=-1.90034e-07 3.31852e-05 -2.00851e-05 6.49321e-05 0.000108157 0.000212011 0.000468489 2.3071e-05 9.13546e-05 -6.48861e-06 3.09395e-05 0.00012431 8.79769e-05 9.49745e-05 5.40502e-05 7.21268e-05 0.000129395 6.2603e-05 0.000217772 -3.00206e-05 4.62161e-05 0.000157352 1.41622e-05 0.000182623 3.00361e-05 0.000218627 9.33002e-06 2.17687e-05 0.000110747 2.71186e-05
internal_weight=146404 54678 91726 13211 2657 370 65 41467 2287 38728 22019 211 2257 2117 10554 3191 455 2736 58 52998 7363 305 19448 263 21808 45 14165 190 426 5283
internal_count=146404 54678 91726 13211 2657 370 65 41467 2287 38728 22019 211 2257 2117 10554 3191 455 2736 58 52998 7363 305 19448 263 21808 45 14165 190 426 5283
is_linear=0
shrinkage=0.05


Tree=17
num_leaves=31
num_cat=0
split_feature=3 3 2 0 11 7 2 7 3 20 2 7 7 31 3 7 14 7 16 20 7 7 7 7 2 31 7 31 14 7
split_gain=0.0350937 0.00636885 0.00447991 0.00197957 0.00176769 0.00269197 0.00152358 0.000808842 0.000740448 0.000632309 0.00139964 0.000599298 0.000594198 0.0072855 0.000626126 0.000548577 0.000468108 0.000440668 0.000384973 0.000374219 0.000364725 0.0003511 0.000328843 0.000327068 0.00155708 0.00247075 0.000319268 0.000319112 0.000315332 0.00218906
threshold=0.0024126007920131092 0.0049429924692958602 0.0013153023901395502 0.0069021265953779229 1.3298021554946902 0.069030001759529128 0.0030366388382390146 0.41900999844074255 0.00085615759599022578 0.04561406001448632 0.0051881887484341868 0.016850000247359279 0.0019209999591112139 -0.31960968673229212 0.0039086006581783303 0.001160999992862344 -0.007454739185050129 68.658000946044936 1.0000000180025095e-35 0.025400663726031784 0.62536999583244335 0.0040909999515861281 0.012724999804049732 18.991300582885746 0.0041405437514185914 -0.060077097266912453 10.792299747467043 -0.24877484887838361 0.002202294766902924 0.77309998869895946
decision_type=2 2 2 2 2 2 2 2 2 2 2 2 2 2 2 2 2 2 2 2 2 2 2 2 2 2 2 2 2 2
left_child=2 6 8 7 9 -6 16 21 -1 11 -11 18 13 -8 19 -4 -2 -17 -5 -14 -18 -3 -23 28 -25 -26 -16 -15 -21 -30
right_child=1 3 15 4 5 -7 12 -9 -10 10 -12 -13 14 27 26 17 20 -19 -20 23 -22 22 -24 24 25 -27 -28 -29 29 -31
leaf_value=-3.2259846447844451e-05 3.6264152095557689e-05 -2.5792756173499017e-06 -2.1585995621274028e-05 0.00012357093248753601 0.00081758636608190668 0.00014744040937388338 0.00099946564490286023 3.153405677422438e-05 -2.0903565991234078e-05 0.00055399993498213014 0.00012991425788033819 6.5640664259850509e-05 2.0904960000704543e-05 0.00020311164906680851 4.3723416706687068e-05 1.3602312035772548e-06 1.4746619228816842e-05 -1.3334829505648978e-05 0.00029463577855101512 3.1509125309534707e-05 -2.8600663177810368e-06 0.00010292142169790824 6.5766715448542986e-05 1.8880984930922955e-05 -1.4238776584534207e-05 0.00077169166226667587 8.6495770621472746e-06 -3.2882268297762917e-06 2.6333807774819907e-05 0.00040212222560186367
leaf_weight=33465 2053 163 4066 296 22 47 21 2097 25134 20 715 1055 12145 21 9210 22460 13982 6601 37 3602 3725 721 3422 121 20 20 698 173 246 46
leaf_count=33465 2053 163 4066 296 22 47 21 2097 25134 20 715 1055 12145 21 9210 22460 13982 6601 37 3602 3725 721 3422 121 20 20 698 173 246 46
internal_value=-1.80533e-07 3.1526e-05 -1.90808e-05 7.10391e-05 0.000112051 0.00036111 2.41563e-05 5.69993e-05 -2.7389e-05 0.000103956 0.000141454 8.4099e-05 3.20333e-05 0.000114815 3.13515e-05 -4.38437e-06 1.36631e-05 -1.97765e-06 0.000142578 2.5296e-05 1.10427e-05 6.94007e-05 7.22327e-05 3.84477e-05 0.000108284 0.000378726 4.12525e-05 1.9054e-05 3.55602e-05 8.55334e-05
internal_weight=146404 54678 91726 8595 2192 69 46083 6403 58599 2123 735 1388 26323 215 26108 33127 19760 29061 333 16200 17707 4306 4143 4055 161 40 9908 194 3894 292
internal_count=146404 54678 91726 8595 2192 69 46083 6403 58599 2123 735 1388 26323 215 26108 33127 19760 29061 333 16200 17707 4306 4143 4055 161 40 9908 194 3894 292
is_linear=0
shrinkage=0.05


Tree=18
num_leaves=31
num_cat=0
split_feature=2 3 2 1 3 3 11 4 2 7 7 5 15 7 31 3 22 4 19 7 7 21 7 21 3 24 11 3 3 7
split_gain=0.031757 0.00658987 0.00328593 0.00200737 0.0016678 0.00156226 0.00174305 0.00418532 0.000716982 0.00069956 0.000684463 0.000614606 0.000588818 0.000833323 0.00299891 0.000538371 0.00048271 0.000611423 0.00122087 0.000406465 0.000392816 0.00036645 0.000459514 0.000341255 0.000332392 0.000325814 0.00344698 0.00964565 0.000324591 0.000319547
threshold=0.0021390712354332213 0.0043931205291301021 0.0010651939082890751 0.0069350439589470634 0.0028304334264248614 0.010835845023393633 1.2515221834182741 1.2248889207839968 0.0054452104959636935 0.001160999992862344 0.51249998807907116 1.9923813343048098 -0.0055852178484201423 0.0019209999591112139 -0.18347457796335218 0.0065871514379978189 0.0060218465514481076 1.765141546726227 -0.017974587157368657 0.66429999470710765 0.22522000223398211 0.016275134868919853 0.083650000393390669 0.0026879953220486645 0.00067470027715899061 0.44613665342330938 -0.65734672546386708 0.0022913897410035138 0.0037460689200088386 0.0052010000217705974
decision_type=2 2 2 2 2 2 2 2 2 2 2 2 2 2 2 2 2 2 2 2 2 2 2 2 2 2 2 2 2 2
left_child=2 4 24 16 -2 8 19 -8 -5 -4 25 15 13 14 -6 -10 17 21 -19 20 -7 -3 -23 -12 -1 -11 27 -27 -14 -18
right_child=1 3 9 5 12 6 7 -9 11 10 23 -13 28 -15 -16 -17 29 18 -20 -21 -22 22 -24 -25 -26 26 -28 -29 -30 -31
leaf_value=-3.3078901304163055e-05 7.2947114127280588e-06 4.4622274757585784e-05 -2.282809072982834e-05 0.0003255581810905521 0.00072046226054226284 0.00014637148775277639 0.00016107691474038198 0.0010303769970778376 6.3289754132481963e-05 1.1012672260696509e-06 -1.4194594935689885e-05 -2.1956956104207038e-05 1.6929371052524108e-05 3.544668391926785e-05 -3.9466832753830172e-05 0.00011394759176141397 0.00019806150497782347 0.00051926406825259625 -2.0499526825998063e-05 -1.9584952759246603e-05 0.00037152029080538169 0.00035846507154409278 5.135391708383145e-05 3.589632058597475e-06 -2.4637661487101736e-05 0.0012968183749308083 5.8288438467662175e-06 2.3449822760053865e-05 3.1310296410801906e-05 7.6707079819891185e-05
leaf_weight=20125 18033 9448 7132 30 20 250 45 20 1159 11177 16515 140 12543 9899 37 958 58 20 22 34 21 21 29 3224 27733 20 1085 58 5710 838
leaf_count=20125 18033 9448 7132 30 20 250 45 20 1159 11177 16515 140 12543 9899 37 958 58 20 22 34 21 21 29 3224 27733 20 1085 58 5710 838
internal_value=-1.71506e-07 2.80376e-05 -1.93952e-05 5.93526e-05 1.91711e-05 9.81529e-05 0.000193473 0.000428554 8.27317e-05 -8.66418e-06 -5.51517e-06 7.95041e-05 2.67632e-05 3.65444e-05 0.000227175 8.62138e-05 4.9474e-05 4.61785e-05 0.000236531 0.000143373 0.000163818 4.53367e-05 0.000180341 -1.12899e-05 -2.81873e-05 3.72201e-06 2.89086e-05 0.000349955 2.14281e-05 8.45626e-05
internal_weight=146404 59335 87069 13093 46242 2657 370 65 2287 39211 32079 2257 28209 9956 57 2117 10436 9540 42 305 271 9498 50 19739 47858 12340 1163 78 18253 896
internal_count=146404 59335 87069 13093 46242 2657 370 65 2287 39211 32079 2257 28209 9956 57 2117 10436 9540 42 305 271 9498 50 19739 47858 12340 1163 78 18253 896
is_linear=0
shrinkage=0.05


Tree=19
num_leaves=31
num_cat=0
split_feature=2 1 2 2 2 11 4 14 2 22 19 11 2 9 14 19 22 9 1 2 13 13 10 21 11 24 9 19 15 9
split_gain=0.0287135 0.00493767 0.00415186 0.00145244 0.00104555 0.000961189 0.00238999 0.000833286 0.000676291 0.000555677 0.000513133 0.000591039 0.000656849 0.00103198 0.000639256 0.000504672 0.00047181 0.00045846 0.000358816 0.00056927 0.00232679 0.00262133 0.000293891 0.000286194 0.000282243 0.00249315 0.00501277 0.000280157 0.00033458 0.000920601
threshold=0.0023929064627736811 0.0052938370499759921 0.0013443114003166559 0.0087253279052674788 0.0040476555004715928 1.3298021554946902 1.1892594099044802 -0.0056243436411023131 0.00087797973537817608 0.0013007209054194393 -0.023041857406496998 0.39593863487243658 0.0044747479259967813 0.97227233648300182 -0.0038934733020141716 -0.078326586633920656 0.0013901991187594833 1.7406079769134524 0.0061181311029940852 0.0051881887484341868 -0.0088488850742578489 -0.010270791128277777 2.2431269884109502 0.0030203661881387238 -0.63726696372032154 0.38461531698703771 0.85741236805915844 -0.022290856577455994 -0.0095454356633126718 1.3924594521522524
decision_type=2 2 2 2 2 2 2 2 2 2 2 2 2 2 2 2 2 2 2 2 2 2 2 2 2 2 2 2 2 2
left_child=2 4 8 10 7 15 -7 -2 -1 23 11 12 13 -3 -15 22 -9 -17 -14 20 21 -20 -5 -4 25 -11 -27 28 -6 -30
right_child=1 3 9 5 27 6 -8 16 -10 24 -12 -13 18 14 -16 17 -18 -19 19 -21 -22 -23 -24 -25 -26 26 -28 -29 29 -31
leaf_value=-2.8623674460955209e-05 3.4095136768881564e-05 0.00052597592337059768 -7.5904584515279477e-06 0.00015358473800835708 3.8495490988718503e-05 0.00013324581883910382 0.00076183072023013661 1.0149187563782681e-05 -1.7651633945981723e-05 5.3431465273507661e-06 4.5588579416326196e-05 4.3205612397231318e-05 5.5222719114457144e-05 4.8608069397838942e-05 0.00036369275477971479 0.00010873093934014244 2.3810448356330826e-05 1.1981379124658668e-05 0.00016228784310702137 8.8345396692862514e-05 2.9905669151431591e-05 0.00091176343394181467 0.00033265338704670569 6.0801287470983717e-06 8.1898722741970124e-06 1.5796473619250012e-05 0.00091058743328176206 3.0195474160341434e-05 5.8673087231275228e-05 0.00024656195342765346
leaf_weight=37501 7482 21 24752 193 3167 62 20 16958 22453 474 3487 1016 694 60 22 583 10075 155 28 983 76 20 26 4529 4805 45 24 5442 1182 69
leaf_count=37501 7482 21 24752 193 3167 62 20 16958 22453 474 3487 1016 694 60 22 583 10075 155 28 983 76 20 26 4529 4805 45 24 5442 1182 69
internal_value=-1.62931e-07 2.97522e-05 -1.65531e-05 6.743e-05 2.34299e-05 0.000122268 0.000286559 1.93278e-05 -2.45146e-05 -2.76913e-06 5.85372e-05 7.40001e-05 9.04325e-05 0.000213235 0.000133143 0.00010819 1.52406e-05 8.84109e-05 8.34094e-05 0.00010108 0.000202034 0.000474569 0.000174844 -5.47598e-06 1.20512e-05 4.62202e-05 0.000327028 3.77894e-05 4.71434e-05 6.90363e-05
internal_weight=146404 51821 94583 7446 44375 1039 82 34515 59954 34629 6407 2920 1904 103 82 957 27033 738 1801 1107 124 48 219 29281 5348 543 69 9860 4418 1251
internal_count=146404 51821 94583 7446 44375 1039 82 34515 59954 34629 6407 2920 1904 103 82 957 27033 738 1801 1107 124 48 219 29281 5348 543 69 9860 4418 1251
is_linear=0
shrinkage=0.05


Tree=20
num_leaves=31
num_cat=0
split_feature=3 3 3 21 11 24 3 0 15 6 7 31 0 31 19 2 6 9 14 7 5 3 31 7 6 7 7 11 15 11
split_gain=0.0268455 0.00547722 0.00259402 0.00229913 0.0010493 0.00130219 0.000974613 0.000951722 0.00067917 0.000591391 0.000559292 0.00300125 0.000536166 0.000521665 0.000489891 0.000655766 0.000453853 0.000407411 0.000394619 0.000374028 0.000698668 0.000350902 0.000382463 0.000345355 0.000311475 0.000595989 0.000449165 0.00030333 0.00291821 0.000272678
threshold=0.002233203151263297 0.0042874289210885772 0.0011002835235558452 0.016275134868919853 1.1879371404647829 -0.21240659803152082 0.0028304334264248614 0.0061079252045601615 -0.0055852178484201423 0.015860714949667457 0.0019209999591112139 -0.24312072247266767 0.0016852727276273074 0.24487510323524478 -0.049895210191607468 0.0045371144078671941 1.2003571391105654 0.94268539547920238 -0.0031382113229483362 0.0094590000808239001 1.2544214129447939 0.010835845023393633 -0.12278871238231658 8.4316000938415545 0.014307142700999977 0.010162999853491785 0.77309998869895946 -0.64744529128074635 0.011161063797771932 0.44660419225692755
decision_type=2 2 2 2 2 2 2 2 2 2 2 2 2 2 2 2 2 2 2 2 2 2 2 2 2 2 2 2 2 2
left_child=2 6 -1 7 24 -6 17 16 10 19 11 -8 -4 -7 15 -11 18 -2 -3 -9 -21 29 -23 -10 25 -5 -26 28 -19 -17
right_child=1 3 12 4 5 13 8 9 23 14 -12 -13 -14 -15 -16 21 -18 27 -20 20 -22 22 -24 -25 26 -27 -28 -29 -30 -31
leaf_value=-2.5807154825574547e-05 -8.5004759990391321e-07 5.7980945063121331e-05 -1.2570325483846713e-05 0.00011602107500406651 0.00068804150432697506 7.8216826562614494e-05 0.00069245694955498037 8.7692738232510617e-05 1.9815977799674283e-05 0.00038739399515179689 3.2499527096462413e-05 -3.0230066192202419e-05 -2.884411011546206e-07 0.00040313997499955196 5.2134623323030519e-05 0.00011244074640889211 6.8748990711366532e-06 1.4023635056868221e-05 3.712607454235861e-05 0.00013477052686205904 0.00041037316197896595 0.00029727822409590665 7.39380409261988e-05 -8.5815072866810368e-07 7.7695479420141899e-05 0.00041078493301972266 0.00026464189134990673 1.2983545232845927e-05 0.00050793332525107403 2.9033418632340566e-05
leaf_weight=46607 7647 3615 26252 47 20 30 20 451 16593 20 9730 51 13433 21 2301 226 854 319 6089 199 26 41 36 2300 208 27 38 8703 33 173
leaf_count=46607 7647 3615 26252 47 20 30 20 451 16593 20 9730 51 13433 21 2301 226 854 319 6089 199 26 41 36 2300 208 27 38 8703 33 173
internal_value=3.64565e-08 2.57781e-05 -1.78077e-05 5.2621e-05 0.000172211 0.000346102 1.72502e-05 4.92884e-05 2.28396e-05 7.19933e-05 3.35198e-05 0.000173344 -8.41302e-06 0.000212009 6.18499e-05 0.00010692 4.18198e-05 7.64764e-06 4.48951e-05 0.000113962 0.000166618 9.51356e-05 0.000192859 1.72991e-05 0.000133629 0.00022357 0.000106573 1.4824e-05 6.03277e-05 7.62767e-05
internal_weight=146110 59818 86292 14422 391 71 45396 14031 28694 3473 9801 71 39685 51 2797 496 10558 16702 9704 676 225 476 77 18893 320 74 246 9055 352 399
internal_count=146110 59818 86292 14422 391 71 45396 14031 28694 3473 9801 71 39685 51 2797 496 10558 16702 9704 676 225 476 77 18893 320 74 246 9055 352 399
is_linear=0
shrinkage=0.05


Tree=21
num_leaves=31
num_cat=0
split_feature=2 3 3 21 3 3 7 31 15 7 31 6 7 22 7 14 7 7 7 4 14 6 14 4 9 6 6 31 31 2
split_gain=0.0242768 0.00531642 0.00208719 0.00205848 0.00123684 0.000856188 0.000912542 0.00084486 0.000537051 0.00082894 0.00237243 0.000472381 0.000550832 0.00046497 0.000431573 0.00038756 0.000962249 0.000434081 0.000432645 0.000523935 0.000422869 0.000362924 0.000359082 0.000500998 0.00118554 0.000345317 0.000330534 0.000658597 0.00116789 0.000404752
threshold=0.0020425756229087715 0.0042874289210885772 0.0010498875053599479 0.016275134868919853 0.0028304334264248614 0.0062471975106745967 0.48126000165939337 0.50632777810096752 -0.0055852178484201423 0.0019209999591112139 -0.18347457796335218 0.00092607142869383108 23.198699951171879 0.0023094108328223233 0.0040909999515861281 -0.014208106324076651 0.77309998869895946 0.065170001238584532 0.010162999853491785 1.3013297915458681 0.025078667327761654 0.066392857581377043 -0.0024512403178960081 1.765141546726227 1.3924594521522524 145.43571472167972 0.015860714949667457 -0.15721378475427625 -0.13826356828212735 0.0050825597718358049
decision_type=2 2 2 2 2 2 2 2 2 2 2 2 2 2 2 2 2 2 2 2 2 2 2 2 2 2 2 2 2 2
left_child=2 4 -1 5 25 13 14 15 9 10 -6 -4 -13 22 -7 16 17 18 -5 -20 -17 -22 23 -3 -25 -2 27 -15 -29 -30
right_child=1 3 11 7 8 6 -8 -9 -10 -11 -12 12 -14 26 -16 20 -18 -19 19 -21 21 -23 -24 24 -26 -27 -28 28 29 -31
leaf_value=-2.496300185016554e-05 8.7486928903350583e-06 4.3541394725781373e-05 -2.0382556883318636e-05 7.5838271857656803e-05 0.0006585200355766574 -8.719920535643016e-05 2.0224855459505237e-05 0.00048015304137152273 1.7544179794917334e-05 3.1149663698787446e-05 -3.5669325529852362e-05 -2.0968581493442197e-06 -1.6215913947155563e-05 2.1426255870607906e-05 8.7207322839832931e-05 4.4548015185274548e-05 0.00046611525163621866 4.0977921668276066e-05 0.00016390261252089051 0.00050588176230424622 0.00027738861115684984 6.9931492998875913e-05 2.1926799149726594e-05 0.00049728003003110652 -2.908144885188212e-05 -1.1756509688580789e-05 4.8129910007307044e-05 0.00049178250574806795 6.0610813785376052e-05 0.00019052656487364211
leaf_weight=44266 18155 2391 7601 29 20 36 709 20 17785 9509 32 22047 10060 191 2412 127 29 55 24 21 49 37 3754 20 23 2315 4120 22 152 99
leaf_count=44266 18155 2391 7601 29 20 36 709 20 17785 9509 32 22047 10060 191 2412 127 29 55 24 21 49 37 3754 20 23 2315 4120 22 152 99
internal_value=3.46337e-08 2.3728e-05 -1.74971e-05 5.04533e-05 1.57242e-05 4.72772e-05 7.01756e-05 0.0001636 2.26817e-05 3.22384e-05 0.000231327 -9.17421e-06 -6.52074e-06 4.05662e-05 8.46425e-05 0.000146536 0.000205871 0.000147366 0.000226439 0.000323493 0.000102522 0.000188134 3.16253e-05 4.65835e-05 0.000215738 6.42971e-06 5.26357e-05 9.26435e-05 0.00014247 0.000111852
internal_weight=146110 62136 83974 14320 47816 13929 3157 391 27346 9561 52 39708 32107 10772 2448 371 158 129 74 45 213 86 6188 2434 43 20470 4584 464 273 251
internal_count=146110 62136 83974 14320 47816 13929 3157 391 27346 9561 52 39708 32107 10772 2448 371 158 129 74 45 213 86 6188 2434 43 20470 4584 464 273 251
is_linear=0
shrinkage=0.05


Tree=22
num_leaves=31
num_cat=0
split_feature=3 1 8 3 3 11 4 6 6 1 1 8 15 6 31 6 8 6 15 6 31 2 11 6 15 3 11 6 8 3
split_gain=0.0219433 0.00462883 0.00220886 0.00154599 0.00154179 0.00107512 0.00394269 0.000585115 0.00118171 0.00340894 0.000550685 0.000512971 0.000500979 0.00116744 0.000476642 0.000464376 0.000481113 0.0004079 0.000399294 0.000950298 0.00544422 0.000391523 0.000847514 0.000385791 0.000335557 0.000329227 0.000544347 0.000305446 0.00413354 0.000300787
threshold=0.002233203151263297 0.0055643701925873765 0.0011648334329947831 0.008811799809336664 0.00357318704482168 1.1879371404647829 1.349540710449219 0.015860714949667457 0.014307142700999977 0.0065872669219970712 0.0018126471550203862 0.0020349513506516819 -0.021349729038774964 0.013128571677953007 -0.53475615382194508 1.863928556442261 0.0040875456761568793 162.81428527832034 -0.011471554636955259 0.0023096428485587244 -0.33848272264003748 0.0047369687817990789 0.51212418079376232 0.11653571203351022 -0.0092471786774694902 0.0052250544540584096 0.57554805278778087 0.97178572416305553 0.0050005957018584022 0.0062471975106745967
decision_type=2 2 2 2 2 2 2 2 2 2 2 2 2 2 2 2 2 2 2 2 2 2 2 2 2 2 2 2 2 2
left_child=2 4 -1 7 10 14 -7 8 12 -10 -2 -4 13 -3 -5 16 -6 18 19 20 -12 -21 -23 24 -16 -14 -27 29 -29 -18
right_child=1 3 11 5 15 6 -8 -9 9 -11 17 -13 25 -15 23 -17 27 -19 -20 21 -22 22 -24 -25 -26 26 -28 28 -30 -31
leaf_value=-2.394003747881781e-05 -2.5075137659335133e-06 0.00010421067869584274 -1.1711327464210496e-05 0.00034074904993065591 2.4382072793770365e-05 0.00011027223053110319 0.0008552031053113752 4.7316008339212349e-05 -4.2310210064346338e-06 0.00079928204530998212 0.00090032603321084197 1.0055031785282073e-07 1.0121832403197628e-05 0.00050552336033433682 6.4229458337605876e-05 4.0671777720591839e-06 3.5658074516943847e-05 -1.3453871589302205e-05 1.3426451487084254e-05 2.3893643780057949e-05 2.9760581633347045e-05 0.00041767207327211516 7.4812699080319039e-06 4.1715508670519669e-05 0.00015086940195687293 6.495673774460524e-05 0.00029375423124167421 0.00068057051596244695 3.3944588886379905e-05 6.8757110944946636e-05
leaf_weight=44015 5485 193 28770 21 9870 78 23 4714 33 22 21 13507 255 20 166 1639 7265 1221 22576 4131 124 20 34 208 342 251 29 27 292 758
leaf_count=44015 5485 193 28770 21 9870 78 23 4714 33 22 21 13507 255 20 166 1639 7265 1221 22576 4131 124 20 34 208 342 251 29 27 292 758
internal_value=3.2902e-08 2.33058e-05 -1.61e-05 6.36479e-05 1.85104e-05 0.000126925 0.00027991 5.40365e-05 9.34892e-05 0.000317174 1.19851e-05 -7.93757e-06 7.70417e-05 0.000141893 0.000105959 2.95591e-05 3.18533e-05 1.48113e-05 1.6094e-05 3.00022e-05 0.000155842 2.56422e-05 0.000159404 9.9073e-05 0.000122558 5.12226e-05 8.86536e-05 4.0693e-05 8.86747e-05 3.87852e-05
internal_weight=146110 59818 86292 6355 53463 838 101 5517 803 55 33612 42277 748 213 737 19851 18212 28127 26906 4330 145 4185 54 716 508 535 280 8342 319 8023
internal_count=146110 59818 86292 6355 53463 838 101 5517 803 55 33612 42277 748 213 737 19851 18212 28127 26906 4330 145 4185 54 716 508 535 280 8342 319 8023
is_linear=0
shrinkage=0.05


Tree=23
num_leaves=31
num_cat=0
split_feature=2 2 8 8 6 13 13 21 2 6 6 6 2 4 11 8 8 6 6 2 25 11 6 2 10 6 6 21 6 6
split_gain=0.01984 0.00431713 0.00179066 0.00163333 0.000922412 0.000693657 0.00106957 0.00195368 0.001456 0.00465329 0.0011873 0.00457601 0.0101154 0.000664638 0.00154113 0.000655391 0.000617654 0.000941228 0.000559483 0.000545636 0.000525262 0.000486333 0.000441591 0.000959745 0.00145162 0.000416586 0.000367514 0.000364362 0.000356779 0.000300295
threshold=0.0020425756229087715 0.0041921925731003293 0.0012388003524392845 0.011961323674768211 3.9117857217788701 -0.0088488850742578489 -0.013132556807249783 0.016275134868919853 0.0043029214721173057 0.6528928577899934 0.015860714949667457 0.013128571677953007 0.0048099174164235601 1.6625383496284487 1.0903888344764712 0.0030265924287959938 0.0061363161075860271 0.0058375000953674325 0.24146428704261783 0.0059469633270055064 1.0000000180025095e-35 0.71737366914749157 0.97178572416305553 0.004987256834283472 0.35579134523868566 0.00092607142869383108 0.001636785746086389 0.0047939138021320113 0.14860714226961139 0.6528928577899934
decision_type=2 2 2 2 2 2 2 2 2 2 2 2 2 2 2 2 2 2 2 2 2 2 2 2 2 2 2 2 2 2
left_child=2 4 -1 5 15 6 28 8 9 -8 11 16 -13 20 -15 -2 -10 -18 19 -7 21 -5 -12 24 -24 -4 -17 -6 -3 -27
right_child=1 3 25 13 27 18 7 -9 10 -11 22 12 -14 14 -16 26 17 -19 -20 -21 -22 -23 23 -25 -26 29 -28 -29 -30 -31
leaf_value=-2.2188062726021011e-05 1.141745304036731e-05 5.3064888689758276e-05 -1.7232853954333858e-05 0.00013992907473381864 -5.1159157336860507e-06 3.4618275858158256e-05 4.4310234346064622e-05 0.0004652379266832106 -8.4990839031189135e-07 0.00069928972557252748 2.971447886946497e-05 6.5187969287055446e-06 0.0013157161657436519 5.9911696059446385e-05 0.00062654105048360568 -2.9380039669220355e-05 0.00044804465181765739 7.0406869312908825e-05 1.9771608855969461e-05 6.5904794173096072e-05 0.00034949525222393939 4.0197907212330522e-05 0.00050225006567075072 1.7438800438275582e-05 8.9804172087326617e-05 2.6609055455144843e-06 2.5754055734980919e-05 2.1639476330693615e-05 1.2945960929585871e-05 -8.2622090195767152e-06
leaf_weight=47679 21039 1410 8371 305 7464 5118 89 34 156 39 932 36 25 28 21 308 22 66 4030 1915 22 204 32 126 64 9576 16204 1534 913 18348
leaf_count=47679 21039 1410 8371 305 7464 5118 89 34 156 39 932 36 25 28 21 308 22 66 4030 1915 22 204 32 126 64 9576 16204 1534 913 18348
internal_value=3.12569e-08 2.14504e-05 -1.58177e-05 4.4226e-05 1.3824e-05 4.10441e-05 5.90478e-05 9.02181e-05 8.21836e-05 0.000243874 6.79983e-05 0.000155734 0.000543075 0.000126556 0.000302753 1.72694e-05 5.88986e-05 0.000164816 3.46257e-05 4.31372e-05 0.000110297 9.99582e-05 4.48099e-05 0.000108184 0.000227286 -7.44925e-06 2.47256e-05 -5.54594e-07 3.72971e-05 -4.51634e-06
internal_weight=146110 62136 83974 15587 46549 15007 3944 1621 1587 128 1459 305 61 580 49 37551 244 88 11063 7033 531 509 1154 222 96 36295 16512 8998 2323 27924
internal_count=146110 62136 83974 15587 46549 15007 3944 1621 1587 128 1459 305 61 580 49 37551 244 88 11063 7033 531 509 1154 222 96 36295 16512 8998 2323 27924
is_linear=0
shrinkage=0.05


Tree=24
num_leaves=31
num_cat=0
split_feature=1 1 1 21 1 11 4 7 7 7 7 5 19 5 19 13 13 7 7 7 24 7 21 11 13 7 13 22 13 7
split_gain=0.0178599 0.00369514 0.0020864 0.00100135 0.000984498 0.000850292 0.00149416 0.000576084 0.000564554 0.000545462 0.000503544 0.000466794 0.000385748 0.000373806 0.000347244 0.000310555 0.00192578 0.00487254 0.000281356 0.000272396 0.00124608 0.00027213 0.000269606 0.000262494 0.000524339 0.00109374 0.00176133 0.000251076 0.000245831 0.00024441
threshold=0.0020919473608955745 0.0055643701925873765 0.0010231087217107417 0.016275134868919853 0.0035609436454251413 1.1879371404647829 1.510135352611542 0.3028199970722199 2.175400018692017 0.001160999992862344 0.5282999873161317 0.71818926930427562 -0.022290856577455994 0.89142727851867687 -0.035009043291211121 -0.0088488850742578489 -0.0094923283904790861 0.013909999746829273 0.010162999853491785 0.77309998869895946 0.065870810300111785 0.10638000071048738 0.0021423345897346739 0.12255346402525903 -0.0094923283904790861 0.8725000023841859 -0.012415734119713305 0.0086814290843904036 0.007440361427143217 0.00029249998624436563
decision_type=2 2 2 2 2 2 2 2 2 2 2 2 2 2 2 2 2 2 2 2 2 2 2 2 2 2 2 2 2 2
left_child=2 4 29 7 8 -5 28 11 12 -4 -11 14 19 -6 22 16 27 -18 -14 21 -21 -2 -3 24 25 -9 -27 -13 -7 -1
right_child=1 3 9 5 13 6 -8 23 -10 10 -12 15 18 -15 -16 -17 17 -19 -20 20 -22 -23 -24 -25 -26 26 -28 -29 -30 -31
leaf_value=-2.4861139871178582e-05 3.5994845031995266e-05 0.00031625959559545771 -1.7361936855790928e-05 0.00010050839337109594 4.1999721876076278e-05 5.9385426568276735e-05 0.00065747308417485328 1.2768049751145536e-05 -2.4559915852707117e-07 4.4839706810328298e-06 -8.0642680392207688e-06 5.8980475822515843e-05 6.653583326459674e-07 2.3439479039850346e-05 6.2208790256192974e-05 5.0534933904705672e-05 0.00099393508482535273 2.9762105029811593e-05 1.5375202013252241e-05 2.293429762760148e-05 0.00036519001069157668 1.416170504801879e-05 0.00014503716932005108 1.2553396001818707e-05 3.1059404403258373e-05 0.00011105405499211904 0.0006495845612583005 0.00014672523540682736 0.00028422769995813726 -1.7721554388704799e-05
leaf_weight=22139 2872 34 7976 331 3372 31 20 86 7017 13805 18996 971 4048 13877 80 2806 20 38 16505 137 33 2837 71 1024 663 49 22 89 20 26141
leaf_count=22139 2872 34 7976 331 3372 31 20 86 7017 13805 18996 971 4048 13877 80 2806 20 38 16505 137 33 2837 71 1024 663 49 22 89 20 26141
internal_value=2.9694e-08 2.18703e-05 -1.39621e-05 5.78107e-05 1.73651e-05 0.000134187 0.000291197 5.26531e-05 1.23617e-05 -5.63471e-06 -2.78307e-06 6.30729e-05 1.57085e-05 2.70678e-05 0.000140687 5.94137e-05 8.16979e-05 0.000362236 1.2478e-05 2.70024e-05 8.93722e-05 2.51452e-05 0.000200481 2.94347e-05 5.05158e-05 0.000132679 0.000277923 6.63477e-05 0.000147559 -2.09954e-05
internal_weight=146110 57053 89057 6355 50698 402 71 5953 33449 40777 32801 4109 26432 17249 185 3924 1118 58 20553 5879 170 5709 105 1844 820 157 71 1060 51 48280
internal_count=146110 57053 89057 6355 50698 402 71 5953 33449 40777 32801 4109 26432 17249 185 3924 1118 58 20553 5879 170 5709 105 1844 820 157 71 1060 51 48280
is_linear=0
shrinkage=0.05


Tree=25
num_leaves=31
num_cat=0
split_feature=3 3 8 8 0 26 1 7 9 20 7 7 6 14 6 11 10 14 7 9 11 7 3 14 7 9 7 7 9 6
split_gain=0.0157645 0.00386546 0.00166727 0.00125903 0.00100676 0.000860166 0.000661137 0.00058223 0.000512953 0.000434581 0.000386977 0.000539721 0.00138065 0.00482811 0.000302284 0.000298359 0.000554135 0.000293815 0.00059281 0.00178681 0.00378153 0.000292821 0.000278054 0.00037991 0.000275195 0.000268467 0.000844052 0.000258911 0.000248527 0.000259766
threshold=0.0020581716671586041 0.0039086006581783303 0.0077964814845472583 0.0011423391406424346 0.011686593759804966 1.0000000180025095e-35 0.0024417431559413676 0.10638000071048738 1.5058972835540774 0.016852852888405326 0.0032550001051276927 0.011790000367909672 0.013128571677953007 -0.0082592568360269052 0.00078178572584874939 1.3298021554946902 0.7585238814353944 -0.0059632076881825915 0.0019209999591112139 1.2265926599502566 0.21922609955072406 0.49641999602317816 0.008811799809336664 0.0012288364232517781 0.050309998914599426 1.7406079769134524 0.27685999870300299 0.001160999992862344 0.47695800662040716 0.0089321429841220396
decision_type=2 2 2 2 2 2 2 2 2 2 2 2 2 2 2 2 2 2 2 2 2 2 2 2 2 2 2 2 2 2
left_child=3 6 7 -1 8 15 21 9 -4 24 -11 12 28 -14 -5 25 -17 18 19 20 -8 27 -13 -24 -3 26 -6 -2 -12 -30
right_child=1 2 4 14 5 -7 17 -9 -10 10 11 22 13 -15 -16 16 -18 -19 -20 -21 -22 -23 23 -25 -26 -27 -28 -29 29 -31
leaf_value=-2.0812846840082487e-05 -3.9444471748595337e-05 1.0895972682997165e-05 7.8684486401436253e-05 -1.5739147100881636e-05 0.00010465140822011621 0.00037616440193331173 -2.258197111907922e-06 2.1281620223660165e-05 2.062581330565908e-05 -6.4521757477713006e-06 -8.6212795091948166e-05 4.345575609108782e-05 -2.9259716136627557e-05 0.00094978178392921106 -5.5957755476946079e-06 7.441072621077183e-05 0.00041785580428752484 1.243504990462985e-05 2.2687398040149406e-05 -3.7134920303031604e-05 0.0008174758311724873 -5.6025662099629334e-06 6.0611624326156745e-05 0.00032323637327256929 3.7195681786717332e-05 3.2723926754743813e-05 0.00040999408635207149 8.4968889770722613e-06 8.648643015265232e-05 -1.0162292436417647e-05
leaf_weight=42874 288 1520 1234 9996 239 37 34 7808 550 292 24 3969 34 20 27695 24 23 20821 5814 71 24 6437 40 21 2878 88 25 12722 716 77
leaf_count=42874 288 1520 1234 9996 239 37 34 7808 550 292 24 3969 34 20 27695 24 23 20821 5814 71 24 6437 40 21 2878 88 25 12722 716 77
internal_value=-1.20814e-07 1.80305e-05 3.66253e-05 -1.49523e-05 7.7431e-05 0.000145541 1.0136e-05 3.14188e-05 6.07852e-05 3.96714e-05 4.94662e-05 5.27978e-05 8.84885e-05 0.000333348 -8.28589e-06 0.000124155 0.00024248 1.52339e-05 2.50396e-05 0.000131055 0.000336942 3.11995e-06 4.5084e-05 0.000151023 2.81062e-05 0.000108356 0.000133566 7.43562e-06 7.23044e-05 7.71019e-05
internal_weight=146395 65830 19619 80565 2220 436 46211 17399 1784 9591 5193 4901 871 54 37691 399 47 26764 5943 129 58 19447 4030 61 4398 352 264 13010 817 793
internal_count=146395 65830 19619 80565 2220 436 46211 17399 1784 9591 5193 4901 871 54 37691 399 47 26764 5943 129 58 19447 4030 61 4398 352 264 13010 817 793
is_linear=0
shrinkage=0.05


Tree=26
num_leaves=31
num_cat=0
split_feature=3 3 0 31 6 3 7 11 7 22 7 7 7 20 24 7 2 15 7 11 7 9 15 11 3 31 10 6 19 3
split_gain=0.0142274 0.00349623 0.00128723 0.00130954 0.00112428 0.0010739 0.000774431 0.000452504 0.000443008 0.000408953 0.000401322 0.000376886 0.000371516 0.000372391 0.000287683 0.000274844 0.00082819 0.000267405 0.000242581 0.000350199 0.000570884 0.00113104 0.000242064 0.00104596 0.00299764 0.00625688 0.000796977 0.0012662 0.000272534 0.00499207
threshold=0.0020581716671586041 0.005026300437748433 0.011686593759804966 0.32437476515769964 0.00044678572157863533 0.0031081190099939708 0.11532999947667123 -0.90422269701957692 14.170300006866457 0.0017515019280835988 0.77309998869895946 0.001160999992862344 0.0040909999515861281 0.022315577603876594 -0.63686892390251149 0.66429999470710765 0.0029848604463040833 -0.0071366981137543908 0.0052010000217705974 -0.18646278977394101 0.0044810001272708186 1.1486116647720339 0.0082723526284098643 -0.64744529128074635 0.0024538075085729365 0.0049214435275644073 9.6022253036499041 0.33842857182025915 -0.0065094926394522181 0.002351650502532721
decision_type=2 2 2 2 2 2 2 2 2 2 2 2 2 2 2 2 2 2 2 2 2 2 2 2 2 2 2 2 2 2
left_child=4 5 6 14 -1 10 7 -3 -6 17 11 -2 -9 -14 -4 22 -17 -7 19 -15 -21 -22 -13 24 25 -24 28 -28 29 -25
right_child=1 2 3 -5 8 9 -8 12 -10 -11 -12 15 13 18 -16 16 -18 -19 -20 20 21 -23 23 26 -26 -27 27 -29 -30 -31
leaf_value=-2.1002052191048764e-05 -3.8794820394759296e-05 0.00027662437844454594 0.00028281900001523105 0.00047697756552952345 -5.0069081853043252e-06 2.4199566876240183e-05 2.2761417330593648e-05 -2.1051548450302533e-05 -1.5007047108840184e-05 2.7323912282206086e-05 -3.6708174911328771e-06 7.4760096974101994e-06 4.1429131729326448e-05 3.2028127972694167e-05 9.7854886929738775e-05 -3.3740490387751127e-06 0.00032923162950653396 1.0762732851235225e-05 6.5852591247991639e-05 3.5240563894686521e-05 0.00046831970888888463 7.4366161085268496e-05 4.5195545898909481e-05 0.00082105159283401012 1.3503142381362528e-05 0.001052931081051156 1.9772948128186676e-05 0.00052114817937308543 8.267238063340829e-06 3.6730067578705035e-06
leaf_weight=34661 395 23 22 25 27243 5391 2990 158 18661 10969 7713 17072 2067 64 473 61 27 11823 2207 44 35 38 43 20 177 24 34 20 3632 283
leaf_count=34661 395 23 22 25 27243 5391 2990 158 18661 10969 7713 17072 2067 64 473 61 27 11823 2207 44 35 38 43 20 177 24 34 20 3632 283
internal_value=-1.14774e-07 1.7129e-05 4.77919e-05 0.000123907 -1.42047e-05 1.27988e-05 4.26018e-05 5.53978e-05 -9.07219e-06 1.97787e-05 6.13074e-06 9.60052e-06 5.42948e-05 5.6967e-05 0.000106076 1.04941e-05 9.86754e-05 1.49708e-05 7.04163e-05 0.000126063 0.000177502 0.000263248 1.01299e-05 2.0833e-05 0.000121327 0.000406175 1.4686e-05 0.000205467 1.20679e-05 5.76254e-05
internal_weight=146395 65830 8146 520 80565 57684 7626 4636 45904 28183 29501 21788 4613 4455 495 21393 88 17214 2388 181 117 73 21305 4233 244 67 3989 54 3935 303
internal_count=146395 65830 8146 520 80565 57684 7626 4636 45904 28183 29501 21788 4613 4455 495 21393 88 17214 2388 181 117 73 21305 4233 244 67 3989 54 3935 303
is_linear=0
shrinkage=0.05


Tree=27
num_leaves=31
num_cat=0
split_feature=8 3 3 0 22 11 10 7 7 21 8 11 22 10 3 10 9 4 7 20 8 16 7 20 24 3 15 6 7 15
split_gain=0.0130154 0.00285738 0.00167288 0.00113769 0.000862499 0.000806178 0.00226097 0.000659296 0.000541857 0.000433366 0.000412461 0.000407008 0.000321773 0.000316099 0.000311034 0.000542842 0.000670921 0.000309019 0.000294807 0.000332646 0.000259688 0.00023493 0.000245651 0.000326309 0.000253 0.00022055 0.000213503 0.000206938 0.000203146 0.000529795
threshold=0.0023456561611965303 0.005026300437748433 0.001535939460154623 0.011686593759804966 0.0013901991187594833 0.83977848291397106 2.4834175109863286 0.11532999947667123 0.5282999873161317 0.0047939138021320113 0.00075577202369458984 -0.90422269701957692 0.0025310781784355645 0.57855427265167247 0.0028304334264248614 9.6022253036499041 1.1680362820625307 1.7077317237854006 0.0040909999515861281 0.022315577603876594 0.0040875456761568793 1.0000000180025095e-35 0.0052010000217705974 0.02812139876186848 -0.37286354601383204 0.00357318704482168 -0.0071366981137543908 0.00092607142869383108 0.0019209999591112139 -0.0092471786774694902
decision_type=2 2 2 2 2 2 2 2 2 2 2 2 2 2 2 2 2 2 2 2 2 2 2 2 2 2 2 2 2 2
left_child=2 4 10 7 9 17 12 11 27 14 -1 -3 -7 -14 15 -2 -17 -5 -13 -20 -21 22 23 -22 -25 28 -16 -4 29 -6
right_child=1 3 8 5 25 6 -8 -9 -10 -11 -12 18 13 -15 26 16 -18 -19 19 20 21 -23 -24 24 -26 -27 -28 -29 -30 -31
leaf_value=-2.1921599501051875e-05 4.4771060844319687e-07 0.00026279316136977918 -1.6017971924192623e-05 0.00011182239082352464 0.00020637479212346792 1.5542313238531174e-05 0.00056210237774570893 2.2558193025931501e-05 -1.174113504855196e-05 2.2217124917183972e-05 -1.3459539541482122e-05 -1.6770588488436367e-05 8.3645925302436007e-05 0.00034590690744153109 2.149201451736217e-05 0.00039017416875708477 8.0912504270397934e-06 1.6097777984759889e-05 3.9512278891152614e-05 1.9802817534250259e-05 0.0002960245764406864 0.00022829067869073092 6.5990010971121726e-05 0.00021181217932305141 5.9183264205535575e-05 2.8990376032717834e-05 7.7951778528799529e-06 4.9532165465186746e-06 1.6411849814333228e-05 2.1723594720692064e-05
leaf_weight=22392 13002 23 1266 259 51 53 36 2900 8709 5312 40348 151 27 20 4046 20 27 125 2052 260 25 24 1937 37 102 8224 9586 16611 8607 163
leaf_count=22392 13002 23 1266 259 51 53 36 2900 8709 5312 40348 151 27 20 4046 20 27 125 2052 260 25 24 1937 37 102 8224 9586 16611 8607 163
internal_value=-1.09035e-07 1.85429e-05 -1.20255e-05 4.61891e-05 1.40153e-05 0.000117712 0.000222324 4.12375e-05 -1.51412e-06 9.17519e-06 -1.64797e-05 5.29854e-05 0.000100003 0.000195246 6.57863e-06 1.06085e-06 0.00017068 8.0662e-05 5.19336e-05 5.42718e-05 6.69705e-05 7.27416e-05 7.09648e-05 0.000129722 9.98111e-05 2.31e-05 1.18604e-05 3.46809e-06 1.76083e-05 6.57293e-05
internal_weight=146395 57069 89326 8031 49038 520 136 7511 26586 31993 62740 4611 100 47 26681 13049 47 384 4588 4437 2385 2125 2101 164 139 17045 13632 17877 8821 214
internal_count=146395 57069 89326 8031 49038 520 136 7511 26586 31993 62740 4611 100 47 26681 13049 47 384 4588 4437 2385 2125 2101 164 139 17045 13632 17877 8821 214
is_linear=0
shrinkage=0.05


Tree=28
num_leaves=31
num_cat=0
split_feature=8 3 3 0 11 10 3 7 7 11 8 14 7 7 6 2 11 7 20 6 7 6 10 11 7 8 6 13 2 19
split_gain=0.0117464 0.00257878 0.00150977 0.00102677 0.000727575 0.00204052 0.000689998 0.000595014 0.000489026 0.00037856 0.000373155 0.000306854 0.000283977 0.000369277 0.000270428 0.00157351 0.00309553 0.00026217 0.000294925 0.000251419 0.000231841 0.000263127 0.000478016 0.000410306 0.00242508 0.000229724 0.000226603 0.000331191 0.00127778 0.000734412
threshold=0.0023456561611965303 0.005026300437748433 0.001535939460154623 0.011686593759804966 0.83977848291397106 2.4834175109863286 0.0032686897320672874 0.11532999947667123 0.5282999873161317 -0.87400320172309864 0.0008078943646978588 -0.0067561529576778403 0.0026509999297559266 0.099709998816251769 0.0023096428485587244 0.0031409304356202488 0.20154961943626407 0.0040909999515861281 0.022315577603876594 0.001636785746086389 6.0351998805999765 0.36432142555713659 9.6022253036499041 -0.64744529128074635 0.39760999381542211 0.0042352806776762017 0.029035713523626331 -0.0088488850742578489 0.0026809704722836618 -0.026902199722826477
decision_type=2 2 2 2 2 2 2 2 2 2 2 2 2 2 2 2 2 2 2 2 2 2 2 2 2 2 2 2 2 2
left_child=2 6 10 7 -5 -6 11 9 -4 -3 -1 14 -8 26 15 -2 -17 -11 -19 -13 21 -21 23 24 -23 -20 27 28 -14 -30
right_child=1 3 8 4 5 -7 12 -9 -10 17 -12 19 13 -15 -16 16 -18 18 25 20 -22 22 -24 -25 -26 -27 -28 -29 29 -31
leaf_value=-2.0360052380523799e-05 1.9210081479764952e-05 0.00018857154757323752 3.2946898933352129e-06 7.6628933164120871e-05 9.5003046855708819e-05 0.00053399725580271075 -1.243220519082441e-05 2.1430283344158327e-05 -1.1154078292912486e-05 -1.5932059115271505e-05 -1.2494983675649381e-05 -1.9379334339980172e-05 0.00041239135341880769 1.4514095935011768e-05 1.6241047817318443e-05 -1.8084442455414387e-05 0.00080262588358891672 3.7162581492759368e-05 2.2740601559504665e-05 6.402223415766432e-06 -2.8570927536827574e-07 0.00046797949114469315 0.00020115941810267083 1.6215270251745664e-05 9.2702465760892088e-06 6.9104856489624552e-05 3.3249796883086922e-05 9.9703403999320452e-06 1.7805082799646523e-05 0.00015641744304974373
leaf_weight=25213 289 49 17877 384 100 36 664 2900 8709 151 37527 976 23 11331 4230 27 20 2045 307 9833 7768 35 37 3245 163 2059 6527 2986 775 109
leaf_count=25213 289 49 17877 384 100 36 664 2900 8709 151 37527 976 23 11331 4230 27 20 2045 307 9833 7768 35 37 3245 163 2059 6527 2986 775 109
internal_value=-1.03583e-07 1.76158e-05 -1.14242e-05 4.38797e-05 0.000111826 0.000211207 1.33145e-05 3.91756e-05 -1.43841e-06 5.03362e-05 -1.56557e-05 7.8724e-06 1.97783e-05 2.07616e-05 1.96705e-05 6.28451e-05 0.000331154 4.88514e-05 5.10691e-05 5.43008e-06 6.57869e-06 1.0584e-05 2.23999e-05 2.04789e-05 9.03552e-05 6.30889e-05 2.75553e-05 1.80079e-05 4.44691e-05 3.48964e-05
internal_weight=146395 57069 89326 8031 520 136 49038 7511 26586 4611 62740 26623 22415 21751 4566 336 47 4562 4411 22057 21081 13313 3480 3443 198 2366 10420 3893 907 884
internal_count=146395 57069 89326 8031 520 136 49038 7511 26586 4611 62740 26623 22415 21751 4566 336 47 4562 4411 22057 21081 13313 3480 3443 198 2366 10420 3893 907 884
is_linear=0
shrinkage=0.05


Tree=29
num_leaves=31
num_cat=0
split_feature=3 3 21 6 5 20 7 3 14 6 7 20 7 7 7 7 13 7 4 13 13 3 31 6 6 2 7 31 6 7
split_gain=0.0104862 0.00266464 0.00110278 0.000885313 0.000660385 0.00147294 0.000599473 0.000617256 0.000539199 0.000455466 0.000434676 0.000431109 0.000378531 0.0003204 0.000303453 0.000294057 0.00110072 0.000285438 0.000799528 0.00237881 0.000325936 0.000291981 0.00032855 0.000344265 0.000706024 0.000321494 0.000265573 0.00221694 0.000263719 0.000244098
threshold=0.0020581716671586041 0.0039086006581783303 0.016275134868919853 0.00056892857537604879 1.8931820988655093 0.078337371349334731 0.3028199970722199 0.0062471975106745967 -0.0059632076881825915 1.2003571391105654 14.170300006866457 0.0041900842916220435 0.010162999853491785 0.0040909999515861281 0.0026509999297559266 0.77309998869895946 -0.0082554472610354406 0.011790000367909672 0.37133482098579412 -0.0041204486042261115 0.0041464688256382951 0.0052250544540584096 -0.15721378475427625 0.0042178572621196517 0.0054392858874052772 0.0028138406341895465 0.0019209999591112139 -0.34709352254867548 0.021464286372065548 0.12508999556303027
decision_type=2 2 2 2 2 2 2 2 2 2 2 2 2 2 2 2 2 2 2 2 2 2 2 2 2 2 2 2 2 2
left_child=3 8 6 -1 -4 11 7 14 26 12 -5 -6 -10 -9 -3 29 -17 18 19 -16 21 25 -23 -24 -25 -20 27 -2 -19 -14
right_child=1 2 4 10 5 -7 -8 13 9 -11 -12 -13 15 -15 17 16 -18 28 20 -21 -22 22 23 24 -26 -27 -28 -29 -30 -31
leaf_value=-1.7730875371537319e-05 0.00047272746557306777 -2.6486661929510187e-05 7.3619119466897124e-05 -2.7562349154982223e-06 0.00026946342890865214 0.00047821026052790536 1.6526007194773156e-05 -8.6636537162121385e-05 -3.2654705479641203e-06 -4.7612393995815768e-06 -1.2946837970626639e-05 3.0331651942105967e-06 1.8167115823180945e-05 5.9686647004042476e-05 0.00067435285269311872 0.00041731169032919709 2.4172877875050609e-05 4.4910944176072841e-06 0.00023472009224034002 -5.7553251533843453e-06 7.6231329609492013e-06 1.193297663480035e-05 3.8966016936683453e-05 0.0003787107474444814 9.4003965130092003e-05 4.0451745861876909e-05 1.8369979720032037e-05 5.0229774637536943e-06 3.0800335250955682e-05 7.3597391301511483e-06
leaf_weight=38081 30 237 310 23823 22 36 6844 38 5543 8243 18661 49 7667 2416 20 21 117 1097 22 36 414 52 40 38 51 666 8025 163 7231 16402
leaf_count=38081 30 237 310 23823 22 36 6844 38 5543 8243 18661 49 7667 2416 20 21 117 1097 22 36 414 52 40 38 51 666 8025 163 7231 16402
internal_value=-9.8404e-08 1.47055e-05 3.01443e-05 -1.21948e-05 0.000110586 0.000217686 2.83974e-05 3.49719e-05 8.151e-06 5.63909e-06 -7.23243e-06 8.5589e-05 8.52077e-06 5.74208e-05 2.94095e-05 1.12196e-05 8.39983e-05 3.07799e-05 5.22068e-05 0.00023714 4.41349e-05 6.15294e-05 0.000118035 0.000160805 0.000215564 4.66638e-05 1.97639e-05 7.77232e-05 2.73348e-05 1.08023e-05
internal_weight=146395 65830 19619 80565 417 107 19202 12358 46211 37993 42484 71 29750 2454 9904 24207 138 9667 1339 56 1283 869 181 129 89 688 8218 193 8328 24069
internal_count=146395 65830 19619 80565 417 107 19202 12358 46211 37993 42484 71 29750 2454 9904 24207 138 9667 1339 56 1283 869 181 129 89 688 8218 193 8328 24069
is_linear=0
shrinkage=0.05


Tree=30
num_leaves=31
num_cat=0
split_feature=3 8 1 3 24 8 6 6 8 8 7 6 4 7 8 31 7 5 7 16 15 7 31 5 6 2 31 3 14 6
split_gain=0.00968369 0.00203602 0.00167835 0.000918462 0.000847278 0.000605041 0.000376947 0.000450937 0.00281641 0.000360197 0.000331479 0.000317455 0.000464935 0.000339741 0.000314334 0.000292844 0.000290749 0.000290721 0.000278378 0.000337088 0.000264496 0.000420201 0.00148207 0.00217558 0.000484135 0.00229887 0.000231857 0.000216023 0.000212194 0.000200757
threshold=0.0027863143477588896 0.0016098296036943795 0.0063267881050705918 0.008811799809336664 -0.58251938223838795 0.0031798841664567594 1.2003571391105654 0.97178572416305553 0.0049212523736059674 0.0050005957018584022 0.001160999992862344 108.15357208251955 1.9237755537033083 0.0076630001422017821 0.00064607930835336458 -0.47936338186264033 14.170300006866457 1.9923813343048098 0.10638000071048738 1.0000000180025095e-35 -0.011851365678012369 0.77309998869895946 0.024502835236489776 1.4878939986228945 0.017807142809033397 0.0055967182852327832 -0.095808293670415864 0.0051197258289903411 -0.0053055102471262208 0.00056892857537604879
decision_type=2 2 2 2 2 2 2 2 2 2 2 2 2 2 2 2 2 2 2 2 2 2 2 2 2 2 2 2 2 2
left_child=1 14 5 17 -5 28 7 27 -9 -10 -3 12 13 -6 -1 -15 -12 20 19 -17 21 24 -23 -24 25 -4 -20 -7 -2 -16
right_child=2 10 3 4 11 6 -8 8 9 -11 16 -13 -14 15 29 18 -18 -19 26 -21 -22 22 23 -25 -26 -27 -28 -29 -30 -31
leaf_value=-2.0220905365829324e-05 2.0988509375653998e-05 -1.2526070041119975e-05 0.00060205834437180206 0.00039851361834735148 -6.0701036939766106e-05 2.0165342898052015e-05 5.7518816562553469e-06 0.00056039937275532536 0.00023888126279849703 2.4992363501476309e-05 4.3879975039668298e-06 -8.8514444056878955e-05 0.00031270384752133399 0.00028544622298340986 -1.5362148568124044e-05 9.309245889625278e-05 -6.5941224185637215e-06 -1.9305673309161632e-05 8.2452001851108706e-05 0.00020791698582634592 3.1713512596702565e-05 2.3701492713130338e-05 -2.4862749705789613e-06 0.00070360914435999196 3.1954187494255133e-05 6.0281313395800801e-05 -2.9240982010807985e-05 3.3333687659817707e-05 5.5032360175818055e-06 -8.8071926266446229e-06
leaf_weight=16193 2699 4469 22 23 36 17798 3510 28 21 314 27032 24 24 20 23743 354 7756 203 131 78 1970 83 20 24 721 178 72 3775 12267 22992
leaf_count=16193 2699 4469 22 23 36 17798 3510 28 21 314 27032 24 24 20 23743 354 7756 203 131 78 1970 83 20 24 721 178 72 3775 12267 22992
internal_value=-1.72132e-07 -8.64297e-06 1.93254e-05 5.0292e-05 9.96564e-05 1.62733e-05 2.09653e-05 2.33996e-05 7.86647e-05 3.84003e-05 2.92771e-07 9.0355e-05 9.6359e-05 8.88449e-05 -1.42174e-05 9.70642e-05 1.93953e-06 3.86138e-05 9.11309e-05 0.000113825 4.25096e-05 6.28039e-05 0.000148064 0.000382657 5.1047e-05 0.000119877 4.28368e-05 2.24696e-05 8.29588e-06 -1.21373e-05
internal_weight=146580 102185 44395 3983 762 40412 25446 21936 363 335 39257 739 715 691 62928 655 34788 3221 635 432 3018 1048 127 44 921 200 203 21573 14966 46735
internal_count=146580 102185 44395 3983 762 40412 25446 21936 363 335 39257 739 715 691 62928 655 34788 3221 635 432 3018 1048 127 44 921 200 203 21573 14966 46735
is_linear=0
shrinkage=0.05


Tree=31
num_leaves=31
num_cat=0
split_feature=1 3 8 8 3 3 11 7 6 24 5 6 11 6 8 9 5 10 11 14 21 13 14 7 9 7 6 5 13 7
split_gain=0.00875685 0.00185936 0.00117601 0.000837671 0.000541719 0.000511601 0.000876463 0.00176249 0.000337627 0.0003329 0.000903514 0.00117271 0.00108987 0.000318948 0.000264383 0.000258811 0.000583853 0.000362879 0.00024994 0.000223401 0.000200395 0.00044347 0.000199134 0.000311088 0.000976334 0.00019033 0.000192128 0.000182316 0.000176307 0.000165091
threshold=0.002131646499037743 0.0049429924692958602 0.0015512328827753665 0.0077964814845472583 0.0032923755934461956 0.010835845023393633 1.3298021554946902 0.061569999903440482 0.08917857334017755 -0.16967251896858213 1.1314023137092593 0.017807142809033397 -0.0048403455875813952 108.15357208251955 0.00064607930835336458 1.7406079769134524 1.8931820988655093 2.7989538908004765 -0.90422269701957692 -0.005002854159101843 0.016275134868919853 -0.010270791128277777 -0.0088687934912741167 0.0019209999591112139 1.2265926599502566 193.89299774169925 0.001636785746086389 1.8931820988655093 -0.011774316895753143 0.0026509999297559266
decision_type=2 2 2 2 2 2 2 2 2 2 2 2 2 2 2 2 2 2 2 2 2 2 2 2 2 2 2 2 2 2
left_child=2 4 14 8 22 15 13 -8 9 10 -3 12 -12 -7 -1 16 -5 28 -11 -4 29 -22 23 24 -2 26 -24 -26 -17 -6
right_child=1 3 19 5 20 6 7 -9 -10 18 11 -13 -14 -15 -16 17 -18 -19 -20 -21 21 -23 25 -25 27 -27 -28 -29 -30 -31
leaf_value=-1.9205909128143765e-05 0.00032547652548975533 4.7742919351845301e-05 9.6094434998293488e-06 5.8470042885264297e-05 -8.4665880476754223e-06 0.00010229239543687221 0.00066242072228175995 7.6466330276823356e-05 1.7350871898919659e-05 0.00018086077783394745 0.00014790365605222178 6.9546786413354766e-05 0.0006636372438238357 -7.1229630754620808e-05 -1.1751528472584981e-05 -6.2391113763927321e-05 0.00032437910745751914 0.00021529534312321629 2.7812519775852771e-05 -3.2754618675663564e-06 0.00026950080392998643 3.2291469530366979e-05 -1.8349289625534008e-05 1.5940877272538437e-05 -2.2513866726020144e-05 -1.1845459736917256e-05 7.3925216376051326e-06 0.00014738822821527722 2.3894422145405111e-05 1.7976570898794685e-05
leaf_weight=16194 34 842 3868 1215 608 305 21 33 3318 27 20 64 21 29 44802 90 21 20 2222 25820 25 93 750 2524 75 1504 21622 20 173 20220
leaf_count=16194 34 842 3868 1215 608 305 21 33 3318 27 20 64 21 29 44802 90 21 20 2222 25820 25 93 750 2524 75 1504 21622 20 173 20220
internal_value=-1.63525e-07 1.54026e-05 -9.75823e-06 3.70553e-05 1.15619e-05 6.6201e-05 0.000117443 0.000304337 2.85228e-05 4.01213e-05 6.49894e-05 0.00020329 0.00041206 8.72261e-05 -1.37306e-05 5.31122e-05 6.29879e-05 9.98036e-06 2.96499e-05 -1.59671e-06 1.75728e-05 8.25477e-05 6.81608e-06 1.98116e-05 9.55459e-05 5.37207e-06 6.52955e-06 1.3255e-05 -5.63295e-06 1.72047e-05
internal_weight=146580 55896 90684 8421 47475 1907 388 54 6514 3196 947 105 41 334 60996 1519 1236 283 2249 29688 20946 118 26529 2653 129 23876 22372 95 263 20828
internal_count=146580 55896 90684 8421 47475 1907 388 54 6514 3196 947 105 41 334 60996 1519 1236 283 2249 29688 20946 118 26529 2653 129 23876 22372 95 263 20828
is_linear=0
shrinkage=0.05


Tree=32
num_leaves=31
num_cat=0
split_feature=3 8 1 3 24 8 6 6 22 7 13 19 13 5 22 7 7 9 4 31 6 5 7 21 13 8 13 7 5 22
split_gain=0.00794865 0.00164799 0.00137982 0.000761665 0.000747198 0.000506407 0.000331255 0.00032328 0.000322827 0.000288024 0.000532883 0.00508475 0.0010183 0.0013221 0.000284793 0.000278392 0.00031579 0.000581584 0.000530432 0.000367833 0.000291091 0.000259548 0.000255574 0.000246514 0.000238379 0.000715177 0.00264554 0.000556735 0.00156186 0.000214368
threshold=0.0027863143477588896 0.0017112920177169146 0.0063267881050705918 0.008811799809336664 -0.59956264495849598 0.0031798841664567594 10.24035692214966 0.00044678572157863533 0.00076697525219060491 0.71353000402450573 -0.01072654267773032 -0.031469449400901787 -0.013132556807249783 0.87017950415611278 0.003660468384623528 0.0076630001422017821 0.10638000071048738 1.959260165691376 0.71227663755416881 -0.14773579686880109 0.051035713404417045 1.9923813343048098 6.7260999679565439 0.0046752444468438634 -0.0088488850742578489 0.0058421620633453139 -0.0098710916936397535 0.8725000023841859 1.7661967873573305 0.0086814290843904036
decision_type=2 2 2 2 2 2 2 2 2 2 2 2 2 2 2 2 2 2 2 2 2 2 2 2 2 2 2 2 2 2
left_child=1 7 5 21 -5 -2 9 -1 23 14 11 12 -11 -14 -7 -6 17 20 -19 -18 -17 24 -9 -3 25 26 -4 29 -29 -27
right_child=2 8 3 4 15 6 -8 22 -10 10 -12 -13 13 -15 -16 16 19 18 -20 -21 -22 -23 -24 -25 -26 27 -28 28 -30 -31
leaf_value=-1.5782775870102773e-05 7.4436820026808613e-06 -3.6900474277158242e-06 6.631359052683346e-05 0.00038465082987039793 -4.9612354843319691e-05 1.6931687491482432e-05 4.1205819754990044e-06 -4.3933475949020397e-06 8.075051214962516e-06 7.5803409446260788e-07 2.6155013358429674e-05 0.00087190616362931906 6.5059738803289042e-05 0.00055095078291959084 3.1822981045440829e-05 8.1632087378649706e-05 9.8482721749088714e-05 0.00010970637286802579 0.00046102253889495682 -2.2404984985318539e-05 0.00022067014520178504 -1.9773777157169759e-05 -1.3355213557741469e-05 1.5499554570714039e-05 2.96542612557148e-05 1.9161305175934502e-05 0.00069960091605025809 4.5682982020550233e-05 0.00051453996059970693 0.00013858656735465046
leaf_weight=34896 14966 22827 94 21 38 16878 3248 16125 10829 236 1036 20 42 21 3965 363 142 21 22 113 42 203 15702 1806 2143 620 20 78 23 40
leaf_count=34896 14966 22827 94 21 38 16878 3248 16125 10829 236 1036 20 42 21 3965 363 142 21 22 113 42 203 15702 1806 2143 620 20 78 23 40
internal_value=-1.55349e-07 -7.8299e-06 1.75093e-05 4.55872e-05 9.05408e-05 1.4742e-05 1.90345e-05 -1.2459e-05 8.79934e-07 2.12167e-05 4.35543e-05 0.000100061 4.84327e-05 0.000227023 1.97645e-05 8.22057e-05 8.9331e-05 0.000114614 0.00028945 4.49129e-05 9.60508e-05 3.49524e-05 -8.81473e-06 -2.28314e-06 3.86334e-05 6.06248e-05 0.000177417 4.3129e-05 0.000152452 2.63992e-05
internal_weight=146580 102185 44395 3983 762 40412 25446 66723 35462 22198 1355 319 299 63 20843 741 703 448 43 255 405 3221 31827 24633 3018 875 114 761 101 660
internal_count=146580 102185 44395 3983 762 40412 25446 66723 35462 22198 1355 319 299 63 20843 741 703 448 43 255 405 3221 31827 24633 3018 875 114 761 101 660
is_linear=0
shrinkage=0.05


Tree=33
num_leaves=31
num_cat=0
split_feature=8 8 3 11 7 7 7 22 7 7 22 4 11 20 7 19 21 1 8 2 11 11 11 15 7 7 2 13 13 8
split_gain=0.00721892 0.00163035 0.000993412 0.000871396 0.00157922 0.000776159 0.000662091 0.000629698 0.00044908 0.000370602 0.000369439 0.000312566 0.000270655 0.000351761 0.000405153 0.00110494 0.00251136 0.000430914 0.00159623 0.000503286 0.000249482 0.000218077 0.000211168 0.000191893 0.000181621 0.000201173 0.000180281 0.000523952 0.000755424 0.000180129
threshold=0.0022556949406862263 0.0046992308925837287 0.008811799809336664 1.3298021554946902 0.061569999903440482 0.001160999992862344 0.51249998807907116 0.0011272337287664416 0.0083010001108050364 0.016850000247359279 0.0020847431151196365 1.4287082552909853 0.59893998503685009 0.022315577603876594 0.012724999804049732 -0.02442166022956371 0.0033625952200964098 0.0061181311029940852 0.0054692632984370002 0.0057557823602110156 0.30393746495246893 0.0047538524959236392 0.70295673608779918 -0.004016756545752286 0.001160999992862344 12.590400218963625 0.0015537797007709744 -0.0074946866370737544 -0.0079952203668653948 0.007026366889476777
decision_type=2 2 2 2 2 2 2 2 2 2 2 2 2 2 2 2 2 2 2 2 2 2 2 2 2 2 2 2 2 2
left_child=5 7 12 8 -5 -1 -7 24 -4 22 -11 -12 13 -3 15 17 -17 23 -19 21 -21 -20 -10 -15 -2 -26 27 28 -27 -16
right_child=1 2 3 4 -6 6 -8 -9 9 10 11 -13 -14 14 29 16 -18 18 19 20 -22 -23 -24 -25 25 26 -28 -29 -30 -31
leaf_value=-1.4462441070333421e-05 -1.3773009891153529e-05 1.9623071726525318e-05 -6.696785856204726e-05 0.00061033743342185133 7.4890881023748079e-05 2.7978244115940922e-06 -9.5509776759341631e-06 1.5883933037183309e-05 0.00010498402178769381 1.5611423637644299e-05 7.7985400314932874e-05 0.0002688954506841886 1.2180411978899195e-05 1.2361816989441349e-05 2.6985115870134624e-05 0.00073050310973485474 -2.1198436639679131e-05 0.00053529654367594052 0.00011838509542940301 2.0310363514615572e-05 0.00016930755865001684 0.00035187866043997931 0.00026543484736149287 0.00012180895362689625 7.0887563522533339e-06 -5.4318148386300892e-06 -6.0404464957641995e-06 7.6521722995174192e-06 0.00040934839813590291 5.469814139012372e-05
leaf_weight=40159 1376 4985 61 21 40 17245 29291 18298 302 337 201 24 3307 364 3066 20 25 20 20 189 33 20 22 45 20930 23 5113 297 21 725
leaf_count=40159 1376 4985 61 21 40 17245 29291 18298 302 337 201 24 3307 364 3066 20 25 20 20 189 33 20 22 45 20930 23 5113 297 21 725
internal_value=-1.47581e-07 1.32032e-05 2.82602e-05 7.60536e-05 0.000259225 -9.3697e-06 -4.97484e-06 8.68295e-06 6.42548e-05 7.32893e-05 4.8736e-05 9.83491e-05 2.45021e-05 2.87859e-05 3.88758e-05 7.28237e-05 0.000312891 5.71898e-05 0.000104741 7.18744e-05 4.24586e-05 0.000235132 0.000115879 2.44037e-05 3.93643e-06 4.86003e-06 -3.69284e-06 3.15076e-05 0.000192531 3.2285e-05
internal_weight=146580 59885 13827 1008 61 86695 46536 46058 947 886 562 225 12819 9512 4527 736 45 691 282 262 222 40 324 409 27760 26384 5454 341 44 3791
internal_count=146580 59885 13827 1008 61 86695 46536 46058 947 886 562 225 12819 9512 4527 736 45 691 282 262 222 40 324 409 27760 26384 5454 341 44 3791
is_linear=0
shrinkage=0.05


Tree=34
num_leaves=31
num_cat=0
split_feature=8 3 8 0 11 4 22 10 22 19 2 21 24 4 8 22 21 10 4 9 22 19 11 11 11 1 2 2 1 8
split_gain=0.00654522 0.00127153 0.00102763 0.000664228 0.000691776 0.000902527 0.000416706 0.000367512 0.000303233 0.00029912 0.000360206 0.000263888 0.000276697 0.000252485 0.000225117 0.000223918 0.000189706 0.000162035 0.00015556 0.000226969 0.00018137 0.000168908 0.000546024 0.000180223 0.000148309 0.000212083 0.000543947 0.000227382 0.000723986 0.000143274
threshold=0.002533970284275711 0.0049429924692958602 0.0015512328827753665 0.0094623286277055758 1.3298021554946902 1.4037453532218935 0.0011272337287664416 12.07653856277466 0.0043271037284284839 -0.023041857406496998 0.0014346432290039959 0.016275134868919853 -0.63686892390251149 1.7077317237854006 0.00063625432085245859 0.00099140306701883695 0.0046752444468438634 0.7585238814353944 1.8020399212837221 1.3319772481918337 0.0023094108328223233 -0.065453670918941484 0.88209289312362682 0.88209289312362682 0.79961425065994274 0.0054236829746514567 0.0044154985807836064 0.0051881887484341868 0.0063267881050705918 0.0041845443192869433
decision_type=2 2 2 2 2 2 2 2 2 2 2 2 2 2 2 2 2 2 2 2 2 2 2 2 2 2 2 2 2 2
left_child=2 6 14 8 7 17 9 18 13 10 -2 24 -13 29 -1 -4 -11 -6 21 20 -20 22 -5 -23 25 -12 -27 28 -28 -3
right_child=1 3 15 4 5 -7 -8 -9 -10 16 11 12 -14 -15 -16 -17 -18 -19 19 -21 -22 23 -24 -25 -26 26 27 -29 -30 -31
leaf_value=-1.6947513998942274e-05 0.00017826613906407412 7.2680630359261473e-06 -3.3579218067489454e-06 6.8796297776114242e-05 -2.1964425468468108e-06 0.00050980568572413178 1.6716723662939581e-05 0.00026693865347191431 4.6904021573850274e-05 1.2308631603974722e-06 1.4776248401551524e-05 1.4778111710170162e-05 0.00027463830541819335 0.00017443203617370241 -9.9909272982052946e-06 5.8388167040527993e-06 1.4552917110963104e-05 0.00019907134746972589 0.0002081147427383084 -3.4361739593805394e-05 1.219328747807864e-05 5.98153614048641e-05 0.00031010882347410582 -4.4526575398372693e-05 -5.8698983039224407e-06 0.00027599779671688273 3.0525900246282295e-05 -1.2227501950877386e-05 0.00031848881583475589 2.5550251827491719e-05
leaf_weight=15613 34 1408 25137 144 20 20 17492 21 1522 15662 5296 21 20 27 45579 8984 3222 20 21 100 27 515 28 45 799 26 136 129 26 4486
leaf_count=15613 34 1408 25137 144 20 20 17492 21 1522 15662 5296 21 20 27 45579 8984 3222 20 21 100 27 515 28 45 799 26 136 129 26 4486
internal_value=-1.40202e-07 1.42661e-05 -7.88906e-06 3.20494e-05 7.11693e-05 0.00023556 1.07794e-05 6.02221e-05 2.69984e-05 6.68587e-06 1.59488e-05 1.50936e-05 0.000141539 2.18817e-05 -1.17659e-05 -9.36437e-07 3.50388e-06 9.84375e-05 5.52891e-05 8.53685e-06 9.79089e-05 6.47417e-05 0.00010808 5.14307e-05 1.42851e-05 1.71541e-05 5.68796e-05 3.7302e-05 7.67422e-05 2.11829e-05
internal_weight=146580 51267 95313 8404 961 60 42863 901 7443 25371 6487 6453 41 5921 61192 34121 18884 40 880 148 48 732 172 560 6412 5613 317 291 162 5894
internal_count=146580 51267 95313 8404 961 60 42863 901 7443 25371 6487 6453 41 5921 61192 34121 18884 40 880 148 48 732 172 560 6412 5613 317 291 162 5894
is_linear=0
shrinkage=0.05


Tree=35
num_leaves=31
num_cat=0
split_feature=1 3 0 6 11 7 6 22 19 24 3 7 1 6 7 9 14 7 19 4 5 7 5 5 7 31 7 14 11 3
split_gain=0.00606814 0.00177424 0.000640617 0.000453024 0.000436184 0.000869531 0.00041586 0.000352552 0.000316627 0.000307827 0.00119215 0.000277058 0.000259065 0.000274559 0.000862829 0.0026316 0.000511296 0.000314424 0.00107124 0.00151814 0.000275291 0.000258594 0.000255066 0.00031137 0.000219467 0.00282538 0.000202568 0.000197502 0.000195353 0.0001767
threshold=0.0017441925010643902 0.0040598157793283471 0.0094623286277055758 0.0005396428459789605 1.3298021554946902 0.072889998555183425 1.2003571391105654 0.003660468384623528 -0.025859886780381199 0.49844719469547277 0.0025390634546056394 23.198699951171879 0.0051816252525895843 0.015860714949667457 0.010162999853491785 1.2315326929092409 -0.014208106324076651 0.8725000023841859 -0.029338867403566834 0.88671815395355236 0.73521566390991222 135.24300384521487 0.74511191248893749 0.52728787064552318 0.8725000023841859 0.10451369732618333 0.001160999992862344 -0.0037880984600633378 0.86035236716270458 0.0062471975106745967
decision_type=2 2 2 2 2 2 2 2 2 2 2 2 2 2 2 2 2 2 2 2 2 2 2 2 2 2 2 2 2 2
left_child=3 7 6 -1 22 -6 12 8 -2 -9 -11 -5 27 14 -14 16 -16 29 19 -19 -18 26 23 -4 28 -26 -10 -3 -24 -15
right_child=1 2 4 11 5 -7 -8 9 21 10 -12 -13 13 17 15 -17 20 18 -20 -21 -22 -23 24 -25 25 -27 -28 -29 -30 -31
leaf_value=-1.3406029908884192e-05 1.5178246576981899e-05 2.9784589709779643e-05 6.7618822568975799e-05 -2.2472724152603886e-06 0.00041874791521695444 4.1001555030398333e-05 -5.9134858144297386e-06 1.869561142214235e-05 -1.3494567321825575e-05 0.00045013332207872737 4.0252706647696623e-05 -1.0567254610512824e-05 3.0119801337866703e-05 2.0311462939700242e-05 0.00032767547092589668 0.00066276357294182996 0.00014869856186049249 3.0627352134615653e-05 -6.923800059953527e-06 0.00062626334391097777 1.9129216537112371e-05 -9.7108110300631766e-06 4.9075678081358661e-05 0.00028769912617281084 -2.9860017325774328e-05 0.00063032195764771177 5.5028810261245154e-06 1.4674795801036426e-05 -1.9609020382631572e-05 4.4507702714224218e-05
leaf_weight=37554 6865 3302 45 23433 25 39 1197 2975 1460 20 157 17463 659 3093 20 22 61 23 73 20 125 3362 754 25 71 21 36072 6268 120 998
leaf_count=37554 6865 3302 45 23433 25 39 1197 2975 1460 20 157 17463 659 3093 20 22 61 23 73 20 125 3362 754 25 71 21 36072 6268 120 998
internal_value=2.99147e-08 1.09769e-05 2.49828e-05 -9.441e-06 6.18816e-05 0.000188559 2.24238e-05 6.31083e-06 5.24192e-06 2.25069e-05 8.65669e-05 -5.79999e-06 2.47369e-05 3.3846e-05 5.91263e-05 0.000142965 8.74528e-05 2.85159e-05 0.000109692 0.000307667 6.16224e-05 3.57388e-06 5.4056e-05 0.000146219 4.73775e-05 0.000120834 4.76388e-06 1.98882e-05 3.96453e-05 2.62141e-05
internal_weight=146322 67872 16961 78450 1100 64 15861 50911 47759 3152 177 40896 14664 5094 887 228 206 4207 116 43 186 40894 1036 70 966 92 37532 9570 874 4091
internal_count=146322 67872 16961 78450 1100 64 15861 50911 47759 3152 177 40896 14664 5094 887 228 206 4207 116 43 186 40894 1036 70 966 92 37532 9570 874 4091
is_linear=0
shrinkage=0.05


Tree=36
num_leaves=31
num_cat=0
split_feature=3 0 1 3 26 22 14 22 14 4 10 31 6 16 31 9 1 6 6 6 2 14 10 6 5 3 9 6 6 20
split_gain=0.00549206 0.00113693 0.00102545 0.000547504 0.00051465 0.000349799 0.00031148 0.000257937 0.000487666 0.00191377 0.00261364 0.000241003 0.000281071 0.00038418 0.000244938 0.000232995 0.000276143 0.000590777 0.000263225 0.000846229 0.00220208 0.000525022 0.000592168 0.00021825 0.000557089 0.00021012 0.000208699 0.000204807 0.00043757 0.00149142
threshold=0.0027863143477588896 0.0012817429378628733 0.0054236829746514567 0.008811799809336664 1.0000000180025095e-35 0.0030104368925094609 -0.0053055102471262208 0.002675315248779953 0.0081171062774956244 1.4203249216079714 0.93568918108940136 -0.51748237013816822 0.11653571203351022 1.0000000180025095e-35 0.16512713581323626 1.7913271188735964 0.011054331436753275 1.2003571391105654 0.015860714949667457 0.014307142700999977 0.0050825597718358049 -0.014208106324076651 2.3615556955337529 26.022500038146976 1.662503778934479 0.00064237980404868733 1.0624440312385561 4.468928575515748 0.97178572416305553 0.025906809605658058
decision_type=2 2 2 2 2 2 2 2 2 2 2 2 2 2 2 2 2 2 2 2 2 2 2 2 2 2 2 2 2 2
left_child=1 25 5 15 11 6 -2 -3 -9 -10 -11 -5 13 14 -13 16 18 -18 19 21 -21 22 26 -20 -25 -1 -4 28 -8 -30
right_child=2 7 3 4 -6 -7 27 8 9 10 -12 12 -14 -15 -16 -17 17 -19 23 20 -22 -23 -24 24 -26 -27 -28 -29 29 -31
leaf_value=-1.5015392481312346e-05 1.8036813162289909e-05 -5.1123015966271138e-07 0.00017332096065682636 0.00023099359123513014 0.00031437654785501461 2.1443490289507853e-05 7.4580165882127408e-06 9.9528248402644896e-06 7.4305634052825234e-06 0.00080500167096033695 1.5248293129843661e-05 7.2665757557786734e-05 1.8202634536052746e-05 0.00017531661464233642 -6.1619572708779646e-05 -3.2307555698415922e-06 5.6685330313215402e-05 0.00035252735950052743 2.2384653481749031e-05 -6.6682357404109402e-06 0.00061965351835723329 1.8391513422454705e-05 0.00033524070669146673 1.4121719640518047e-05 0.00026897278533510871 -8.6244372839866771e-06 3.4125939803733224e-05 -5.3803540483469239e-06 1.2336146434471221e-05 0.00037370801694325772
leaf_weight=17761 7404 35375 39 21 21 7119 19413 2130 143 20 22 413 274 89 37 571 108 20 4458 36 23 568 27 65 32 46618 87 3254 138 36
leaf_count=17761 7404 35375 39 21 21 7119 19413 2130 143 20 22 413 274 89 37 571 108 20 4458 36 23 568 27 65 32 46618 87 3254 138 36
internal_value=2.8419e-08 -6.34992e-06 1.474e-05 3.24657e-05 6.99117e-05 1.14718e-05 9.12466e-06 5.46904e-07 1.6716e-05 9.45841e-05 0.000391321 6.37561e-05 5.94363e-05 8.03974e-05 6.16245e-05 2.71598e-05 3.03362e-05 0.000102911 2.8595e-05 5.54338e-05 0.000237491 4.05359e-05 0.000122745 2.39991e-05 9.81963e-05 -1.03876e-05 7.72101e-05 6.23575e-06 8.16554e-06 8.71027e-05
internal_weight=146322 102069 44253 6889 855 37364 30245 37690 2315 185 42 834 813 539 450 6034 5463 128 5335 780 59 721 153 4555 97 64379 126 22841 19587 174
internal_count=146322 102069 44253 6889 855 37364 30245 37690 2315 185 42 834 813 539 450 6034 5463 128 5335 780 59 721 153 4555 97 64379 126 22841 19587 174
is_linear=0
shrinkage=0.05


Tree=37
num_leaves=31
num_cat=0
split_feature=8 8 3 11 7 6 22 21 7 7 7 11 31 11 13 31 0 3 21 19 31 10 22 0 8 11 5 10 21 13
split_gain=0.00508493 0.00132133 0.000632116 0.000506498 0.000878996 0.000479657 0.000474869 0.000507094 0.000442533 0.000263096 0.000337566 0.000267014 0.000273417 0.00021651 0.000277784 0.000520618 0.000880074 0.000924075 0.000574182 0.00146388 0.00310837 0.00423073 0.000467407 0.000239965 0.0014696 0.000210557 0.000296928 0.000210549 0.000582823 0.000224733
threshold=0.0021529174409806733 0.0046992308925837287 0.008811799809336664 1.3298021554946902 0.072889998555183425 0.00078178572584874939 0.0010555714252404871 0.016275134868919853 0.51249998807907116 0.0083010001108050364 0.011790000367909672 -0.87400320172309864 -0.49046425521373743 0.92944577336311351 -0.0082554472610354406 -0.1405873894691467 0.011686593759804966 0.0076052600052207717 0.0025454716524109249 -0.035009043291211121 -0.023628100752830502 0.22247983515262607 0.0016611609025858345 0.007291273446753622 0.0058421620633453139 1.1362403631210329 1.9923813343048098 9.6022253036499041 0.00061345510766841482 -0.0091590113006532175
decision_type=2 2 2 2 2 2 2 2 2 2 2 2 2 2 2 2 2 2 2 2 2 2 2 2 2 2 2 2 2 2
left_child=5 6 13 9 -5 -1 27 -8 -7 -4 -11 -12 -13 14 15 -3 18 -18 19 -17 21 22 -21 -20 -25 26 -14 -2 -29 -30
right_child=1 2 3 4 -6 8 7 -9 -10 10 11 12 25 -15 -16 16 17 -19 23 20 -22 -23 -24 24 -26 -27 -28 28 29 -31
leaf_value=-1.2072864465451778e-05 2.4608439981506143e-06 1.2920983627681481e-05 -5.8510913106147206e-05 0.00044585670326816165 6.1325497725712397e-05 2.38090513154219e-06 1.2538154176271555e-05 0.00022546905821414499 -8.1920546103900038e-06 0.00012144332084486369 0.00020159629213874444 0.00021189053460892121 3.5563529283788948e-05 3.1865676607897872e-06 1.8549706624040712e-05 3.8607270389979515e-05 0.00047387907840311535 2.3972040729685907e-05 2.0756827163693225e-05 1.6871268769591552e-05 5.0670012331532599e-05 0.0010510302591621274 0.00035870720852017258 0.00047595017803403266 2.781386828515474e-05 0.00018148127169495087 -0.00011412434117768758 0.00028816828566366736 0.0001845102339939331 9.17706218319407e-06
leaf_weight=39722 29164 1455 50 23 42 15278 20015 28 28098 176 26 22 620 1448 7871 432 25 21 1159 20 109 22 20 21 142 23 35 23 20 212
leaf_count=39722 29164 1455 50 23 42 15278 20015 28 28098 176 26 22 620 1448 7871 432 25 21 1159 20 109 22 20 21 142 23 35 23 20 212
internal_value=2.69981e-08 1.07129e-05 2.44163e-05 6.23511e-05 0.00019739 -8.10324e-06 6.90016e-06 1.28356e-05 -4.46802e-06 5.3131e-05 5.93195e-05 4.42592e-05 3.84153e-05 2.13893e-05 2.37224e-05 3.56065e-05 5.2353e-05 0.000268487 4.71882e-05 8.76212e-05 0.000211446 0.000494101 0.000187789 2.87456e-05 8.55492e-05 3.27863e-05 2.75649e-05 2.85637e-06 4.80926e-05 2.4292e-05
internal_weight=146322 63224 13762 1017 65 83098 49462 20043 43376 952 902 726 700 12745 11297 3426 1971 46 1925 603 171 62 40 1322 163 678 655 29419 255 232
internal_count=146322 63224 13762 1017 65 83098 49462 20043 43376 952 902 726 700 12745 11297 3426 1971 46 1925 603 171 62 40 1322 163 678 655 29419 255 232
is_linear=0
shrinkage=0.05


Tree=38
num_leaves=31
num_cat=0
split_feature=8 3 21 8 7 1 8 13 31 8 13 21 21 21 7 5 24 3 7 20 7 14 3 24 7 7 13 14 5 3
split_gain=0.00458915 0.0012322 0.000611864 0.000432735 0.00030684 0.000305212 0.000304265 0.00163167 0.000299664 0.000290945 0.00165802 0.00272718 0.000281328 0.000319127 0.000215179 0.000212178 0.000199224 0.000809839 0.00342929 0.000189818 0.000184324 0.000172747 0.000163865 0.000261457 0.000183449 0.000179628 0.000162731 0.000158638 0.000154141 0.000170539
threshold=0.0021529174409806733 0.0040598157793283471 0.01252072583884001 0.0011423391406424346 0.10638000071048738 0.0065872669219970712 0.005082975374534727 -0.0060237047728151074 0.45194257795810705 0.0058421620633453139 -0.0088488850742578489 0.00063136205426417302 0.0044537952635437259 7.9071698564803241e-05 0.0026509999297559266 0.7146611511707307 0.37247090041637426 0.0024323816178366546 0.35182999074459081 0.014138192869722845 0.050309998914599426 0.0066342253703624019 0.0062471975106745967 -0.65990322828292836 6.9556999206542978 0.8725000023841859 -0.0094923283904790861 -0.020763103850185868 0.70062026381492626 0.0043931205291301021
decision_type=2 2 2 2 2 2 2 2 2 2 2 2 2 2 2 2 2 2 2 2 2 2 2 2 2 2 2 2 2 2
left_child=3 12 4 -1 5 14 7 -4 22 10 11 -7 13 16 -3 -11 -2 18 -18 20 -16 -5 -8 -24 25 -25 -19 -17 29 -21
right_child=1 2 6 21 -6 9 8 -9 -10 15 -12 -13 -14 -15 19 27 17 26 -20 28 -22 -23 23 24 -26 -27 -28 -29 -30 -31
leaf_value=-1.1157338674984567e-05 1.1691755168118685e-05 -3.9276817438371361e-05 0.0005481900284303265 -4.5785782735939378e-06 1.183286971882386e-05 4.0289078248991122e-05 1.6142243864269851e-05 2.0813596426953817e-05 0.00022171070998480832 0.00012579016289464563 2.7690860234502047e-05 0.0008047465406707488 1.545235785841416e-05 2.4220356224556644e-06 -4.4302819841672937e-06 8.3136869232135636e-05 -8.3210274847954427e-07 0.00016044647152739345 0.0007567758499271804 9.1103865048346646e-05 2.1919362903635112e-05 1.291589164727394e-05 0.0002318137025134132 5.8144195173365626e-05 -6.496974565379787e-05 0.00019718333913988319 1.5294350102574067e-05 2.6692980139208844e-05 2.3642196317394397e-05 3.6879052303891358e-05
leaf_weight=43299 5520 143 20 38334 7056 28 243 55 26 64 178 20 6669 33422 1018 139 59 20 20 170 1907 1465 23 328 28 25 559 1192 3306 986
leaf_count=43299 5520 143 20 38334 7056 28 243 55 26 64 178 20 6669 33422 1018 139 59 20 20 170 1907 1465 23 328 28 25 559 1192 3306 986
internal_value=2.56482e-08 1.01773e-05 2.17083e-05 -7.69808e-06 1.96677e-05 2.57089e-05 6.59212e-05 0.000161447 5.52756e-05 4.53897e-05 9.80177e-05 0.000358813 5.95181e-06 4.35183e-06 2.14721e-05 3.68635e-05 1.47917e-05 4.07977e-05 0.000190967 2.26481e-05 1.27488e-05 -3.93461e-06 4.85873e-05 6.81026e-05 5.82198e-05 6.79912e-05 2.03082e-05 3.25876e-05 2.91375e-05 4.48533e-05
internal_weight=146322 63224 16955 83098 16207 9151 748 75 673 1621 226 48 46269 39600 7530 1395 6178 658 79 7387 2925 39799 647 404 381 353 579 1331 4462 1156
internal_count=146322 63224 16955 83098 16207 9151 748 75 673 1621 226 48 46269 39600 7530 1395 6178 658 79 7387 2925 39799 647 404 381 353 579 1331 4462 1156
is_linear=0
shrinkage=0.05


Tree=39
num_leaves=31
num_cat=0
split_feature=8 3 6 7 21 8 13 6 31 8 31 24 11 9 6 7 31 21 10 3 6 6 11 2 13 24 6 2 7 5
split_gain=0.00417218 0.000883036 0.000643929 0.000568941 0.000560485 0.000427155 0.00136456 0.000291601 0.000290902 0.000265885 0.000248212 0.000239643 0.00240619 0.0060252 0.000222728 0.000331199 0.0033526 0.000228002 0.000267019 0.000716422 0.000217431 0.000452645 0.00252826 0.000243107 0.000709965 0.000198816 0.000636656 0.00172083 0.000251205 0.000858894
threshold=0.002533970284275711 0.0042874289210885772 0.00092607142869383108 6.0351998805999765 0.01252072583884001 0.005082975374534727 -0.0042381128296256057 1.2003571391105654 0.45194257795810705 0.0077964814845472583 0.036817476153373725 0.49844719469547277 -0.65734672546386708 0.79621213674545299 0.001636785746086389 0.0019209999591112139 -0.35180547833442682 0.0047939138021320113 9.6022253036499041 0.0025390634546056394 1.2003571391105654 0.97178572416305553 -0.30913987755775446 0.0015537797007709744 -0.0074946866370737544 -0.15105173736810681 0.97178572416305553 0.0045976534020155677 0.012724999804049732 1.3511602282524111
decision_type=2 2 2 2 2 2 2 2 2 2 2 2 2 2 2 2 2 2 2 2 2 2 2 2 2 2 2 2 2 2
left_child=2 14 -1 10 7 6 -6 9 -7 25 -4 -12 13 -13 -2 16 -16 18 20 -20 21 -17 -23 24 -22 26 28 -28 29 -3
right_child=1 4 3 -5 5 8 -8 -9 -10 -11 11 12 -14 -15 15 17 -18 -19 19 -21 23 22 -24 -25 -26 -27 27 -29 -30 -31
leaf_value=-1.0924507867572525e-05 -1.7560150950276829e-05 4.4579363877436721e-05 -8.3071192144616337e-07 -8.1433958044619068e-06 0.00052959654550704721 4.7675003591904247e-05 1.4492982548593623e-05 -5.3340985470598338e-06 0.00022166021936573089 4.2839551125546934e-05 6.7387818154945948e-06 -1.4161067024043554e-06 8.6235167339908847e-06 0.0010490374043854445 0.00057143392697416235 7.6085424555310452e-06 8.9322999032847625e-06 1.6811750427261993e-05 0.00034463596084173163 2.6390837265718609e-05 0.00031098681699101387 0.00054164243481234461 -1.3572527931144803e-05 -2.790599261069739e-06 1.3290085107016713e-05 1.4940361135937458e-05 0.00057023948851565366 8.8559961346449166e-06 2.113017603435071e-05 0.00034616463545535228
leaf_weight=40650 863 424 20933 25103 20 616 36 1044 25 1383 7816 43 659 20 29 22294 306 5747 21 112 24 26 97 7623 121 7353 20 43 2846 25
leaf_count=40650 863 424 20933 25103 20 616 36 1044 25 1383 7816 43 659 20 29 22294 306 5747 21 112 24 26 97 7623 121 7353 20 43 2846 25
internal_value=2.43658e-08 1.15501e-05 -6.16043e-06 -2.61186e-06 2.23372e-05 6.60301e-05 0.000198459 2.00192e-05 5.44607e-05 2.22078e-05 2.09982e-06 9.28474e-06 3.68459e-05 0.000332061 7.54504e-06 8.14025e-06 5.76265e-05 7.68059e-06 5.94971e-06 7.66401e-05 5.63823e-06 8.13628e-06 0.00010379 -1.57067e-06 6.2564e-05 1.95439e-05 2.96241e-05 0.000187073 2.66137e-05 6.13714e-05
internal_weight=146322 51098 95224 54574 13835 697 56 13138 641 12094 29471 8538 722 63 37263 36400 335 36065 30318 133 30185 22417 123 7768 145 10711 3358 63 3295 449
internal_count=146322 51098 95224 54574 13835 697 56 13138 641 12094 29471 8538 722 63 37263 36400 335 36065 30318 133 30185 22417 123 7768 145 10711 3358 63 3295 449
is_linear=0
shrinkage=0.05


Tree=40
num_leaves=31
num_cat=0
split_feature=8 8 3 7 6 3 3 31 11 19 6 22 11 7 3 22 11 7 7 15 11 15 21 21 7 15 21 3 11 14
split_gain=0.0039825 0.000932196 0.000673895 0.000430745 0.000927453 0.00214609 0.000461131 0.000310579 0.000554507 0.000283506 0.000266248 0.00025643 0.000229726 0.000246027 0.000762824 0.000912967 0.000286157 0.000223785 0.00113077 0.000292264 0.000217552 0.00156533 0.00285297 0.00021019 0.000205859 0.000197748 0.000376232 0.000686598 0.000240904 0.000275988
threshold=0.0030265924287959938 0.0016234053764492275 0.0049429924692958602 0.012724999804049732 0.012003571260720493 0.0054718966130167255 0.010835845023393633 0.16512713581323626 0.79961425065994274 -0.059515964239835732 1.2003571391105654 0.002675315248779953 -0.54442280530929554 0.0044810001272708186 0.0056510749273002156 0.0037878878647461538 0.074828281998634352 0.8725000023841859 3.741899967193604 -0.01447291439399123 -0.64744529128074635 0.011161063797771932 4.5371854866971269e-05 0.0030203661881387238 0.0088329999707639235 -0.0051641725003719321 0.016275134868919853 0.0042874289210885772 0.49290274083614355 0.0023658699356019501
decision_type=2 2 2 2 2 2 2 2 2 2 2 2 2 2 2 2 2 2 2 2 2 2 2 2 2 2 2 2 2 2
left_child=1 -1 25 4 7 -6 -7 8 12 17 -11 -3 -4 -14 15 16 -15 19 -19 -5 21 -13 -23 -21 -16 26 28 -28 29 -2
right_child=2 11 3 9 5 6 -8 -9 -10 10 -12 20 13 14 24 -17 -18 18 -20 23 -22 22 -24 -25 -26 -27 27 -29 -30 -31
leaf_value=-8.5592407602067444e-06 1.7201139589454257e-05 -3.3291356363376211e-07 -9.6774147465339414e-06 2.6695275417654592e-05 0.00063842948949881944 4.772486075602328e-05 0.00028666497301310304 -1.8079696703253145e-05 0.00028199517115717751 2.159278387282292e-05 -1.2974438020193611e-05 1.2650820346893886e-05 6.0094169927148596e-06 0.00020754588063761232 2.9187899457545107e-05 0.00046342444458423416 -1.296910056518235e-05 0.0003568778256949907 1.7365596245740149e-05 0.00026931480413622922 8.6449942763901792e-06 0.0007719689507121075 1.0713889901126095e-05 8.1342413777120187e-05 0.00010012680113962776 7.2710449862310374e-06 3.2740456216535613e-05 0.00036158144516362388 3.7279035697545929e-06 5.7007023865950311e-05
leaf_weight=63932 8158 40058 168 604 21 105 25 205 25 5335 622 419 197 31 387 25 28 34 88 20 3633 20 32 58 139 17643 57 22 3473 460
leaf_count=63932 8158 40058 168 604 21 105 25 205 25 5335 622 419 197 31 387 25 28 34 88 20 3633 20 32 58 139 17643 57 22 3473 460
internal_value=1.912e-07 -4.70012e-06 1.41306e-05 2.69032e-05 5.26225e-05 0.000169435 9.36749e-05 3.79845e-05 4.94777e-05 2.17449e-05 1.79834e-05 8.86607e-07 4.35157e-05 5.45893e-05 7.02783e-05 0.000210195 0.000102895 4.96146e-05 0.000111984 3.84576e-05 1.279e-05 4.4762e-05 0.000303504 0.00012954 4.79341e-05 1.06531e-05 1.55561e-05 0.000124316 1.48455e-05 1.93258e-05
internal_weight=146024 108094 37930 8117 1356 151 130 1205 1000 6761 5957 44162 975 807 610 84 59 804 122 682 4104 471 52 78 526 29813 12170 79 12091 8618
internal_count=146024 108094 37930 8117 1356 151 130 1205 1000 6761 5957 44162 975 807 610 84 59 804 122 682 4104 471 52 78 526 29813 12170 79 12091 8618
is_linear=0
shrinkage=0.05


Tree=41
num_leaves=31
num_cat=0
split_feature=1 2 14 3 13 13 2 6 6 6 2 6 31 31 13 22 14 19 1 21 6 5 6 3 5 6 31 2 15 6
split_gain=0.00356199 0.00103573 0.000406224 0.000350825 0.000372133 0.00075858 0.0015321 0.00306383 0.00160597 0.00545337 0.0128732 0.000732973 0.000975409 0.00183636 0.00204565 0.000322551 0.000318771 0.000293251 0.000263597 0.000246283 0.000290905 0.000469046 0.00101948 0.00064436 0.000231229 0.00019318 0.000207591 0.000199837 0.000191134 0.00018025
threshold=0.0017441925010643902 0.0042493704240769157 -0.0099415187723934633 0.0062471975106745967 -0.0088488850742578489 -0.013132556807249783 0.0043029214721173057 0.6528928577899934 0.015860714949667457 0.013128571677953007 0.004987256834283472 0.84385713934898388 -0.028608429245650765 0.077035479247570052 -0.011205674614757298 0.002393751405179501 0.0064243166707456121 -0.03958704695105552 0.00080415207776241015 0.0097855902276933211 21.346785545349125 1.8931820988655093 1.2003571391105654 0.010835845023393633 1.8931820988655093 0.3221785724163056 -0.44269010424613947 0.011092342901974918 -0.016153851523995396 0.001636785746086389
decision_type=2 2 2 2 2 2 2 2 2 2 2 2 2 2 2 2 2 2 2 2 2 2 2 2 2 2 2 2 2 2
left_child=18 2 24 4 5 -3 7 -7 9 16 17 -10 -13 14 -14 29 -8 -11 -1 25 21 -21 23 -23 -2 26 27 -5 -26 -4
right_child=1 3 15 19 -6 6 8 -9 11 10 -12 12 13 -15 -16 -17 -18 -19 -20 20 -22 22 -24 -25 28 -27 -28 -29 -30 -31
leaf_value=-1.0247700666742125e-05 1.8981863224484352e-05 8.8667778593763027e-06 -1.312317071671449e-05 6.9919460682764728e-05 1.114046288170087e-05 3.70883604036125e-05 5.2578016400421643e-06 0.00079323494380029538 -5.997849737671791e-07 0.00021665185815436416 0.0016120741103077308 -9.5265136463383803e-06 0.00081306297804639195 2.8604780203811783e-05 0.00013732722416837835 1.2731749998734667e-05 0.00020745655514970581 -4.5133492708175809e-05 -4.4214041087477325e-06 5.3054473433136448e-05 -7.6103538116772794e-05 -5.3796928431151374e-05 0.00047333243756756104 0.00026231109784151033 0.00024875663398233884 -3.8796782090094451e-08 3.0951142298782433e-05 0.00024223533997428604 3.5188042763614003e-05 2.8413109640404032e-06
leaf_weight=35833 4187 1651 1854 106 8836 37 171 21 826 20 20 95 21 59 24 8685 22 23 42365 483 35 38 22 28 20 485 1857 20 22 38158
leaf_count=35833 4187 1651 1854 106 8836 37 171 21 826 20 20 95 21 59 24 8685 22 23 42365 483 35 38 22 28 20 485 1857 20 22 38158
internal_value=1.8164e-07 8.56666e-06 5.28833e-06 2.02116e-05 1.63e-05 3.15472e-05 5.95125e-05 0.000310866 4.81319e-05 0.000160155 0.000564071 2.01536e-05 0.000106296 0.000212095 0.000452671 3.99745e-06 2.83064e-05 7.66271e-05 -7.09121e-06 3.52599e-05 6.38208e-05 7.23976e-05 0.000178565 8.03095e-05 2.01528e-05 2.8247e-05 3.51651e-05 9.72712e-05 0.000136887 2.10158e-06
internal_weight=146024 67826 52926 14900 11826 2990 1339 58 1281 256 63 1025 199 104 45 48697 193 43 78198 3074 606 571 88 66 4229 2468 1983 126 42 40012
internal_count=146024 67826 52926 14900 11826 2990 1339 58 1281 256 63 1025 199 104 45 48697 193 43 78198 3074 606 571 88 66 4229 2468 1983 126 42 40012
is_linear=0
shrinkage=0.05


Tree=42
num_leaves=31
num_cat=0
split_feature=3 1 7 7 7 7 13 2 11 13 6 3 6 10 7 9 24 5 2 31 22 15 7 2 31 13 24 3 21 14
split_gain=0.00324061 0.000666726 0.00065699 0.000481854 0.000288632 0.000283128 0.000281966 0.000934928 0.00213086 0.000381588 0.0045479 0.000380394 0.000340882 0.000278494 0.00121893 0.000269422 0.000246275 0.000233169 0.000443621 0.0002267 0.00020424 0.000200203 0.000199469 0.000571394 0.00122858 0.000187172 0.000229401 0.000184452 0.000183171 0.000212272
threshold=0.0027863143477588896 0.0054236829746514567 0.001160999992862344 14.170300006866457 0.10638000071048738 0.030782000161707405 -0.0082554472610354406 0.0044747479259967813 0.11725384369492532 -0.0094923283904790861 0.015860714949667457 0.008811799809336664 0.11653571203351022 2.4190672636032109 0.77309998869895946 1.7913271188735964 0.48879417777061468 1.6360833644866946 0.0057557823602110156 0.042109932750463493 0.0048173496033996352 -0.022485963068902489 0.0040909999515861281 0.0031155165052041416 -0.2348961606621742 -0.018753277137875553 -0.011951453518122433 0.0076052600052207717 0.0031585060060024266 0.012027565389871599
decision_type=2 2 2 2 2 2 2 2 2 2 2 2 2 2 2 2 2 2 2 2 2 2 2 2 2 2 2 2 2 2
left_child=2 4 -1 22 5 -2 7 8 -3 13 -11 -8 16 15 25 17 -13 -9 -19 -20 -17 -7 23 -4 -25 27 -27 -15 29 -24
right_child=1 6 3 -5 -6 21 11 9 -10 10 -12 12 -14 14 -16 20 -18 18 19 -21 -22 -23 28 24 -26 26 -28 -29 -30 -31
leaf_value=-9.5912975267423622e-06 6.2689791829579008e-06 0.00065733381596146502 1.3845715665319008e-05 -7.5445664811875386e-06 4.8266232174507938e-06 4.7583376395883396e-05 1.4447801750642041e-05 2.1956191795530776e-05 2.5245664742215015e-05 0.00062816797378271831 -5.3029726677777947e-06 7.6120609448908857e-05 -3.9591910836935388e-06 2.9353621212067082e-05 0.00041896464305561198 -5.9934937199959057e-05 0.00025660375140432737 0.00030240592706312392 1.090774734704848e-05 0.00017518819060049801 0.00010690531860399504 1.7452212725044717e-05 -4.8029411329238128e-07 0.00049186485287009416 1.1907209585899637e-05 -4.7932350685490142e-05 0.00011978443927286467 0.00023307331315663762 1.0347498659630653e-05 4.403361950296501e-05
leaf_weight=41377 7368 20 1220 20938 20361 587 4329 1278 40 34 170 344 148 25 24 145 20 21 84 28 21 9062 33151 20 40 75 28 20 4776 270
leaf_count=41377 7368 20 1220 20938 20361 587 4329 1278 40 34 170 344 148 25 24 145 20 21 84 28 21 9062 33151 20 40 75 28 20 4776 270
internal_value=1.72558e-07 1.14721e-05 -4.73746e-06 -1.41316e-06 8.84339e-06 1.36495e-05 2.58075e-05 4.15344e-05 0.000235942 3.55618e-05 0.000100276 1.92679e-05 6.00227e-05 2.80137e-05 8.84273e-05 2.14245e-05 8.60373e-05 2.85132e-05 9.15191e-05 5.19779e-05 -3.88286e-05 1.92853e-05 1.83884e-06 2.12542e-05 0.000171893 3.48267e-05 -2.33944e-06 0.000119896 1.18822e-06 -1.20677e-07
internal_weight=146024 44232 101792 60415 37378 17017 6854 2013 60 1953 204 4841 512 1749 172 1577 364 1411 133 112 166 9649 39477 1280 60 148 103 45 38197 33421
internal_count=146024 44232 101792 60415 37378 17017 6854 2013 60 1953 204 4841 512 1749 172 1577 364 1411 133 112 166 9649 39477 1280 60 148 103 45 38197 33421
is_linear=0
shrinkage=0.05


Tree=43
num_leaves=31
num_cat=0
split_feature=1 0 1 6 13 13 6 7 6 31 22 14 6 7 31 13 14 6 14 20 31 5 5 7 20 6 14 31 7 7
split_gain=0.00292269 0.000874443 0.000420978 0.000278468 0.000238263 0.000824414 0.00474723 0.000728638 0.00189601 0.000865424 0.000274849 0.000236474 0.000234951 0.000223386 0.00159576 0.00210817 0.000215911 0.000205033 0.000402393 0.000282793 0.000252743 0.00022809 0.000200275 0.000198947 0.000153597 0.000219732 0.00123148 0.00259152 0.00024339 0.000265888
threshold=0.0017441925010643902 0.0036728547420352702 0.0052938370499759921 1.2003571391105654 -0.0088488850742578489 -0.0094923283904790861 0.015860714949667457 0.77309998869895946 1.2003571391105654 0.10451369732618333 0.0086814290843904036 -0.0022008767118677493 0.001636785746086389 0.0019209999591112139 -0.27269892394542689 -0.0018444385495968161 0.0044038600753992805 0.071107145398855223 0.025078667327761654 0.038390962406992919 -0.077731136232614503 1.8226628899574282 0.68220174312591564 0.0083010001108050364 0.016852852888405326 0.6528928577899934 0.0023658699356019501 -0.046630972996354096 0.10638000071048738 0.0094590000808239001
decision_type=2 2 2 2 2 2 2 2 2 2 2 2 2 2 2 2 2 2 2 2 2 2 2 2 2 2 2 2 2 2
left_child=11 3 -3 12 5 7 -7 10 -9 -10 22 -1 -2 14 15 -14 -12 18 19 -6 23 -20 -4 -21 -15 28 -27 -28 29 -26
right_child=1 2 4 -5 17 6 -8 8 9 -11 16 -13 13 24 -16 -17 -18 -19 21 20 -22 -23 -24 -25 25 26 27 -29 -30 -31
leaf_value=3.0124318144612083e-07 -1.0769044531167904e-05 1.1469937882642764e-05 0.00012215083282041765 -2.9756465733338303e-06 1.8852327173721778e-05 0.00083109073695430361 3.932514972825075e-06 0.00048751613535083982 1.0848224289929931e-05 0.00028218039451530789 5.7710754311829309e-05 -7.5481505603164119e-06 0.00070641628839439362 4.1576677298061536e-06 5.8882205415350907e-06 3.9137794600061051e-05 0.00022331462902142309 1.4080517848315616e-05 9.4552136357918621e-05 0.00027676763207637125 2.4673666419151023e-05 0.00028103932680096478 1.1219915665999721e-05 0.00010260129489664567 -1.3239816326907955e-07 1.3801166866051723e-05 0.00063335501185625062 -1.1089130916493908e-05 2.441391790464701e-06 2.4457779607707797e-05
leaf_weight=11199 1953 14784 42 11148 1103 22 82 30 160 36 81 66999 20 21623 333 29 26 3334 91 20 101 20 1302 91 1542 448 26 39 5511 3829
leaf_count=11199 1953 14784 42 11148 1103 22 82 30 160 36 81 66999 20 21623 333 29 26 3334 91 20 101 20 1302 91 1542 448 26 39 5511 3829
internal_value=1.6393e-07 7.7593e-06 1.61428e-05 3.91471e-06 2.67044e-05 4.23052e-05 0.000178908 3.38337e-05 0.000117344 6.06847e-05 2.08266e-05 -6.42401e-06 6.08747e-06 7.07312e-06 4.50893e-05 0.000311496 9.79509e-05 2.08672e-05 3.67344e-05 2.90177e-05 8.19062e-05 0.000128153 1.46865e-05 0.000133983 6.63329e-06 1.1331e-05 4.33093e-05 0.000246689 9.82349e-06 1.7398e-05
internal_weight=146024 67826 21325 46501 6541 1781 104 1677 226 196 1451 78198 35353 33400 382 49 107 4760 1426 1315 212 111 1344 111 33018 11395 513 65 10882 5371
internal_count=146024 67826 21325 46501 6541 1781 104 1677 226 196 1451 78198 35353 33400 382 49 107 4760 1426 1315 212 111 1344 111 33018 11395 513 65 10882 5371
is_linear=0
shrinkage=0.05


Tree=44
num_leaves=31
num_cat=0
split_feature=8 8 3 7 4 7 3 24 11 3 8 15 19 4 11 6 22 15 4 7 15 11 6 11 21 19 1 14 19 3
split_gain=0.00274384 0.000633333 0.000484717 0.000329183 0.00133719 0.000364372 0.000836171 0.00112381 0.00159315 0.00039278 0.000299319 0.000398888 0.000219496 0.00022836 0.00150402 0.000227698 0.000213257 0.000177541 0.000212698 0.000166999 0.000148482 0.000233964 0.000571847 0.00169878 0.000393587 0.000644628 0.000214665 0.000551124 0.00182511 0.00398103
threshold=0.0030265924287959938 0.0014806786202825608 0.0049429924692958602 0.012724999804049732 1.8511338829994204 0.0044810001272708186 0.0056510749273002156 -0.090181451290845857 -0.033546686172485345 0.0052250544540584096 0.011961323674768211 0.02896416932344437 -0.059515964239835732 1.6425615549087527 0.83977848291397106 1.2003571391105654 0.0010795973357744517 -0.01447291439399123 0.50967004895210277 193.89299774169925 -0.0051641725003719321 0.68826499581336986 26.022500038146976 0.095513783395290389 0.016275134868919853 -0.038351958617568009 0.0037950389087200169 0.0023658699356019501 -0.028714094310998913 0.0034576065372675662
decision_type=2 2 2 2 2 2 2 2 2 2 2 2 2 2 2 2 2 2 2 2 2 2 2 2 2 2 2 2 2 2
left_child=1 -1 19 4 5 -4 7 8 -7 -9 -8 -12 13 17 -15 -14 -3 -5 -19 20 21 22 24 -24 26 -26 27 -2 -29 -30
right_child=2 16 3 12 -6 6 10 9 -10 -11 11 -13 15 14 -16 -17 -18 18 -20 -21 -22 -23 23 -25 25 -27 -28 28 29 -31
leaf_value=-7.4433624183287212e-06 1.8855940804014251e-05 -1.7734843030719035e-06 -1.2351345919748208e-05 2.5853998161994595e-05 0.00040016334292326626 0.00011592806876177674 2.2711080451608435e-05 -5.4589952062276898e-05 0.00063260971728595905 0.00016952524469201417 6.6797187288768943e-05 0.00031120351399295033 1.8077304743614221e-05 -6.7312400412782543e-05 0.00042621229949872945 -1.3889617041846356e-05 5.5632680706354782e-06 0.00024061269387381062 5.75776664789793e-05 -6.5079083849675775e-06 6.7025366817273762e-06 -1.0237234444951017e-06 0.00053584447321939135 -5.0769881125504866e-06 0.00037553080517682252 -5.3119381809665357e-06 7.1037662117351585e-06 -1.2829993915416074e-05 -5.4736053028715439e-06 0.00065494271691185978
leaf_weight=58269 4877 36188 282 654 26 37 785 46 25 34 101 20 5335 38 26 622 13637 21 65 1686 16766 2086 21 47 20 25 4042 149 55 39
leaf_count=58269 4877 36188 282 654 26 37 785 46 25 34 101 20 5335 38 26 622 13637 21 65 1686 16766 2086 21 47 20 25 4042 149 55 39
internal_value=1.55733e-07 -3.90429e-06 1.17261e-05 2.25586e-05 4.50422e-05 3.81e-05 5.16757e-05 0.000164488 0.000324267 4.0659e-05 3.39942e-05 0.000107195 1.80492e-05 4.25716e-05 0.000133182 1.47395e-05 2.3457e-07 3.4735e-05 0.000102272 8.7768e-06 9.693e-06 1.41062e-05 1.7509e-05 0.000161972 1.6442e-05 0.000163952 1.57175e-05 2.25177e-05 9.60084e-05 0.000268529
internal_weight=146024 108094 37930 8117 1356 1330 1048 142 62 80 906 121 6761 804 64 5957 49825 740 86 29813 28127 11361 9275 68 9207 45 9162 5120 243 94
internal_count=146024 108094 37930 8117 1356 1330 1048 142 62 80 906 121 6761 804 64 5957 49825 740 86 29813 28127 11361 9275 68 9207 45 9162 5120 243 94
is_linear=0
shrinkage=0.05


Tree=45
num_leaves=31
num_cat=0
split_feature=8 8 3 8 14 22 2 7 7 24 31 9 6 5 6 7 14 2 24 9 13 31 19 31 7 31 7 3 6 8
split_gain=0.00231936 0.000621642 0.00032812 0.000245248 0.000244701 0.00021117 0.000802502 0.000181485 0.000176419 0.000301786 0.000594191 0.000183185 0.000587854 0.000192828 0.00016986 0.000250502 0.000169645 0.000167247 0.000180875 0.000165715 0.000175617 0.000365732 0.000448182 0.000915947 0.002484 0.00120235 0.00092986 0.000780407 0.000193953 0.000190157
threshold=0.0021362593397498135 0.004445653874427081 0.0062471975106745967 0.0010380754829384389 -0.0041064023971557609 0.0034292500931769614 0.0020618665730580692 0.0040909999515861281 0.48126000165939337 -0.44303806126117701 -0.032971410080790513 1.959260165691376 0.039035715162754066 1.9923813343048098 0.011196428444236519 6.0351998805999765 0.0064243166707456121 0.0017337847384624185 0.55464455485343944 1.5611709952354433 -0.0088488850742578489 -0.14539305865764615 -0.03604829125106334 -0.046630972996354096 0.012724999804049732 -0.068730689585208879 18.991300582885746 0.0035444956738501792 0.0062178571242839107 0.0084767988882958906
decision_type=2 2 2 2 2 2 2 2 2 2 2 2 2 2 2 2 2 2 2 2 2 2 2 2 2 2 2 2 2 2
left_child=3 4 19 -1 -2 14 -7 -4 11 10 -10 13 -13 -9 -6 17 -5 18 -16 20 21 -3 -23 24 -24 -26 28 -28 -25 -22
right_child=1 2 7 16 5 6 -8 8 9 -11 -12 12 -14 -15 15 -17 -18 -19 -20 -21 29 22 23 26 25 -27 27 -29 -30 -31
leaf_value=-8.5826522295832934e-06 1.015234653676256e-05 4.1695295070618258e-06 -0.00010337862954474987 -3.7016256639509375e-06 -6.6175544685347873e-06 0.00025277641038850819 1.194114842466422e-05 3.6494818853187344e-05 -4.5339326813766757e-05 -5.841975240675785e-06 0.00033121823772489737 0.00032576288099137501 3.2225148904465395e-05 -0.0001031374531498841 3.3922450748646027e-05 -4.2196200498483768e-06 1.3220718950142789e-05 5.5253788122961823e-06 0.00019045141290916946 -6.2116107164174181e-07 9.8544805513794281e-06 2.2451447763123365e-05 0.000649729640554142 0.00015573725215053066 -1.4711256478056551e-06 0.00036507087672362106 0.00048907670165135645 5.2663635107732959e-05 5.9623709904805149e-06 7.8234586167304023e-05
leaf_weight=38160 12641 1264 25 42880 6141 35 2950 2249 22 476 20 23 66 25 239 8837 1534 16984 20 2117 7875 1244 24 23 88 30 20 21 359 103
leaf_count=38160 12641 1264 25 42880 6141 35 2950 2249 22 476 20 23 66 25 239 8837 1534 16984 20 2117 7875 1244 24 23 88 30 20 21 359 103
internal_value=-1.07613e-07 7.04298e-06 1.55501e-05 -5.64293e-06 4.18504e-06 2.04243e-06 1.4765e-05 3.07569e-05 3.19208e-05 5.49444e-06 0.000133974 3.77138e-05 0.000108083 3.49597e-05 8.63795e-07 2.62541e-06 -3.11715e-06 6.13348e-06 4.60096e-05 1.21942e-05 1.46492e-05 2.48051e-05 3.92237e-05 7.61524e-05 0.000186029 9.17175e-05 3.92669e-05 0.000265548 1.49802e-05 1.07373e-05
internal_weight=146495 63921 16074 82574 47847 35206 2985 2906 2881 518 42 2363 89 2274 32221 26080 44414 17243 259 13168 11051 3073 1809 565 142 118 423 41 382 7978
internal_count=146495 63921 16074 82574 47847 35206 2985 2906 2881 518 42 2363 89 2274 32221 26080 44414 17243 259 13168 11051 3073 1809 565 142 118 423 41 382 7978
is_linear=0
shrinkage=0.05


Tree=46
num_leaves=31
num_cat=0
split_feature=0 0 20 11 4 4 14 22 13 4 7 7 11 4 24 7 1 7 14 20 4 7 11 7 1 14 9 7 14 7
split_gain=0.00208199 0.000561021 0.000300477 0.000307368 0.00145846 0.000444579 0.00028027 0.000258724 0.000245194 0.000849549 0.00016726 0.000211842 0.000159455 0.00162229 0.00458023 0.000157194 0.000149026 0.000144574 0.000164948 0.000138361 0.000203308 0.000540765 0.000201795 0.000185772 0.000624963 0.000137519 0.00013356 0.000365657 0.00154698 0.00457949
threshold=0.0017351623391732576 0.0046822400763630876 0.059654995799064643 1.1879371404647829 1.3718581795692446 1.765141546726227 -0.0034088474931195374 0.0027444111183285718 -0.014692322816699742 1.4881951808929446 0.001160999992862344 6.9556999206542978 -0.64744529128074635 1.4203249216079714 0.25373065471649175 178.0039978027344 0.0019233730272389951 0.10638000071048738 -0.0057992613874375811 0.025906809605658058 0.37133482098579412 0.016850000247359279 0.41287186741828924 0.0019209999591112139 0.0026441167574375872 -0.0059632076881825915 0.85255333781242382 0.77309998869895946 -0.00098281144164502599 8.1255002021789569
decision_type=2 2 2 2 2 2 2 2 2 2 2 2 2 2 2 2 2 2 2 2 2 2 2 2 2 2 2 2 2 2
left_child=6 7 -3 5 -5 8 -1 15 -4 -10 -8 -12 13 16 -15 19 -9 18 25 20 21 -2 23 24 -21 -14 -25 -28 -29 -30
right_child=1 2 3 4 -6 -7 10 12 9 -11 11 -13 17 14 -16 -17 -18 -19 -20 22 -22 -23 -24 26 -26 -27 27 28 29 -31
leaf_value=3.8485131378202974e-06 0.00029809413522126653 1.4487981677166543e-05 2.6962924382839578e-05 1.9434695534403801e-05 0.00050859521104030137 -0.0001210338557135655 -8.5039196330023958e-06 0.0001451786377791515 5.6414247982527537e-05 0.00039247394871338092 3.5963242009893868e-08 -7.3851945573238263e-06 3.3652739852835547e-05 -4.5131928611729744e-07 0.00090296372518423602 -8.6499234919910723e-06 1.0299925787756573e-05 3.6362838649657672e-06 1.1465561998898583e-05 -2.7706939548011178e-05 2.236769314658479e-06 1.7988474808324403e-05 -4.7072702640598746e-06 4.1088531373404542e-06 0.00032858733534339994 0.00016033126339607407 1.3082989123255879e-05 1.8550449729998475e-05 0.00091419802338350571 6.0226518034553055e-05
leaf_weight=7721 21 10593 548 64 20 43 37934 21 180 21 18475 20055 818 47 20 2709 826 3892 2584 32 33049 96 1676 1950 20 22 2544 421 20 73
leaf_count=7721 21 10593 548 64 20 43 37934 21 180 21 18475 20055 818 47 20 2709 826 3892 2584 32 33049 96 1676 1950 20 22 2544 421 20 73
internal_value=-1.02232e-07 6.82623e-06 1.68153e-05 4.49583e-05 0.000135901 3.53128e-05 -5.23037e-06 4.57284e-06 4.42887e-05 9.1525e-05 -6.14712e-06 -3.82678e-06 1.26888e-05 3.23792e-05 0.000269225 3.00529e-06 1.3644e-05 1.02289e-05 1.77226e-05 3.79658e-06 2.46969e-06 6.82638e-05 1.03298e-05 1.53104e-05 0.000109329 3.69705e-05 1.43342e-05 2.08546e-05 5.93195e-05 0.000243876
internal_weight=146495 62310 11469 876 84 792 84185 50841 749 201 76464 38530 8230 914 67 42611 847 7316 3424 39902 33166 117 6736 5060 52 840 5008 3058 514 93
internal_count=146495 62310 11469 876 84 792 84185 50841 749 201 76464 38530 8230 914 67 42611 847 7316 3424 39902 33166 117 6736 5060 52 840 5008 3058 514 93
is_linear=0
shrinkage=0.05


Tree=47
num_leaves=31
num_cat=0
split_feature=8 3 6 11 2 7 20 3 5 7 3 11 6 7 15 9 0 15 5 22 7 7 7 20 5 10 6 7 20 8
split_gain=0.0019128 0.000533397 0.000273358 0.000533949 0.000276222 0.000212061 0.000222244 0.000427298 0.00177157 0.000282141 0.000601861 0.000603168 0.000210024 0.000354684 0.000622232 0.00268715 0.000207393 0.000193004 0.000192867 0.00018572 0.000184252 0.000160348 0.000272954 0.000197384 0.000877289 0.000622351 0.000238388 0.000311108 0.00126543 0.000144459
threshold=0.0021362593397498135 0.0049429924692958602 0.08917857334017755 1.3298021554946902 0.0048099174164235601 0.0040909999515861281 0.023078622296452526 0.0051197258289903411 1.2544214129447939 0.0052010000217705974 0.0056510749273002156 -0.1817263066768646 0.001636785746086389 0.0019209999591112139 -0.012239043135195969 1.2265926599502566 0.00074201705865561973 -0.0037983712973073121 1.8226628899574282 0.0086814290843904036 165.22399902343753 0.0094590000808239001 0.099709998816251769 0.041033741086721427 0.6015225648880006 0.73858737945556652 0.012003571260720493 0.010162999853491785 0.020826105028390888 0.0050005957018584022
decision_type=2 2 2 2 2 2 2 2 2 2 2 2 2 2 2 2 2 2 2 2 2 2 2 2 2 2 2 2 2 2
left_child=16 12 3 4 -3 -6 -7 8 -8 10 11 -9 -2 14 15 -14 -1 18 -11 -4 21 -15 23 26 25 -25 -23 28 -28 -26
right_child=1 2 19 -5 5 6 7 9 -10 17 -12 -13 13 20 -16 -17 -18 -19 -20 -21 -22 22 -24 24 29 -27 27 -29 -30 -31
leaf_value=-7.9257445966643006e-06 -1.1291632586867202e-05 5.2643673937998843e-06 6.9085435528950669e-06 0.00026732697758985604 -4.0560122829691701e-05 2.0409144127919513e-05 1.8356342846551169e-05 2.8198946460006048e-05 0.00053216238647228633 2.8526036286760452e-05 2.6118674088593253e-05 0.00036901600807836719 0.00053198803112479713 -2.3122117298938033e-06 2.2111449655668564e-05 -4.6231708157999192e-05 -2.882888027700765e-06 6.9316336109605288e-05 -0.00012816720169212204 5.7864825792051839e-05 -5.3236319450388435e-06 -6.2465471317250045e-06 3.992714205445993e-06 9.2516093796543184e-05 4.0363070943632065e-05 0.00043189108883697456 -1.5852829491450394e-05 1.2842176196828942e-05 0.00045473150352336232 4.3524146557994182e-06
leaf_weight=36696 2002 1182 4085 23 93 1272 62 21 23 1085 84 34 32 5591 449 54 45878 329 20 187 4147 1777 29571 35 558 22 50 10557 20 556
leaf_count=36696 2002 1182 4085 23 93 1272 62 21 23 1085 84 34 32 5591 449 54 45878 329 20 187 4147 1777 29571 35 558 22 50 10557 20 556
internal_value=-9.71207e-08 6.39659e-06 1.80593e-05 2.70725e-05 2.57583e-05 3.37715e-05 3.61309e-05 4.81924e-05 0.000157386 4.22919e-05 0.000110307 0.000238886 4.60786e-06 5.20373e-06 4.57106e-05 0.00016892 -5.12394e-06 3.56991e-05 2.569e-05 9.13907e-06 4.79394e-06 5.65484e-06 6.68724e-06 1.25568e-05 3.21795e-05 0.000223503 1.07043e-05 1.35388e-05 0.0001186 2.23901e-05
internal_weight=146495 63921 8500 4228 4205 3023 2930 1658 85 1573 139 55 55421 53419 535 86 82574 1434 1105 4272 52884 48737 43146 13575 1171 57 12404 10627 70 1114
internal_count=146495 63921 8500 4228 4205 3023 2930 1658 85 1573 139 55 55421 53419 535 86 82574 1434 1105 4272 52884 48737 43146 13575 1171 57 12404 10627 70 1114
is_linear=0
shrinkage=0.05


Tree=48
num_leaves=31
num_cat=0
split_feature=8 3 7 4 13 11 21 21 2 22 7 7 3 7 9 31 8 22 22 20 0 4 4 31 7 11 7 3 6 20
split_gain=0.0017263 0.000481391 0.000248362 0.0005461 0.00117364 0.000235019 0.000218945 0.000300617 0.000329052 0.000197504 0.000172832 0.000206389 0.00049638 0.000597287 0.000641539 0.0008452 0.000184691 0.000157094 0.000331479 0.000176183 0.000265767 0.000174327 0.000205701 0.000282673 0.00015507 0.000177036 0.000139726 0.000274008 0.00020117 0.000168487
threshold=0.0021362593397498135 0.0049429924692958602 0.11532999947667123 1.8020399212837221 -0.0088488850742578489 -0.90422269701957692 0.0043526387307792911 7.9071698564803241e-05 0.00171653792494908 0.00059242796851322066 0.0040909999515861281 0.0052010000217705974 0.0056510749273002156 0.0044810001272708186 1.1933283209800722 -0.15721378475427625 0.0084767988882958906 0.0025310781784355645 0.0026098411763086919 0.078337371349334731 0.011686593759804966 1.8511338829994204 1.6240984797477724 -0.016546593047678467 0.007092999992892147 0.88209289312362682 0.047070000320672996 0.005026300437748433 0.0096499999053776282 0.055592851713299758
decision_type=2 2 2 2 2 2 2 2 2 2 2 2 2 2 2 2 2 2 2 2 2 2 2 2 2 2 2 2 2 2
left_child=9 6 3 5 -5 -3 7 8 -2 -1 -7 12 13 -12 15 -15 26 21 -19 -20 -21 22 -4 -24 -18 -26 27 -13 -29 -28
right_child=1 2 17 4 -6 10 -8 -9 -10 -11 11 16 -14 14 -16 -17 24 18 19 20 -22 -23 23 -25 25 -27 29 28 -30 -31
leaf_value=-5.9558223220247021e-06 0.00015646859161885611 0.00017176305972008358 -1.771011142502834e-06 0.00036260855193029638 -2.8842396204709075e-07 -2.5731041106861375e-05 1.1448784749036691e-05 1.0909990665441039e-06 1.0893382634805004e-05 6.2782388959282946e-07 -1.8525582551151994e-05 0.00013911016486059508 1.1675778565544394e-05 4.4325633589323842e-05 -2.0977072963432875e-05 0.00044589154031679133 -2.8894670005784423e-05 0.00019761146753318406 1.309543386472401e-05 1.1481244199070976e-05 0.0002501233166549355 -9.8965147400223143e-05 -1.0815886518052456e-05 0.00024620428011985497 5.3219802434085399e-05 -1.3349592783222826e-05 1.6822027575494028e-05 1.6110320963481829e-05 -3.2403509055062129e-05 6.2034275041393506e-05
leaf_weight=68927 39 26 2051 37 56 190 9141 37937 8304 13647 38 33 182 20 20 38 77 26 1122 28 20 45 23 20 806 114 2448 435 420 225
leaf_count=68927 39 26 2051 37 56 190 9141 37937 8304 13647 38 33 182 20 20 38 77 26 1122 28 20 45 23 20 806 114 2448 435 420 225
internal_value=-9.22647e-08 6.07676e-06 1.71564e-05 2.40242e-05 0.00014409 2.18226e-05 4.37747e-06 2.98077e-06 1.15739e-05 -4.86774e-06 2.10501e-05 2.28805e-05 6.31942e-05 0.000144025 0.000223216 0.000307421 2.02448e-05 6.52008e-06 2.10325e-05 1.71086e-05 0.000110915 -1.59442e-06 4.98078e-07 0.000108728 3.92662e-05 4.4971e-05 1.49192e-05 -2.26447e-06 -7.72103e-06 2.06278e-05
internal_weight=146495 63921 8500 5165 93 5072 55421 46280 8343 82574 5046 4856 298 116 78 58 4558 3335 1196 1170 48 2139 2094 43 997 920 3561 888 855 2673
internal_count=146495 63921 8500 5165 93 5072 55421 46280 8343 82574 5046 4856 298 116 78 58 4558 3335 1196 1170 48 2139 2094 43 997 920 3561 888 855 2673
is_linear=0
shrinkage=0.05


Tree=49
num_leaves=31
num_cat=0
split_feature=0 3 14 7 4 20 11 5 4 4 3 7 15 7 7 5 3 7 7 7 31 15 3 8 7 3 14 5 20 0
split_gain=0.00157843 0.000408418 0.000347622 0.000226764 0.000634899 0.000253433 0.000620103 0.00137903 0.000444982 0.000252837 0.000251993 0.000532016 0.000839817 0.000508355 0.000296002 0.000261151 0.00023464 0.000203286 0.000280218 0.000402827 0.00170186 0.00524874 0.0119317 0.000182239 0.000834795 0.00017546 0.000154672 0.000154448 0.000132422 0.000179927
threshold=0.002191500505432487 0.0049429924692958602 -0.0034088474931195374 0.012724999804049732 1.8511338829994204 0.065585054457187666 1.1879371404647829 1.9923813343048098 1.765141546726227 1.5471649169921877 0.0056510749273002156 0.0044810001272708186 -0.013509916141629217 0.0052010000217705974 0.0083010001108050364 1.114878833293915 0.0065871514379978189 0.001160999992862344 0.36885000765323644 0.33641999959945684 0.039556827396154411 0.0073913035448640594 0.0025617721257731323 0.0047704819589853295 0.010162999853491785 0.008811799809336664 0.012755512259900572 0.74177974462509166 0.025906809605658058 0.0022152257151901726
decision_type=2 2 2 2 2 2 2 2 2 2 2 2 2 2 2 2 2 2 2 2 2 2 2 2 2 2 2 2 2 2
left_child=2 26 -1 4 10 -5 8 -8 9 -7 11 -3 -13 15 25 -14 -16 -4 19 23 -21 -22 -23 -19 -25 -12 28 -18 -2 -30
right_child=1 3 17 5 -6 6 7 -9 -10 -11 14 12 13 -15 16 -17 27 18 -20 20 21 22 -24 24 -26 -27 -28 -29 29 -31
leaf_value=4.6412162385761158e-06 3.0210329970634137e-06 -4.4416418861493146e-06 -7.5212130715553942e-06 1.090603904165248e-05 0.00027690674201208079 3.322284659641749e-05 -1.8643704569748716e-05 0.00052159485761270232 -0.00016772372996287974 0.00021047751610499938 1.1006733228305472e-05 0.0003788749050848613 0.00027123613370321208 -4.6873488819174886e-05 -3.367748393787094e-05 4.0918200538726525e-05 0.00013981216137957139 4.2322454908518402e-07 -5.2379507713964105e-06 -8.7801352275690943e-06 4.6949705378877139e-07 0.001553832612871702 6.1346044283323639e-06 0.0002946800238689697 1.2675386445785674e-05 -7.0557589807887435e-05 1.8413555466496528e-05 5.5789931783161449e-05 9.1141192080399113e-05 9.4727882000357674e-06
leaf_weight=10916 30783 105 38713 5974 27 479 27 21 27 21 605 30 32 45 56 20 75 14077 32825 475 131 20 33 29 276 74 2115 202 68 8214
leaf_count=10916 30783 105 38713 5974 27 479 27 21 27 21 605 30 32 45 56 20 75 14077 32825 475 131 20 33 29 276 74 2115 202 68 8214
internal_value=-8.76514e-08 7.23324e-06 -3.76706e-06 1.77085e-05 3.70357e-05 1.39576e-05 4.56615e-05 0.000217711 2.99909e-05 4.06675e-05 3.18295e-05 7.88297e-05 0.000147676 7.61713e-05 2.10547e-05 0.000182652 5.96683e-05 -4.82718e-06 -2.64831e-06 3.00325e-06 4.12292e-05 0.000170329 0.000590172 1.25169e-06 3.94889e-05 2.11754e-06 5.24401e-06 7.85396e-05 4.531e-06 1.01433e-05
internal_weight=146495 49000 97495 7820 1271 6549 575 48 527 500 1244 232 127 97 1012 52 333 86579 47866 15041 659 184 53 14382 305 679 41180 277 39065 8282
internal_count=146495 49000 97495 7820 1271 6549 575 48 527 500 1244 232 127 97 1012 52 333 86579 47866 15041 659 184 53 14382 305 679 41180 277 39065 8282
is_linear=0
shrinkage=0.05


Tree=50
num_leaves=31
num_cat=0
split_feature=8 0 21 7 20 5 4 7 13 13 14 22 11 20 7 13 13 2 7 4 9 14 14 2 4 4 31 10 8 3
split_gain=0.00146792 0.000393871 0.000386916 0.000233601 0.000181716 0.000958583 0.000919367 0.000201531 0.00023912 0.000881401 0.000179386 0.000170127 0.000147743 0.000186642 0.000223585 0.000310654 0.00301698 0.003179 0.000225604 0.000242222 0.000156085 0.00160399 0.000143703 0.000701618 0.000130515 0.00012851 0.000127536 0.000151228 0.000810828 0.000124371
threshold=0.003103846800513566 0.0010534552275203171 0.0097855902276933211 12.590400218963625 0.065585054457187666 1.8931820988655093 1.8511338829994204 0.012724999804049732 -0.011774316895753143 -0.0082554472610354406 -0.007454739185050129 0.0048173496033996352 0.38791465759277349 0.013545269146561624 0.71353000402450573 -0.01072654267773032 -0.012415734119713305 0.0041921925731003293 0.10638000071048738 1.8511338829994204 1.4482518434524538 0.0011584780295379462 0.012027565389871599 0.0017513238708488645 1.2416617870330813 1.4881951808929446 0.0074547547847032556 9.6022253036499041 0.0025537790497764949 0.010835845023393633
decision_type=2 2 2 2 2 2 2 2 2 2 2 2 2 2 2 2 2 2 2 2 2 2 2 2 2 2 2 2 2 2
left_child=1 -1 3 11 7 25 -7 8 -4 -10 -3 12 13 -2 18 16 24 -18 19 20 -15 -22 26 -24 -16 -6 -12 -28 -29 -14
right_child=2 10 4 -5 5 6 -8 -9 9 -11 22 -13 29 14 15 -17 17 -19 -20 -21 21 -23 23 -25 -26 -27 27 28 -30 -31
leaf_value=-5.8938273713225591e-06 4.759406149050998e-06 1.1326010209417631e-05 -4.7981515854189639e-05 -3.2996696819695643e-06 3.6021812696236702e-05 0.00043472818675405921 1.7506842192707827e-05 1.6335534544941668e-05 0.00039296957568564852 5.2297456171239757e-05 -2.6912261803292305e-06 2.0653372983446663e-05 1.6815772226583319e-06 1.578078098145822e-05 -2.0028567160918509e-05 1.994294688485917e-05 3.0924019051781214e-05 0.00073570670872413757 1.896424856662443e-06 0.00015972157385476748 1.9228644821319662e-07 0.00037972105563202413 0.00030615990155118719 1.2931997852190757e-05 0.00011112878485922313 -8.5964812751626599e-05 2.2412839310242365e-06 2.8961955128220786e-06 0.0003492349624502822 9.6141794017512439e-05
leaf_weight=55274 8673 3335 40 4404 215 31 23 1369 21 198 34323 2850 7947 5878 196 745 32 32 3377 30 178 33 21 714 21 24 16272 109 20 35
leaf_count=55274 8673 3335 40 4404 215 31 23 1369 21 198 34323 2850 7947 5878 196 745 32 32 3377 30 178 33 21 714 21 24 16272 109 20 35
internal_value=-3.87474e-08 -2.91584e-06 8.67263e-06 7.45419e-06 3.05112e-05 6.67603e-05 0.000257023 2.39873e-05 6.44324e-05 8.49646e-05 8.82332e-08 9.03144e-06 7.81267e-06 1.019e-05 1.46662e-05 3.68399e-05 8.1638e-05 0.000383315 1.22705e-05 1.79958e-05 1.72975e-05 5.95499e-05 -6.40075e-07 2.13099e-05 -7.33592e-06 2.37721e-05 -9.58134e-07 2.66877e-06 5.65921e-05 2.09577e-06
internal_weight=146420 110068 36352 34431 1921 293 54 1628 259 219 54794 30027 27177 19195 10522 1026 281 64 9496 6119 6089 211 51459 735 217 239 50724 16401 129 7982
internal_count=146420 110068 36352 34431 1921 293 54 1628 259 219 54794 30027 27177 19195 10522 1026 281 64 9496 6119 6089 211 51459 735 217 239 50724 16401 129 7982
is_linear=0
shrinkage=0.05


Tree=51
num_leaves=31
num_cat=0
split_feature=8 7 7 0 19 11 24 7 7 31 7 15 9 24 2 8 9 7 31 2 11 14 7 11 24 7 7 8 13 11
split_gain=0.00132479 0.000372934 0.000342763 0.000283233 0.000259662 0.000633859 0.00153099 0.000461978 0.000220454 0.000160764 0.000248079 0.000792969 0.00220785 0.00435308 0.00164203 0.00255926 0.000175721 0.000155347 0.000733049 0.00257977 0.000144114 0.000137265 0.000134958 0.000134136 0.000325341 0.000227306 0.000155185 0.000742682 0.0013738 0.000253423
threshold=0.003103846800513566 0.001160999992862344 0.51249998807907116 0.0078010566066950568 -0.065453670918941484 1.1879371404647829 -0.32815584540367121 0.8725000023841859 12.590400218963625 0.039556827396154411 0.30982999503612524 0.0082723526284098643 1.0941107869148257 0.36680321395397192 0.0018592488486319783 0.0019007727387361231 1.0718541145324709 0.0019209999591112139 -0.29518555104732508 0.0028138406341895465 0.68826499581336986 -0.0025944133521988984 0.20689999312162402 0.95695897936820995 0.63465577363967907 18.991300582885746 0.012724999804049732 0.0054692632984370002 -0.0026032823370769616 0.76614665985107433
decision_type=2 2 2 2 2 2 2 2 2 2 2 2 2 2 2 2 2 2 2 2 2 2 2 2 2 2 2 2 2 2
left_child=1 -1 9 8 5 7 -7 20 -2 17 -11 -12 14 -14 15 -13 -16 18 19 -3 22 -4 -5 25 -25 26 27 28 -6 -29
right_child=3 2 21 4 23 6 -8 -9 -10 10 11 12 13 -15 16 -17 -18 -19 -20 -21 -22 -23 -24 24 -26 -27 -28 29 -30 -31
leaf_value=-6.5234876932352308e-06 8.6592465105438244e-06 2.5240035243509089e-05 3.2056346350487292e-06 2.0508373266768535e-05 0.00054661027935253524 0.00053266366490076862 7.5269171169825969e-06 0.00023200497222138373 -3.218443130434607e-06 4.623099539720587e-06 8.1790992995319632e-06 -2.4407768507998025e-05 0.00096746264766807151 -1.3710037287987338e-05 -3.3539050738985074e-06 0.00074895386578035074 0.00014971291850088167 2.8086990461329619e-07 1.742749398864847e-06 0.00065710290960851135 -5.8837059142841211e-05 -5.1360446899136286e-06 0.00015692297103669264 -4.9631463470076492e-05 0.00012962377287597824 0.00015041097533813788 1.2776793089492973e-05 8.0838360302593056e-06 -3.2417083227864208e-05 0.00018492535269946201
leaf_weight=41329 29536 84 5868 194 20 23 35 27 4502 7432 1531 23 20 26 300 20 20 21950 538 20 53 30907 20 162 30 34 1417 256 21 22
leaf_count=41329 29536 84 5868 194 20 23 35 27 4502 7432 1531 23 20 26 300 20 20 21950 538 20 53 30907 20 162 30 34 1417 256 21 22
internal_value=-3.681e-08 -2.77005e-06 -5.13311e-07 8.239e-06 2.51659e-05 6.4709e-05 0.000215771 3.49077e-05 7.08826e-06 3.27383e-06 8.77931e-06 2.47014e-05 8.65491e-05 0.000412887 4.5195e-05 0.000335295 6.21277e-06 9.89948e-07 2.52334e-05 0.000146752 1.49765e-05 -3.80501e-06 3.32574e-05 1.80715e-05 -2.16228e-05 2.23774e-05 1.98698e-05 5.1377e-05 0.000250035 2.20785e-05
internal_weight=146420 110068 68739 36352 2314 352 58 294 34038 31964 9372 1940 409 46 363 43 320 22592 642 104 267 36775 214 1962 192 1770 1736 319 41 278
internal_count=146420 110068 68739 36352 2314 352 58 294 34038 31964 9372 1940 409 46 363 43 320 22592 642 104 267 36775 214 1962 192 1770 1736 319 41 278
is_linear=0
shrinkage=0.05


Tree=52
num_leaves=31
num_cat=0
split_feature=8 14 21 6 7 22 2 8 24 7 3 13 5 24 11 9 11 19 8 3 13 7 3 14 1 7 13 3 13 2
split_gain=0.00119563 0.000349385 0.000332877 0.000220287 0.000262538 0.00019941 0.000160151 0.000330322 0.000257565 0.00140895 0.000506198 0.000392475 0.000280587 0.000159289 0.000535349 0.00331481 0.000145222 0.000142627 0.00015292 0.000602047 0.000123512 0.000116687 9.74466e-05 0.000148587 9.66188e-05 0.000697308 0.00135932 9.48917e-05 9.35464e-05 9.14625e-05
threshold=0.003103846800513566 -0.0034967848332598801 0.0089868665672838705 0.00092607142869383108 6.9556999206542978 0.0017515019280835988 0.006454265909269453 0.0059878868050873288 -0.34919714927673334 0.8725000023841859 0.008811799809336664 -0.011205674614757298 1.7661967873573305 0.49844719469547277 -0.65734672546386708 0.86230093240737926 -0.0095086074434220774 -0.013326271902769802 0.0067460516002029189 0.0038737453287467365 0.007440361427143217 0.011790000367909672 0.010835845023393633 0.0042905923910439023 0.0034590674331411724 0.0019209999591112139 -0.0020811897702515121 0.0076052600052207717 0.017465404234826568 0.0031155165052041416
decision_type=2 2 2 2 2 2 2 2 2 2 2 2 2 2 2 2 2 2 2 2 2 2 2 2 2 2 2 2 2 2
left_child=1 24 5 -3 13 16 -4 -8 9 10 12 -12 -9 27 15 -15 17 18 29 -20 -10 -22 -18 -24 -1 26 -26 -5 -19 -2
right_child=2 3 6 4 -6 -7 7 8 20 -11 11 -13 -14 14 -16 -17 22 28 19 -21 21 -23 23 -25 25 -27 -28 -29 -30 -31
leaf_value=3.8780388974446914e-06 2.3422580785244754e-05 -6.5763126476659821e-06 1.6521367394258313e-05 2.5620602754602182e-07 -5.7557224358989035e-06 1.1485818896139208e-05 0.00021586072061499756 2.6492125200280393e-05 3.7529222209655284e-06 0.00040979658016771409 0.00029487129539540127 2.5753665795491542e-07 -0.00014774215806807791 -4.3533620399387706e-06 6.3983531697832398e-06 0.00051899692211795684 -2.0638836512094811e-07 3.1385841886493009e-06 0.00030024062408219007 2.8771291057310329e-05 0.00015942995034327564 3.8896697803080396e-05 0.00017471978439061788 -1.3583568687119458e-05 0.00049728664133164621 9.1064555301424585e-06 -2.3914322245500759e-05 -6.4315879436642782e-05 -3.1015010957822981e-05 7.6073053282862055e-06
leaf_weight=12870 1244 39208 1549 31066 23599 12821 27 68 359 29 26 20 35 166 2346 37 12220 3693 22 285 22 230 20 22 22 668 29 57 212 3448
leaf_count=12870 1244 39208 1549 31066 23599 12821 27 68 359 29 26 20 35 166 2346 37 12220 3693 22 285 22 230 20 22 22 668 29 57 212 3448
internal_value=-3.49695e-08 -2.63155e-06 7.82705e-06 -3.68877e-06 -1.71195e-06 6.56491e-06 2.5965e-05 4.38917e-05 3.80068e-05 9.09348e-05 2.88745e-05 0.000166778 -3.27137e-05 1.12212e-06 1.31388e-05 9.10356e-05 3.58414e-06 8.44434e-06 1.40374e-05 4.82251e-05 2.25876e-05 4.94194e-05 5.49251e-08 7.60847e-05 4.87455e-06 2.2712e-05 0.000200917 1.37946e-07 1.28441e-06 1.18004e-05
internal_weight=146420 110068 36352 96479 57271 33987 2365 816 789 178 149 46 103 33672 2549 203 21166 8904 4999 307 611 252 12262 42 13589 719 51 31123 3905 4692
internal_count=146420 110068 36352 96479 57271 33987 2365 816 789 178 149 46 103 33672 2549 203 21166 8904 4999 307 611 252 12262 42 13589 719 51 31123 3905 4692
is_linear=0
shrinkage=0.05


Tree=53
num_leaves=31
num_cat=0
split_feature=0 21 22 14 2 10 13 4 6 7 7 7 4 6 24 2 14 7 31 4 6 4 2 6 7 10 13 20 31 20
split_gain=0.00105252 0.00042425 0.000258209 0.000218417 0.000179536 0.000270567 0.00110754 0.00132262 0.000234922 0.000135037 0.000118173 0.000107114 0.000104484 9.591e-05 0.000172289 0.00121435 9.18539e-05 0.00021478 0.00153649 0.000123169 0.000442972 0.000117833 0.00110836 0.000101125 0.000142707 0.000157917 0.000420855 0.000120343 0.000102832 0.000132286
threshold=0.0017192599480040374 0.0078468536958098429 0.0029552330961450939 -0.0025944133521988984 0.006454265909269453 2.4190672636032109 -0.010270791128277777 1.3013297915458681 0.014307142700999977 0.0044810001272708186 185.16600036621097 0.0016469999682158234 1.6240984797477724 0.14132142812013629 0.49844719469547277 0.0022582474630326037 -0.0028156670741736885 0.0019209999591112139 -0.27269892394542689 1.9237755537033083 0.14132142812013629 0.37133482098579412 0.0051881887484341868 0.021464286372065548 0.10638000071048738 9.6022253036499041 0.006935209035873414 0.011802849359810354 -0.084650095552206026 0.025906809605658058
decision_type=2 2 2 2 2 2 2 2 2 2 2 2 2 2 2 2 2 2 2 2 2 2 2 2 2 2 2 2 2 2
left_child=3 2 10 -1 -3 9 7 -7 -8 -6 11 -2 -10 -4 -15 -16 17 18 -13 -19 -21 22 -18 -23 -25 28 27 -27 -26 -30
right_child=1 4 13 -5 5 6 8 -9 12 -11 -12 16 -14 14 15 -17 21 19 -20 20 -22 23 -24 24 25 26 -28 -29 29 -31
leaf_value=2.9054155000880822e-06 -8.0359171004144162e-06 1.4813706153015978e-05 1.5003544115751796e-05 -4.6964490150322432e-06 -9.7891073996996574e-05 2.830008311495756e-05 0.00013669688168222146 0.00052354266398262029 2.2250663755199887e-05 3.0657758785528152e-05 -7.7812417105671741e-06 0.00043983462965115907 -8.0931802767736374e-05 3.3567220335780947e-06 0.00041987789974882615 1.2790269953943232e-05 0.00034441988329770261 5.8010148566073884e-06 -1.914317748618156e-05 0.00027175949733646124 -5.2980509065229735e-07 -4.53847219353734e-06 -6.5299115271002031e-06 1.055657699820418e-05 -2.9148546820638764e-06 -1.2618953868442015e-05 0.00024494528055735523 0.00012354727940646625 2.8426469056491181e-06 2.6708647342195296e-05
leaf_weight=10860 2134 2549 6068 72725 21 26 31 28 59 752 2744 23 42 4538 20 218 26 14394 88 20 59 5516 167 4917 9788 86 24 20 7850 627
leaf_count=10860 2134 2549 6068 72725 21 26 31 28 59 752 2744 23 42 4538 20 218 26 14394 88 20 59 5516 167 4917 9788 86 24 20 7850 627
internal_value=-3.3221e-08 4.85609e-06 3.85705e-06 -3.70876e-06 2.17518e-05 4.01931e-05 9.43347e-05 0.000285093 1.62974e-05 2.71655e-05 2.29703e-06 2.90165e-06 -2.06569e-05 1.08318e-05 5.53154e-06 4.69993e-05 3.43693e-06 6.67412e-06 7.59603e-05 6.14273e-06 6.84042e-05 1.81013e-06 4.07483e-05 1.54944e-06 2.98994e-06 9.67377e-07 5.588e-05 1.30728e-05 5.7654e-07 4.60789e-06
internal_weight=146420 62835 59327 83585 3508 959 186 54 132 773 48483 45739 101 10844 4776 238 43605 14584 111 14473 79 29021 193 28828 23312 18395 130 106 18265 8477
internal_count=146420 62835 59327 83585 3508 959 186 54 132 773 48483 45739 101 10844 4776 238 43605 14584 111 14473 79 29021 193 28828 23312 18395 130 106 18265 8477
is_linear=0
shrinkage=0.05


Tree=54
num_leaves=31
num_cat=0
split_feature=8 7 21 7 7 31 2 10 13 4 7 11 20 7 13 13 2 2 7 5 9 31 2 4 5 8 7 4 19 15
split_gain=0.000991179 0.000286253 0.000272498 0.000270535 0.000177875 0.000164106 0.000163907 0.000243648 0.000999551 0.00119366 0.00019908 0.00013909 0.000199833 0.000195448 0.000326604 0.00229628 0.00254985 0.00752407 0.000222079 0.00017064 0.00131062 0.000241106 0.000205775 0.000162876 0.000447844 0.000149627 0.000149491 0.000156817 0.000131263 0.000129681
threshold=0.003103846800513566 0.001160999992862344 0.0078468536958098429 6.0351998805999765 12.590400218963625 0.063386842608451857 0.006454265909269453 2.4190672636032109 -0.010270791128277777 1.3013297915458681 0.011790000367909672 0.46461759507656103 0.013545269146561624 0.71353000402450573 -0.013132556807249783 -0.01072654267773032 0.004095350159332157 0.0046654886100441226 0.10638000071048738 0.74827146530151378 1.272016763687134 -0.44269010424613947 0.0029848604463040833 1.8511338829994204 1.5023021101951601 0.011961323674768211 0.076570000499486937 1.0867822170257571 -0.040937157347798341 -0.030237233266234394
decision_type=2 2 2 2 2 2 2 2 2 2 2 2 2 2 2 2 2 2 2 2 2 2 2 2 2 2 2 2 2 2
left_child=1 -1 4 5 11 -3 -4 -8 9 -9 -10 12 -2 18 -15 16 -16 -18 19 20 21 22 -14 -21 -25 -20 -23 28 29 -28
right_child=2 3 6 -5 -6 -7 7 8 10 -11 -12 -13 13 14 15 -17 17 -19 25 23 -22 26 -24 24 -26 -27 27 -29 -30 -31
leaf_value=-5.6841628837431976e-06 3.8547747829416069e-06 3.9093274064551725e-07 1.3680110822450974e-05 -4.1456549849321743e-06 -3.8534561268808651e-06 7.7916675409381117e-06 2.5893558729612484e-05 2.6885078610715794e-05 0.00011575483968044864 0.00049736552978824229 -2.2119588651510944e-05 1.1146722221574945e-06 0.00024997760290716546 -2.1822426455527557e-05 4.4561516105935809e-05 1.9177850138868451e-05 0.0012725389357365203 -6.7430126347806603e-05 1.0222653464527158e-06 1.2123546035062521e-05 0.00043420751346275212 1.2686111004985382e-05 6.4394168868016948e-05 0.00028219859717864892 -4.4714099600572479e-05 0.00012137593422756675 -1.2141587283167611e-05 0.00015634775580413893 1.625362327048239e-05 0.00013728108600466753
leaf_weight=41329 9780 30286 2326 28501 4199 9952 775 26 36 28 96 7155 20 212 51 773 20 22 3825 5551 20 1033 59 20 22 26 20 33 171 53
leaf_count=41329 9780 30286 2326 28501 4199 9952 775 26 36 28 96 7155 20 212 51 773 20 22 3825 5551 20 1033 59 20 22 26 20 33 171 53
internal_value=-3.156e-08 -2.39573e-06 7.12678e-06 -4.18581e-07 5.76187e-06 2.22134e-06 2.08568e-05 3.82273e-05 8.9618e-05 0.000270838 1.54825e-05 7.16057e-06 9.15303e-06 1.34961e-05 3.38016e-05 4.74185e-05 0.00028215 0.00057065 1.14792e-05 1.67834e-05 3.23347e-05 2.65482e-05 0.000111377 1.28657e-05 0.000110959 1.83483e-06 2.14326e-05 5.40502e-05 4.02149e-05 9.63434e-05
internal_weight=146420 110068 36352 68739 33065 40238 3287 961 186 54 132 28866 21711 11931 1078 866 93 42 10853 7002 1409 1389 79 5593 42 3851 1310 277 244 73
internal_count=146420 110068 36352 68739 33065 40238 3287 961 186 54 132 28866 21711 11931 1078 866 93 42 10853 7002 1409 1389 79 5593 42 3851 1310 277 244 73
is_linear=0
shrinkage=0.05


Tree=55
num_leaves=31
num_cat=0
split_feature=8 6 7 3 10 11 7 7 11 7 14 11 7 7 31 10 13 7 31 2 31 11 6 13 11 2 7 13 5 9
split_gain=0.0009707 0.000283178 0.000251437 0.000228046 0.000382271 0.000181841 0.000171215 0.000163687 0.000181519 0.000400346 0.000170989 0.000531038 0.000159817 0.000171323 0.000146503 0.00025069 0.00139046 0.000169757 0.000919188 0.00142903 0.00013894 0.000111768 0.000272795 0.000733355 0.00247525 0.0064823 0.000170947 0.000189227 0.000167029 0.000139575
threshold=0.0032057889038696889 0.0012575000291690233 6.0351998805999765 0.0062471975106745967 12.07653856277466 -0.90422269701957692 0.0040909999515861281 0.49641999602317816 1.3298021554946902 0.061569999903440482 -0.025736530311405655 0.88209289312362682 12.590400218963625 0.0019209999591112139 0.039556827396154411 9.6022253036499041 0.0044841074850410232 0.0019209999591112139 -0.30186533927917475 0.0028138406341895465 0.12770915776491168 0.47410908341407781 0.6528928577899934 -0.01072654267773032 -0.30453209578990931 0.0044747479259967813 0.10638000071048738 -0.00050717947306111444 0.79227474331855785 1.3924594521522524
decision_type=2 2 2 2 2 2 2 2 2 2 2 2 2 2 2 2 2 2 2 2 2 2 2 2 2 2 2 2 2 2
left_child=1 -1 14 12 5 -5 -7 8 20 -10 11 -9 13 -2 17 -16 -17 18 19 -3 -8 22 26 24 25 -24 27 29 -26 -15
right_child=3 2 -4 4 -6 6 7 10 9 -11 -12 -13 -14 21 15 16 -18 -19 -20 -21 -22 -23 23 -25 28 -27 -28 -29 -30 -31
leaf_value=-5.4431099589342455e-06 -2.5564892794941208e-05 4.6986116401306143e-05 -3.8301081937087916e-06 0.00016163670899748634 0.00021083604255041932 -8.9543322822716644e-05 2.700336058377876e-05 -7.157135611263444e-05 0.00027372786998571626 5.1910955179274823e-06 -1.1261337205005795e-05 0.00025458462987444365 -2.9414912647065311e-06 1.5259483646257708e-05 6.1809389935296885e-06 4.5844975963675666e-06 0.00045946180744181218 -1.1043719040230444e-07 2.6347132071052249e-06 0.00055671463120233967 -6.2845288698429961e-06 2.4574127285502872e-06 0.00082662928660136303 1.5354565234336284e-05 0.00012161461563664488 -2.0367276054708657e-05 2.576089278369466e-07 4.6255426559063501e-06 -1.3594889030676488e-05 4.4444930839049202e-05
leaf_weight=41694 385 44 28972 22 26 37 2184 26 23 35 599 24 4209 5157 11746 105 20 29508 413 20 366 6687 37 2437 26 58 5426 5678 188 445
leaf_count=41694 385 44 28972 22 26 37 2184 26 23 35 599 24 4209 5157 11746 105 20 29508 413 20 366 6687 37 2437 26 58 5426 5678 188 445
internal_value=6.51064e-08 -2.17387e-06 -2.49378e-07 7.45862e-06 1.98626e-05 1.83653e-05 1.74084e-05 1.86234e-05 2.4215e-05 0.00011168 -3.84648e-06 8.49835e-05 6.10977e-06 7.54608e-06 2.22914e-06 6.9305e-06 7.73649e-05 3.67885e-07 2.99577e-05 0.000206276 2.22256e-05 8.03377e-06 9.95075e-06 2.45554e-05 9.71201e-05 0.000309516 7.55015e-06 1.10581e-05 2.83243e-06 1.75779e-05
internal_weight=146597 112522 70828 34075 3342 3316 3294 3257 2608 58 649 50 30733 26524 41856 11871 125 29985 477 64 2550 26139 19452 2746 309 95 16706 11280 214 5602
internal_count=146597 112522 70828 34075 3342 3316 3294 3257 2608 58 649 50 30733 26524 41856 11871 125 29985 477 64 2550 26139 19452 2746 309 95 16706 11280 214 5602
is_linear=0
shrinkage=0.05


Tree=56
num_leaves=31
num_cat=0
split_feature=8 7 7 22 1 4 11 3 7 31 3 7 8 31 1 9 3 15 3 11 20 17 14 2 24 11 9 24 2 4
split_gain=0.000876056 0.000254993 0.000224739 0.000216722 0.000166629 0.000332632 0.000972148 0.000148281 0.000140851 0.000134636 0.00013316 0.000123367 0.000120114 0.00016778 0.000129198 0.000117653 0.000214123 0.000115877 0.000679912 0.00418704 0.00476579 0.000111261 9.95145e-05 0.000145207 9.92726e-05 9.79663e-05 0.000361332 0.000158676 0.000130347 0.000254254
threshold=0.0032057889038696889 0.001160999992862344 6.0351998805999765 0.0019331962103024127 0.011054331436753275 1.6425615549087527 0.83977848291397106 0.0076052600052207717 0.0019209999591112139 0.063386842608451857 0.0021968729561194782 12.590400218963625 0.0084767988882958906 0.37729109823703771 0.011054331436753275 1.7004178762435915 0.010835845023393633 0.0082723526284098643 0.0023291353136301045 -0.59987869858741749 0.0054418521467596301 1.0000000180025095e-35 0.012755512259900572 0.0020618665730580692 -0.14712763577699658 -0.17697338014841077 1.3827473521232607 -0.55267187952995289 0.0047369687817990789 0.4921067506074906
decision_type=2 2 2 2 2 2 2 2 2 2 2 2 2 2 2 2 2 2 2 2 2 2 2 2 2 2 2 2 2 2
left_child=1 -1 7 8 -5 24 -7 9 10 22 -2 12 14 15 -10 -14 -17 -11 19 -19 -21 25 -3 -24 -6 26 27 -13 -29 -30
right_child=3 2 -4 4 5 6 -8 -9 11 17 -12 21 13 -15 -16 16 -18 18 -20 20 -22 -23 23 -25 -26 -27 -28 28 29 -31
leaf_value=-5.1840720071459394e-06 2.9003591308977338e-06 2.7075050807269613e-07 -3.6386027732363912e-06 1.1459655970341432e-05 -2.2671926739201089e-05 -5.8356253565613962e-06 0.00037273958847176152 -6.4282897420482536e-05 5.7381759302851868e-06 4.7600828893693356e-06 -5.8184934747259831e-05 8.5746362510227784e-05 3.2153191833434339e-05 0.00015268116531660781 -0.00011035575759403099 -3.294806445793304e-05 0.00011856660023989174 0.00077808246901440732 1.1765841410273426e-08 -1.9942594765816381e-06 0.0006830202954477972 -0.00011515483313566868 0.00015698024896664722 1.8632546399062166e-05 4.3584854679603737e-05 -7.5454248494582783e-06 0.00021978116240802594 -3.6666036575215307e-06 0.000213365170866382 1.9284485571381118e-05
leaf_weight=41414 182 31174 28972 11891 86 43 28 84 16403 8728 175 59 601 25 24 171 27 20 1290 426 27 22 20 367 165 2911 20 1114 20 108
leaf_count=41414 182 31174 28972 11891 86 43 28 84 16403 8728 175 59 601 25 24 171 27 20 1290 426 27 22 20 367 165 2911 20 1114 20 108
internal_value=6.18511e-08 -2.06517e-06 -2.48698e-07 7.08569e-06 1.24207e-05 4.79115e-05 0.000143462 2.08214e-06 4.10532e-06 2.21471e-06 -2.70434e-05 4.62241e-06 6.50299e-06 2.51314e-05 5.56856e-06 2.11405e-05 -1.2287e-05 7.1218e-06 1.88139e-05 7.00923e-05 3.88344e-05 -3.00377e-06 5.83572e-07 2.57823e-05 2.08833e-05 -2.42076e-06 8.87213e-06 5.62987e-06 1.82402e-06 4.96096e-05
internal_weight=146597 112522 71108 34075 12213 322 71 42136 21862 42052 357 21505 17251 824 16427 799 198 10491 1763 473 453 4254 31561 387 251 4232 1321 1301 1242 128
internal_count=146597 112522 71108 34075 12213 322 71 42136 21862 42052 357 21505 17251 824 16427 799 198 10491 1763 473 453 4254 31561 387 251 4232 1321 1301 1242 128
is_linear=0
shrinkage=0.05


Tree=57
num_leaves=31
num_cat=0
split_feature=8 6 7 7 8 4 13 7 6 5 6 11 31 31 10 13 7 31 8 1 21 7 11 6 13 13 2 2 1 2
split_gain=0.000790641 0.00023092 0.000204925 0.000183218 0.000183247 0.00032609 0.00143309 0.000204774 0.000217237 0.000178596 0.000144998 0.00014014 0.000134343 0.000120288 0.000219757 0.00122827 0.000153109 0.000829744 0.00131381 0.000112835 9.71626e-05 9.39163e-05 9.03518e-05 0.000166027 0.000598674 0.00199177 0.00349966 0.00804218 0.000179286 0.00093231
threshold=0.0032057889038696889 0.0012575000291690233 6.0351998805999765 12.590400218963625 0.0084767988882958906 1.6625383496284487 -0.012415734119713305 0.007092999992892147 0.013128571677953007 0.68957054615020763 0.0023096428485587244 0.70295673608779918 0.27212996780872351 0.039556827396154411 9.6022253036499041 0.0044841074850410232 0.0019209999591112139 -0.30186533927917475 0.0025537790497764949 0.011054331436753275 0.0013012546114623549 0.00053509999997913848 0.39593863487243658 0.6528928577899934 -0.01072654267773032 -0.013132556807249783 0.0045371144078671941 0.0041921925731003293 0.0065872669219970712 0.0053082057274878034
decision_type=2 2 2 2 2 2 2 2 2 2 2 2 2 2 2 2 2 2 2 2 2 2 2 2 2 2 2 2 2 2
left_child=1 -1 13 4 10 7 -7 -6 9 -9 21 -10 -13 16 -15 -16 17 18 -3 -5 -4 -2 23 28 25 -25 27 -27 -12 -30
right_child=3 2 20 19 5 6 -8 8 11 -11 22 12 -14 14 15 -17 -18 -19 -20 -21 -22 -23 -24 24 -26 26 -28 -29 29 -31
leaf_value=-4.9141296758587638e-06 7.6581519930517643e-05 8.5610779167741136e-06 -6.0932984284422253e-06 -2.1472426616310493e-06 -3.3830708111097576e-05 0.00039621225530995179 -9.2959126478115881e-07 0.00015372389154701222 2.7383346045904705e-05 4.6221122856234555e-05 6.2838039090641589e-06 -1.9046533612284781e-05 0.0001059594509411988 5.5717398817763731e-06 3.8154385120086388e-06 0.00043134052039022213 -1.2727816110039959e-07 2.4689051928115816e-06 0.00046982347999941203 -9.2287746883812371e-05 -2.7678115740700551e-07 -2.9887068090459452e-05 3.0980640583259771e-06 -1.3726731074071647e-05 1.2323659075577524e-05 9.1476673827482733e-05 -1.7316560632617253e-05 0.0013051184016928477 0.00019283193778161909 1.4117171214854915e-05
leaf_weight=41694 22 38 15839 4297 168 31 85 48 755 198 16040 328 23 11746 105 20 29508 413 26 35 13133 354 7945 196 2391 39 63 21 79 957
leaf_count=41694 22 38 15839 4297 168 31 85 48 755 198 16040 328 23 11746 105 20 29508 413 26 35 13133 354 7945 196 2391 39 63 21 79 957
internal_value=5.87585e-08 -1.96192e-06 -2.24049e-07 6.7314e-06 8.13063e-06 2.43978e-05 0.000105203 1.82311e-05 2.47003e-05 6.71973e-05 7.18378e-06 1.52479e-05 -1.08553e-05 2.01352e-06 6.27353e-06 7.22195e-05 3.26986e-07 2.84285e-05 0.000195949 -2.87552e-06 -3.45667e-06 -2.36575e-05 7.60195e-06 9.41047e-06 2.09076e-05 8.52467e-05 0.00024296 0.000516251 7.58586e-06 2.7745e-05
internal_weight=146597 112522 70828 34075 29743 1636 116 1520 1352 246 28107 1106 351 41856 11871 125 29985 477 64 4332 28972 376 27731 19786 2710 319 123 60 17076 1036
internal_count=146597 112522 70828 34075 29743 1636 116 1520 1352 246 28107 1106 351 41856 11871 125 29985 477 64 4332 28972 376 27731 19786 2710 319 123 60 17076 1036
is_linear=0
shrinkage=0.05


Tree=58
num_leaves=31
num_cat=0
split_feature=22 6 21 1 2 15 5 21 1 20 6 31 9 20 7 4 9 20 11 13 9 9 2 14 21 22 7 5 6 15
split_gain=0.000696772 0.000291219 0.000216905 0.000199013 0.000695741 0.00141176 0.000234833 0.000147251 0.000129236 0.000434083 0.00103358 0.000177901 0.000133997 0.000112878 0.000122811 0.000134358 0.00137644 0.000107594 0.000220472 0.000102075 9.18213e-05 0.00011632 0.000116779 0.000217181 9.15312e-05 0.000100155 0.000143147 9.89967e-05 0.000117728 0.000615822
threshold=0.00068448216188699018 0.13296428322792056 0.0018357773660682144 0.0065872669219970712 0.0053082057274878034 -0.0071366981137543908 0.71818926930427562 0.0023740988690406088 0.011054331436753275 0.065585054457187666 1.2003571391105654 -0.08009768649935721 1.3399129509925845 0.016852852888405326 0.10638000071048738 0.38138604164123541 1.3319772481918337 0.00011640316733974033 0.82078462839126598 -0.014692322816699742 0.72614407539367687 1.0445641875267031 0.0067695660982280978 -0.009200247470289467 0.016275134868919853 0.0086814290843904036 0.0052010000217705974 0.92762750387191784 0.0019750000210478906 -0.015507197938859461
decision_type=2 2 2 2 2 2 2 2 2 2 2 2 2 2 2 2 2 2 2 2 2 2 2 2 2 2 2 2 2 2
left_child=2 3 -1 13 5 -5 7 -6 19 12 11 -11 -10 -2 15 16 -15 18 -8 -3 -19 22 23 -22 25 27 -27 -17 29 -29
right_child=1 8 -4 4 6 -7 17 -9 9 10 -12 -13 -14 14 -16 24 -18 20 -20 -21 21 -23 -24 -25 -26 26 -28 28 -30 -31
leaf_value=-3.6779638520878432e-06 5.0688469777700217e-06 -1.4365578560964723e-05 1.5684819837387498e-06 0.00053643384344468357 0.00020356216233873662 9.3009632564644571e-07 2.9112082786144004e-05 6.0798636355086697e-05 0.0001059299816552084 0.00010211288841414249 0.00044613981486691051 -9.0403807379992772e-05 -3.5172612400779232e-05 1.9386641240960444e-05 -1.1068504970995636e-05 1.9146691292799896e-05 0.00044853887961835429 -4.2694860670439684e-05 0.00021383006413088881 2.168031301583705e-06 0.0001823064331015682 5.4373811137744679e-06 1.8544772575171769e-05 3.5256579072468534e-05 0.00011777043923107808 0.00017500913519060389 3.1557546420785859e-05 0.00029978526161877591 4.6023741415000902e-06 -8.9309789811003222e-06
leaf_weight=73699 10186 968 26888 20 24 32 84 73 20 28 20 21 106 284 479 2829 20 73 20 26209 36 887 226 83 21 22 83 21 3065 70
leaf_count=73699 10186 968 26888 20 24 32 84 73 20 28 20 21 106 284 479 2829 20 73 20 26209 36 887 226 83 21 22 83 21 3065 70
internal_value=5.58206e-08 5.15262e-06 -2.27553e-06 9.97329e-06 2.70802e-05 0.000206893 2.08715e-05 9.61216e-05 1.87015e-06 4.24296e-05 0.000143239 1.96057e-05 -1.27754e-05 8.41284e-06 1.33536e-05 1.51772e-05 4.76203e-05 1.56911e-05 6.46348e-05 1.57913e-06 1.17906e-05 1.5019e-05 3.96535e-05 7.97422e-05 1.35633e-05 1.3204e-05 6.16141e-05 1.23547e-05 6.26635e-06 6.23112e-05
internal_weight=146597 46010 100587 18638 1558 52 1506 97 27372 195 69 49 126 17080 6894 6415 304 1409 104 27177 1305 1232 345 119 6111 6090 105 5985 3156 91
internal_count=146597 46010 100587 18638 1558 52 1506 97 27372 195 69 49 126 17080 6894 6415 304 1409 104 27177 1305 1232 345 119 6111 6090 105 5985 3156 91
is_linear=0
shrinkage=0.05


Tree=59
num_leaves=31
num_cat=0
split_feature=8 6 7 22 1 10 7 31 10 13 7 31 2 6 8 19 5 5 31 6 31 11 19 5 15 11 20 4 20 4
split_gain=0.000667705 0.000194788 0.000176167 0.000174691 0.000130204 0.000311609 0.00011765 0.000108834 0.000220466 0.00113337 0.000122483 0.000750155 0.00121044 0.000103665 0.000109784 0.000202418 0.000171763 0.000226157 0.000294554 0.000395707 0.000777852 0.00167047 0.000338978 0.000163523 0.000158029 9.93805e-05 0.00011085 0.000107206 0.000178351 9.93715e-05
threshold=0.0032057889038696889 0.0012575000291690233 6.0351998805999765 0.0019331962103024127 0.011054331436753275 7.1996331214904794 0.0019209999591112139 0.063386842608451857 9.6022253036499041 0.0040416282135993251 0.0019209999591112139 -0.30186533927917475 0.0028138406341895465 0.093250002712011351 0.0051681019831448802 -0.01857085712254047 0.73521566390991222 1.0523509383201601 -0.22682406753301618 0.015860714949667457 -0.051139956340193742 -0.01915725506842136 -0.028714094310998913 0.71113222837448131 -0.03371522203087806 0.71737366914749157 0.011963171884417536 0.98378148674964916 0.065585054457187666 0.54908528923988353
decision_type=2 2 2 2 2 2 2 2 2 2 2 2 2 2 2 2 2 2 2 2 2 2 2 2 2 2 2 2 2 2
left_child=1 -1 7 6 13 -6 -2 10 -9 -10 11 12 -3 14 24 16 23 -18 -19 20 21 -20 -22 -16 -5 26 -8 -27 -29 -28
right_child=3 2 -4 4 5 -7 25 8 9 -11 -12 -13 -14 -15 15 -17 17 18 19 -21 22 -23 -24 -25 -26 27 29 28 -30 -31
leaf_value=-4.5153425709668049e-06 -2.4958817744277719e-05 3.818175377174075e-05 -3.2050166463032059e-06 0.00012896257376269205 2.8705697010088922e-05 0.00021969258470325376 8.1027098688073564e-07 5.5183887395244967e-06 4.2499304508303759e-06 0.0004172672747154138 -1.1026222237794236e-09 1.7321286965079019e-06 0.00050730765637126748 5.7532472957317276e-06 6.8473053530680302e-05 2.0127225374441787e-06 4.7942912416909848e-06 -2.5172183328631827e-06 3.3064441547891045e-05 3.8135400329487476e-05 -6.2163276054075391e-06 0.00065787024511337227 0.00021461240097414704 0.00022271720801654736 9.7532314100997427e-06 -1.1307705489096482e-05 1.9939794808445235e-05 3.9209071554238263e-06 0.00011985175400267884 6.6536557184452149e-06
leaf_weight=41694 357 44 28972 28 299 23 7516 10295 98 20 30933 446 20 6335 122 568 431 153 23 201 57 20 25 20 3908 1996 1671 1368 34 8920
leaf_count=41694 357 44 28972 28 299 23 7516 10295 98 20 30933 446 20 6335 122 568 431 153 23 201 57 20 25 20 3908 1996 1671 1368 34 8920
internal_value=5.30296e-08 -1.80392e-06 -2.07792e-07 6.18501e-06 1.09749e-05 4.23476e-05 3.50921e-06 1.86683e-06 6.29729e-06 7.42529e-05 3.99598e-07 2.47033e-05 0.000184784 1.01253e-05 1.51104e-05 2.60658e-05 3.90526e-05 3.10717e-05 5.4716e-05 8.15769e-05 0.000151431 0.000323672 6.11095e-05 9.01976e-05 1.06013e-05 3.9818e-06 5.45424e-06 -3.86446e-06 6.73235e-06 8.74988e-06
internal_weight=146597 112522 70828 34075 12213 322 21862 41856 10413 118 31443 510 64 11891 5556 1620 1052 910 479 326 125 43 82 142 3936 21505 18107 3398 1402 10591
internal_count=146597 112522 70828 34075 12213 322 21862 41856 10413 118 31443 510 64 11891 5556 1620 1052 910 479 326 125 43 82 142 3936 21505 18107 3398 1402 10591
is_linear=0
shrinkage=0.05


Tree=60
num_leaves=31
num_cat=0
split_feature=8 14 7 6 5 20 31 8 11 14 13 2 13 6 6 11 9 2 9 13 20 6 7 1 8 5 24 9 14 11
split_gain=0.00062863 0.000212481 0.000212341 0.000200932 0.000323533 0.000233453 0.000325798 0.000329801 0.00033566 0.000267386 0.000241089 0.000364567 0.00105132 0.00388092 0.00633772 0.000274681 0.000274502 0.000230242 0.000214475 0.000172358 0.000165002 0.00018797 0.000188544 0.000175575 0.000155085 0.000230827 0.000143133 0.000141832 0.000141459 0.000373347
threshold=0.0030265924287959938 -0.0034088474931195374 0.10638000071048738 0.021464286372065548 1.9923813343048098 0.011963171884417536 -0.44269010424613947 0.0032336609438061719 -0.11767863109707831 -0.00036179703602101648 -0.011774316895753143 0.0048099174164235601 -0.0088488850742578489 0.013128571677953007 0.015860714949667457 0.11725384369492532 1.2167937159538271 0.011092342901974918 1.0654504895210268 -0.00461896345950663 0.042516620829701431 0.097678568214178099 0.094470001757144942 0.0025075860321521763 0.0052612808067351588 0.65533900260925304 -0.71794891357421864 1.959260165691376 0.0078190504573285597 -0.64744529128074635
decision_type=2 2 2 2 2 2 2 2 2 2 2 2 2 2 2 2 2 2 2 2 2 2 2 2 2 2 2 2 2 2
left_child=1 -1 3 5 20 17 7 -7 9 -9 -8 19 13 15 -15 -13 -17 -2 -14 26 -5 22 23 -22 -24 -26 -12 -25 -3 -30
right_child=2 28 -4 4 -6 6 10 8 -10 -11 11 12 18 14 -16 16 -18 -19 -20 -21 21 -23 24 27 25 -27 -28 -29 29 -31
leaf_value=3.8673249264688465e-06 -7.9580501114887491e-06 -3.2180425520765003e-06 1.8593409828930168e-06 1.114718843964828e-05 0.00016819632013828276 0.00025727762407595512 -1.383219879475461e-05 0.00023808911374705052 2.5015686706966439e-06 4.7373807302619755e-05 9.1873540192994251e-05 -6.9787774408356642e-05 3.9155472056847259e-05 0.0011553635552197441 -7.4437149824007075e-05 0.00022391225021155234 -2.6648811197244669e-07 0.00016221901674725813 -1.3470559182279278e-05 1.5937935664298685e-05 0.00017065063296325641 -8.6162409792702521e-06 4.2724931563498105e-06 3.3754248477926144e-05 6.2036436596220792e-05 0.00028369898513040469 -1.0506196259322474e-05 -9.7655438141719939e-05 6.3047665680510912e-05 2.20399595484508e-06
leaf_weight=13375 3199 91818 19842 8434 34 21 1045 34 135 40 35 57 455 22 20 22 36 20 337 1598 23 249 20 924 24 23 1388 21 277 2808
leaf_count=13375 3199 91818 19842 8434 34 21 1045 34 135 40 35 57 455 22 20 22 36 20 337 1598 23 249 20 924 24 23 1388 21 277 2808
internal_value=-8.9816e-08 -2.03269e-06 5.43782e-06 9.33571e-06 1.4228e-05 3.69899e-06 1.02043e-05 6.83936e-05 4.94148e-05 0.000135 7.53562e-06 1.31601e-05 4.01939e-05 0.000158394 0.000569744 8.1615e-06 8.47668e-05 -6.90072e-06 1.67628e-05 4.66792e-06 1.36893e-05 3.03871e-05 3.97706e-05 3.41561e-05 0.000120887 0.00017051 -7.98807e-06 3.0834e-05 -2.8642e-06 7.66711e-06
internal_weight=146336 108278 38058 18216 9752 8464 5245 230 209 74 5015 3970 949 157 42 115 58 3219 792 3021 9718 1284 1035 968 67 47 1423 945 94903 3085
internal_count=146336 108278 38058 18216 9752 8464 5245 230 209 74 5015 3970 949 157 42 115 58 3219 792 3021 9718 1284 1035 968 67 47 1423 945 94903 3085
is_linear=0
shrinkage=0.05


Tree=61
num_leaves=31
num_cat=0
split_feature=0 15 21 21 7 8 11 5 2 15 21 4 15 7 7 8 7 4 13 8 10 21 1 22 5 24 7 0 5 1
split_gain=0.000607674 0.000194158 0.000173215 0.000182766 0.000156425 0.000477837 0.000277687 0.000178136 0.000111392 0.00127255 0.000110652 0.000110624 0.00012598 0.000119779 0.000446118 0.00010324 0.00010507 0.000113137 0.000165397 9.94111e-05 9.89721e-05 9.35296e-05 7.95495e-05 6.95635e-05 9.66152e-05 0.000110266 6.91078e-05 6.62469e-05 6.56207e-05 9.8267e-05
threshold=0.0025809017242863779 -0.004016756545752286 0.01252072583884001 1.0000000180025095e-35 0.030782000161707405 0.0051681019831448802 1.2515221834182741 1.3956861495971682 0.0020618665730580692 0.0092916078865528124 0.0047939138021320113 1.8511338829994204 -0.02771922945976257 0.77309998869895946 1.1257999539375307 0.0084767988882958906 0.030782000161707405 1.3284577727317812 0.0097108660265803354 0.00056472595315426599 0.014937077648937704 0.0031585060060024266 0.0080078514292836207 0.00010894405568251388 1.5168321132659914 -0.26843132078647608 178.0039978027344 0.011686593759804966 1.8931820988655093 0.0063267881050705918
decision_type=2 2 2 2 2 2 2 2 2 2 2 2 2 2 2 2 2 2 2 2 2 2 2 2 2 2 2 2 2 2
left_child=1 21 3 8 5 -4 7 -7 9 -2 28 13 -13 -6 -15 20 17 18 -17 -3 -12 -1 -20 -16 -25 -26 -21 -22 29 -5
right_child=2 19 4 10 11 6 -8 -9 -10 -11 15 12 -14 14 23 16 -18 -19 22 26 27 -23 -24 24 25 -27 -28 -29 -30 -31
leaf_value=9.9724161412201079e-07 1.2430673659266228e-06 -7.3847409290513907e-06 0.00023767607982740915 9.8743350682148649e-07 4.467884006121483e-06 4.4290130637010511e-05 0.00016456277849859666 -4.4620529829777168e-05 1.1025158172047688e-05 0.00042651880406992856 0.00010774023288225483 -0.00013183921710825181 3.1657360902196766e-06 0.00024532415955036413 -6.4639460158234991e-05 1.3600774672340778e-05 7.0734689316547397e-06 0.00011000255179689184 0.00016913695922434832 -2.0150784051545398e-06 6.4937341161420888e-06 1.0533943523860051e-05 6.0545075903443528e-05 -1.1911419509098258e-05 0.00016500766351268598 2.2392832149555696e-05 -8.4374667643731843e-06 -4.5423822896942342e-05 -1.9903793307463183e-05 1.5770510736922931e-05
leaf_weight=15789 146 11456 32 22591 393 180 36 82 6792 20 24 27 48 26 21 250 375 56 26 71838 6848 3071 48 56 23 33 4448 62 356 1183
leaf_count=15789 146 11456 32 22591 393 180 36 82 6792 20 24 27 48 26 21 250 375 56 26 71838 6848 3071 48 56 23 33 4448 62 356 1183
internal_value=-8.53252e-08 -2.05243e-06 5.19221e-06 4.67359e-06 2.62064e-05 5.40704e-05 3.43544e-05 1.64631e-05 1.20142e-05 5.24811e-05 3.06839e-06 1.15411e-05 -4.5436e-05 1.92826e-05 5.59e-05 8.29174e-06 2.58498e-05 4.43791e-05 3.30368e-05 -3.04174e-06 6.37995e-06 2.55012e-06 9.8699e-05 1.88697e-05 3.45277e-05 8.09668e-05 -2.38955e-06 6.0279e-06 1.40397e-06 1.72304e-06
internal_weight=146336 106602 39734 38777 957 330 298 262 6958 166 31819 627 75 552 159 7689 755 380 324 87742 6934 18860 74 133 112 56 76286 6910 24130 23774
internal_count=146336 106602 39734 38777 957 330 298 262 6958 166 31819 627 75 552 159 7689 755 380 324 87742 6934 18860 74 133 112 56 76286 6910 24130 23774
is_linear=0
shrinkage=0.05


Tree=62
num_leaves=31
num_cat=0
split_feature=0 14 21 31 21 8 13 2 8 21 8 6 4 8 10 10 9 14 2 31 15 3 8 2 31 6 6 13 1 2
split_gain=0.000548426 0.000235438 0.000156326 0.000222118 0.000164946 0.000145649 0.00135543 0.000100532 0.00117388 9.9863e-05 9.31739e-05 0.000120155 0.000101703 9.16777e-05 8.93223e-05 8.89158e-05 8.18357e-05 7.22769e-05 7.06133e-05 8.09409e-05 0.000137333 0.000100145 6.90394e-05 0.000163455 0.000142433 6.78859e-05 0.000295161 0.00267661 7.74178e-05 0.000357607
threshold=0.0025809017242863779 -0.0034088474931195374 0.01252072583884001 0.50632777810096752 1.0000000180025095e-35 0.005082975374534727 -0.0072636830154806367 0.0020618665730580692 0.0022218466037884359 0.0047939138021320113 0.0084767988882958906 0.039035715162754066 1.5601777434349062 0.0004922166990581901 0.014937077648937704 9.6022253036499041 1.2315326929092409 -0.015229132026433943 0.0057557823602110156 -0.2547107189893722 -0.0084662390872836096 0.008811799809336664 0.0024372435873374347 0.0014496497460640969 0.014715610537678005 1.2003571391105654 0.97178572416305553 -0.011205674614757298 0.0063267881050705918 0.0051881887484341868
decision_type=2 2 2 2 2 2 2 2 2 2 2 2 2 2 2 2 2 2 2 2 2 2 2 2 2 2 2 2 2 2
left_child=1 16 4 5 7 6 -4 8 -2 25 14 12 18 -3 -11 -7 22 -13 -12 20 -20 -22 -1 24 -24 26 28 -28 -6 -30
right_child=2 13 3 -5 9 15 -8 -9 -10 10 11 17 -14 -15 -16 -17 -18 -19 19 -21 21 -23 23 -25 -26 -27 27 -29 29 -31
leaf_value=2.9980020119213297e-06 -3.4671489556404069e-06 -8.1552966375329684e-06 0.00042879526054920546 0.00016364675185676398 1.0703952868640827e-06 1.6146117185441297e-05 1.1711407813596881e-05 1.0473900277923648e-05 0.00038139448921039893 0.00010235321862334484 -2.1885709117233765e-05 -3.6527179957677921e-05 0.00015195564250007011 -2.3800606453994838e-06 5.7265084687035557e-06 -4.386415431621144e-05 -2.9417266608277984e-06 1.6197396173519003e-05 4.3988054797713025e-06 3.1476345266064594e-05 0.00020213773511516464 5.7695775982817088e-05 2.9110123022359468e-05 1.0252841169395873e-05 0.00020515684448810134 -4.9371192387443381e-06 0.00046109807867261617 -1.5315209914072461e-05 9.7682564324745277e-05 5.0674549122047508e-06
leaf_weight=6203 143 7471 22 28 19104 669 170 6792 23 24 46 90 20 85664 6910 68 3071 234 30 286 28 21 27 4146 20 3661 35 187 116 1027
leaf_count=6203 143 7471 22 28 19104 669 170 6792 23 24 46 90 20 85664 6910 68 3071 234 30 286 28 21 27 4146 20 3661 35 187 116 1027
internal_value=-8.10589e-08 -1.94981e-06 4.9326e-06 2.48961e-05 4.43991e-06 2.07141e-05 5.95023e-05 1.14135e-05 4.98571e-05 2.91497e-06 7.87715e-06 2.45573e-05 4.18516e-05 -2.84333e-06 6.06095e-06 1.06092e-05 4.22959e-06 1.55168e-06 3.64937e-05 4.38511e-05 8.8651e-05 0.000140234 6.34802e-06 1.13039e-05 0.000104024 1.33377e-06 2.45536e-06 5.9795e-05 1.82666e-06 1.44667e-05
internal_weight=146336 106602 39734 957 38777 929 192 6958 166 31819 7689 755 431 93135 6934 737 13467 324 411 365 79 49 10396 4193 47 24130 20469 222 20247 1143
internal_count=146336 106602 39734 957 38777 929 192 6958 166 31819 7689 755 431 93135 6934 737 13467 324 411 365 79 49 10396 4193 47 24130 20469 222 20247 1143
is_linear=0
shrinkage=0.05


Tree=63
num_leaves=31
num_cat=0
split_feature=22 14 14 2 6 15 22 4 24 11 4 6 16 14 4 13 0 13 4 11 24 2 9 15 13 2 6 6 2 24
split_gain=0.000511848 0.000307829 0.00011331 0.00015807 0.00010902 0.000133361 0.000153686 0.000277189 0.000133104 0.000875664 0.00146681 9.94945e-05 9.33326e-05 9.00413e-05 0.000164839 0.000326797 0.000315847 0.000311001 0.000245542 0.000343947 0.000136519 0.000105823 9.43385e-05 8.9533e-05 8.82174e-05 0.000121966 0.000149385 0.000205873 0.00110879 0.000298787
threshold=0.0017515019280835988 -0.0026657992275431748 0.012755512259900572 0.0018403276917524638 0.093250002712011351 -0.03371522203087806 0.0026098411763086919 1.0569965839385989 0.49844719469547277 -0.69237789511680592 1.048300623893738 0.76321429014205944 1.0000000180025095e-35 -0.010893046855926512 1.6240984797477724 -0.012415734119713305 0.0094623286277055758 -0.018753277137875553 1.8511338829994204 0.75029942393302929 -0.079812251031398759 0.0035533962072804575 1.860218942165375 0.02896416932344437 0.00046133073919918394 0.004987256834283472 0.0046464286278933295 0.015860714949667457 0.0053082057274878034 -0.34391558170318598
decision_type=2 2 2 2 2 2 2 2 2 2 2 2 2 2 2 2 2 2 2 2 2 2 2 2 2 2 2 2 2 2
left_child=1 13 -3 -4 5 6 7 -2 -6 10 -10 23 24 14 20 17 18 -16 -17 -20 21 -1 -23 -5 25 -7 -27 28 -28 -30
right_child=4 2 3 11 8 12 -8 -9 9 -11 -12 -13 -14 -15 15 16 -18 -19 19 -21 -22 22 -24 -25 -26 26 27 -29 29 -31
leaf_value=1.5992655994696784e-05 2.5671298226702297e-05 -2.8543230632224451e-06 0.0001485241548107297 6.1417873253622394e-06 2.6777044068761648e-06 1.0013220214782174e-05 2.5951793337629751e-05 0.00025933301099443767 -1.7076945543522013e-05 1.0628000832493485e-05 0.00055740736457664762 -1.071273841238094e-05 6.7862096200084474e-05 2.3846106197873109e-06 3.2401229400420565e-05 2.6849766607923039e-05 -7.8345873106596201e-05 0.0003048276981148361 0.00031162828210653973 2.8116533813653918e-05 0.00013785436984107947 1.7565411650127338e-06 -4.087604334178927e-05 3.2066084004988168e-05 4.4112485339664239e-06 -3.18707783577214e-05 0.00034327449379127238 1.9951959656610511e-05 0.0002068482501351315 1.7801517056760256e-05
leaf_weight=1639 30 96677 20 1155 12873 3805 165 22 25 692 20 567 69 20509 20 178 58 22 20 23 20 1628 141 468 4449 91 33 665 23 229
leaf_count=1639 30 96677 20 1155 12873 3805 165 22 25 692 20 567 69 20509 20 178 58 22 20 23 20 1628 141 468 4449 91 33 665 23 229
internal_value=-7.7006e-08 -1.36027e-06 -2.59842e-06 8.59595e-06 6.73717e-06 1.08231e-05 4.95738e-05 0.000124528 3.86083e-06 2.45262e-05 0.000238249 7.31807e-06 9.92507e-06 3.68702e-06 1.08119e-05 4.50738e-05 2.54998e-05 0.000175101 5.27534e-05 0.000159982 7.60361e-06 6.83923e-06 -1.64153e-06 1.36172e-05 9.49498e-06 1.41622e-05 2.93275e-05 3.51897e-05 7.07443e-05 3.50558e-05
internal_weight=146336 123145 98887 2210 23191 9581 217 52 13610 737 45 2190 9364 24258 3749 321 279 42 221 43 3428 3408 1769 1623 9295 4846 1041 950 285 252
internal_count=146336 123145 98887 2210 23191 9581 217 52 13610 737 45 2190 9364 24258 3749 321 279 42 221 43 3428 3408 1769 1623 9295 4846 1041 950 285 252
is_linear=0
shrinkage=0.05


Tree=64
num_leaves=31
num_cat=0
split_feature=22 14 8 13 7 19 7 24 11 22 7 13 13 7 5 8 9 7 7 16 20 4 14 4 11 19 13 7 7 24
split_gain=0.000461943 0.000277816 0.000148029 9.88313e-05 0.000170916 9.45193e-05 9.29056e-05 0.000120089 0.000840392 0.00160478 0.000116038 0.000124546 0.000278326 0.00163476 0.00206244 0.000109375 0.000106281 8.9332e-05 0.000257215 8.78869e-05 8.80254e-05 0.000134908 8.12623e-05 0.000148768 0.000297073 0.000432978 0.00028288 0.000549705 0.00037934 0.000124026
threshold=0.0017515019280835988 -0.0026657992275431748 0.0084767988882958906 -0.0048990971408784381 0.030782000161707405 -0.033207053318619721 0.099709998816251769 0.49844719469547277 -0.69237789511680592 0.0030767129501327877 0.38729999959468847 -0.013132556807249783 -0.01072654267773032 0.77309998869895946 0.96798020601272594 0.0054692632984370002 0.64935779571533214 0.030782000161707405 0.099709998816251769 1.0000000180025095e-35 0.018593313172459606 1.9237755537033083 -0.010893046855926512 1.6240984797477724 1.1879371404647829 -0.078326586633920656 -0.0065941226202994576 0.8725000023841859 0.015221000183373691 -0.086705584079027162
decision_type=2 2 2 2 2 2 2 2 2 2 2 2 2 2 2 2 2 2 2 2 2 2 2 2 2 2 2 2 2 2
left_child=1 22 17 5 -5 -4 19 10 9 -9 15 -12 13 -13 -15 -8 -17 -3 -19 20 -2 -22 23 29 25 -25 27 28 -27 -1
right_child=6 2 3 4 -6 -7 7 8 -10 -11 11 12 -14 14 -16 16 -18 18 -20 -21 21 -23 -24 24 -26 26 -28 -29 -30 -31
leaf_value=6.4248544167793227e-06 5.4667110275325813e-06 -4.2233655887546625e-06 2.5942330521980983e-05 8.2314956644424943e-05 8.1979521702800588e-06 -5.1273775566454898e-05 -3.9858171313668724e-06 -1.8731926385433846e-05 8.782907993855183e-06 0.00056768146449030614 -1.3787991627638403e-05 2.8894128249581147e-06 7.6551797848568546e-06 4.7560638189939451e-05 0.00071235482180782134 0.00013102830194839044 1.3957384091138666e-05 1.0419308221902553e-05 -2.2508096253610192e-06 5.7030020279018239e-05 1.4194761674310285e-05 0.00014122712520821509 2.2653800817935072e-06 -0.00019712911482201888 0.00019262815612364648 0.00021376508200773972 7.6224862399006578e-06 0.00030012447500991717 -4.9810541495812801e-05 0.00012048808275721967
leaf_weight=3404 5911 45630 95 142 172 68 6166 28 648 20 585 223 4399 28 20 20 632 4367 48413 98 4392 21 20509 20 30 20 180 28 43 24
leaf_count=3404 5911 45630 95 142 172 68 6166 28 648 20 585 223 4399 28 20 20 632 4367 48413 98 4392 21 20509 20 30 20 180 28 43 24
internal_value=-7.31557e-08 -1.29226e-06 -2.4685e-06 2.5318e-05 4.17158e-05 -6.27052e-06 6.40031e-06 3.54122e-06 2.37363e-05 0.000225607 2.37699e-06 7.96047e-06 1.06849e-05 5.9864e-05 0.000324558 -1.92651e-06 1.75485e-05 -2.60319e-06 -1.20249e-06 9.90327e-06 9.45592e-06 1.47993e-05 3.50267e-06 1.02713e-05 4.28201e-05 2.73759e-05 4.39446e-05 0.00011579 3.38643e-05 7.22343e-06
internal_weight=146336 123145 98887 477 314 163 23191 12769 696 48 12073 5255 4670 271 48 6818 652 98410 52780 10422 10324 4413 24258 3749 321 291 271 91 63 3428
internal_count=146336 123145 98887 477 314 163 23191 12769 696 48 12073 5255 4670 271 48 6818 652 98410 52780 10422 10324 4413 24258 3749 321 291 271 91 63 3428
is_linear=0
shrinkage=0.05


Tree=65
num_leaves=31
num_cat=0
split_feature=0 14 14 7 2 6 7 14 7 7 3 15 31 11 3 9 11 21 6 7 31 7 3 6 7 6 11 31 7 3
split_gain=0.00037877 0.000182847 0.000101325 0.000169327 0.000111188 9.64508e-05 0.000644816 0.00192156 0.000242464 0.00035823 0.00226029 0.0080487 0.0128403 0.000583441 9.5089e-05 0.000175732 0.000182028 0.000145506 0.000355299 0.000267502 0.000136186 0.00011559 0.000504364 0.0015983 0.000208106 0.000569412 0.000293404 0.000136111 0.000102609 0.000153552
threshold=0.0029262480093166236 -0.0019723409786820407 0.012755512259900572 0.5282999873161317 0.0023337258026003842 0.012003571260720493 0.010841999668627979 0.004519012989476324 0.36885000765323644 0.33641999959945684 0.0022913897410035138 0.0082723526284098643 0.036817476153373725 -0.57577332854270924 0.0049429924692958602 2.1040999889373784 1.3298021554946902 0.016275134868919853 0.015860714949667457 0.77309998869895946 -0.31242315471172327 0.012724999804049732 0.0056510749273002156 0.011196428444236519 0.0044810001272708186 0.0054392858874052772 0.019471833482384685 0.45194257795810705 0.0083010001108050364 0.0065871514379978189
decision_type=2 2 2 2 2 2 2 2 2 2 2 2 2 2 2 2 2 2 2 2 2 2 2 2 2 2 2 2 2 2
left_child=1 -1 14 4 -4 -3 7 -7 9 -8 11 13 -13 -11 17 16 21 -2 -19 -20 -17 22 23 24 -16 26 -26 -23 -24 -30
right_child=2 5 3 -5 -6 6 8 -9 -10 10 -12 12 -14 -15 15 20 -18 18 19 -21 -22 27 28 -25 25 -27 -28 -29 29 -31
leaf_value=2.4529945099613002e-06 2.2431519779054979e-06 -4.149317031172704e-06 0.00013194790535635549 -8.3595541765097277e-06 1.8999291834913418e-05 0.00056167973517403887 2.4003102160210334e-06 -4.9578313420776493e-05 -3.3311789039088577e-06 0.00026768663753748775 -9.6204150555850545e-06 -1.785216918506194e-05 0.0017144076157637755 -7.1437079636952947e-06 -3.6451984263988783e-06 6.1138051460147839e-05 0.00012617604276034827 0.00024913918940001168 -2.8805164017480993e-05 0.00014450943991476143 -8.4555046752355371e-05 6.3376279333862374e-06 -7.8077545385623207e-06 0.0005196921322203707 9.8557546083438436e-05 -1.0713011561864942e-05 0.00035705487971426919 0.00012571475781442132 -4.9912360047225472e-05 4.8791252705872139e-05
leaf_weight=25121 23975 41179 22 678 2271 20 12718 36 33420 22 697 23 20 158 93 20 34 20 79 31 81 4685 460 20 21 52 23 24 48 220
leaf_count=25121 23975 41179 22 678 2271 20 12718 36 33420 22 697 23 20 158 93 20 34 20 79 31 81 4685 460 20 21 52 23 24 48 220
internal_value=5.86964e-08 -1.3108e-06 4.78584e-06 1.35922e-05 2.0083e-05 -2.38166e-06 -8.36685e-07 0.000168728 -1.03847e-06 4.57983e-06 3.47093e-05 0.000173264 0.00078785 2.64467e-05 3.91038e-06 9.66947e-06 1.08319e-05 2.52921e-06 5.52844e-05 2.0038e-05 -5.57049e-05 1.01373e-05 2.61755e-05 9.46399e-05 4.96608e-05 0.000101301 0.000233681 6.94605e-06 6.52021e-06 3.1113e-05
internal_weight=146271 113414 32857 2971 2293 88293 47114 56 47058 13638 920 223 43 180 29886 5781 5680 24105 130 110 101 5646 937 209 189 96 44 4709 728 268
internal_count=146271 113414 32857 2971 2293 88293 47114 56 47058 13638 920 223 43 180 29886 5781 5680 24105 130 110 101 5646 937 209 189 96 44 4709 728 268
is_linear=0
shrinkage=0.05


Tree=66
num_leaves=31
num_cat=0
split_feature=0 14 3 10 7 6 0 5 5 4 3 13 15 6 5 9 7 13 31 4 31 9 6 7 14 7 7 3 15 31
split_gain=0.00034184 0.00016502 9.69188e-05 0.000209133 0.000136645 0.000159381 0.000130176 0.000124331 0.000304895 0.000123505 0.000121038 0.000120494 0.000116514 0.000158857 0.000132077 0.000125406 0.000109182 0.000130312 0.00010437 9.55693e-05 9.29301e-05 8.88523e-05 8.70469e-05 0.000581947 0.00173421 0.000218824 0.000323302 0.00203992 0.00726395 0.0115884
threshold=0.0029262480093166236 -0.0019723409786820407 0.0062471975106745967 12.07653856277466 0.0076630001422017821 0.13296428322792056 0.011686593759804966 1.9923813343048098 1.8931820988655093 1.8511338829994204 0.008811799809336664 -0.0082554472610354406 -0.010137081146240233 0.014307142700999977 0.64696696400642406 0.78814989328384411 0.078609999269247069 0.026265225373208526 -0.55471658706665028 0.64073291420936596 0.25092664361000067 1.2265926599502566 0.012003571260720493 0.010841999668627979 0.004519012989476324 0.36885000765323644 0.33641999959945684 0.0022913897410035138 0.0082723526284098643 0.036817476153373725
decision_type=2 2 2 2 2 2 2 2 2 2 2 2 2 2 2 2 2 2 2 2 2 2 2 2 2 2 2 2 2 2
left_child=1 21 6 4 10 9 -2 8 18 12 -4 -8 15 14 -14 -6 20 19 -7 -18 -15 -1 -3 24 -24 26 -25 28 -28 -30
right_child=2 22 3 -5 5 7 11 -9 -10 -11 -12 -13 13 16 -16 -17 17 -19 -20 -21 -22 -23 23 25 -26 -27 27 -29 29 -31
leaf_value=3.8685589118454382e-06 3.8968378605698315e-06 -3.9418511458382514e-06 -4.0895186233039077e-06 0.00015713634691201151 -2.8233909490878157e-05 9.6123179456400181e-05 -0.00015117761441101524 -6.0550359986233234e-05 0.00017361590675674368 0.00014072854543843754 -8.5203145807519423e-05 -2.3887772262635727e-05 0.00011851585608671359 -6.5928487329252174e-06 4.2170806002203278e-05 2.2700327053694375e-05 0.00010199367506677152 -3.1538568094523119e-05 -3.9402412807203776e-06 3.7148853203703805e-05 9.9788516275690548e-05 -3.4181612140006199e-06 0.00053359575802460315 2.2802947094827378e-06 -4.7099397928226005e-05 -3.1646199736936697e-06 2.512433538426093e-05 -9.1393942020583843e-06 -1.6959560566251839e-05 0.001628687230841024
leaf_weight=19818 29746 41179 398 25 186 27 23 79 26 23 52 97 86 307 166 345 67 60 748 374 22 5303 20 12718 36 33420 180 697 23 20
leaf_count=19818 29746 41179 398 25 186 27 23 79 26 23 52 97 86 307 166 345 67 60 748 374 22 5303 20 12718 36 33420 180 697 23 20
internal_value=5.57616e-08 -1.24526e-06 4.54654e-06 1.31276e-05 1.19138e-05 1.64525e-05 3.68717e-06 -7.06181e-07 5.19605e-06 2.56821e-05 -1.34626e-05 -4.8285e-05 2.40416e-05 3.34556e-05 6.82251e-05 4.85896e-06 2.28991e-05 3.75947e-05 -4.54161e-07 4.70006e-05 5.20799e-07 2.33034e-06 -2.26258e-06 -7.9485e-07 0.000160292 -9.86547e-07 4.35083e-06 3.29738e-05 0.000164601 0.000748458
internal_weight=146271 113414 32857 2991 2966 2516 29866 880 801 1636 450 120 1613 1082 252 531 830 501 775 441 329 25121 88293 47114 56 47058 13638 920 223 43
internal_count=146271 113414 32857 2991 2966 2516 29866 880 801 1636 450 120 1613 1082 252 531 830 501 775 441 329 25121 88293 47114 56 47058 13638 920 223 43
is_linear=0
shrinkage=0.05


Tree=67
num_leaves=31
num_cat=0
split_feature=22 21 7 24 11 3 7 10 31 13 13 0 31 31 20 7 31 7 5 5 4 14 4 3 24 31 7 20 11 13
split_gain=0.000350321 0.000164389 0.000126959 9.32079e-05 0.000674563 0.00360762 9.54648e-05 0.000110672 0.000289513 0.000104306 0.000136568 0.000613106 0.000125576 0.00105901 9.30748e-05 0.000109609 0.00175167 0.000136439 0.000121218 0.00013298 0.000210068 8.88519e-05 0.000128321 8.03796e-05 7.73677e-05 7.72277e-05 7.18483e-05 0.000151018 7.68402e-05 0.000134283
threshold=0.0011272337287664416 0.0030626184307038788 0.10638000071048738 0.47945129871368414 -0.65734672546386708 0.0027032305952161555 0.37780998647212988 12.07653856277466 0.060523506253957755 -0.013132556807249783 -0.01072654267773032 0.007291273446753622 -0.021270213648676869 -0.084650095552206026 0.016852852888405326 0.0019209999591112139 -0.30186533927917475 0.0032550001051276927 0.5645703673362733 0.54065772891044628 0.69158932566642772 0.014603113289922478 1.9237755537033083 0.00052924931515008222 0.25373065471649175 -0.32306988537311548 0.094470001757144942 0.052383963018655784 -0.29523447155952448 -0.0044896258041262618
decision_type=2 2 2 2 2 2 2 2 2 2 2 2 2 2 2 2 2 2 2 2 2 2 2 2 2 2 2 2 2 2
left_child=1 23 14 6 5 -5 -4 9 -9 -8 11 12 13 -11 -2 16 -16 -17 19 -19 -21 22 25 -1 -23 -20 -27 28 29 -28
right_child=2 -3 3 4 -6 -7 7 8 -10 10 -12 -13 -14 -15 15 17 -18 18 21 20 -22 24 -24 -25 -26 26 27 -29 -30 -31
leaf_value=-6.4759908893462753e-06 4.5801517666221393e-06 3.4782693908524526e-06 -2.5606801073917106e-06 0.00074047472764505074 4.0523665260371926e-06 -9.3906519780684468e-06 -1.3199447603444472e-05 -1.1229003238050999e-05 0.00022724228525476065 -6.5577914183511918e-06 4.6461781408303671e-06 0.00029221980107236467 -1.4687078942806939e-05 0.00032405430308777986 0.00047768890934613798 -1.5776007799202411e-05 -1.731072292741942e-05 2.9718599333801964e-05 -3.6567699098634335e-06 3.2903393633508438e-05 0.00023909186925915755 0.00014119427976104569 0.00013449071952241606 -1.5624150207976199e-06 3.5460285451133843e-05 1.1777784567126606e-05 1.0436141083653852e-06 0.00013473588640206595 -9.2433756795036321e-06 0.00012257740096377641
leaf_weight=9186 7671 15763 9035 20 1095 81 772 35 20 147 7483 22 147 29 21 417 120 268 798 30 21 22 21 88615 81 4130 51 36 93 41
leaf_count=9186 7671 15763 9035 20 1095 81 772 35 20 147 7483 22 147 29 21 417 120 268 798 30 21 22 21 88615 81 4130 51 36 93 41
internal_value=5.29735e-08 -1.2602e-06 4.61254e-06 1.94764e-06 1.54567e-05 0.000139098 1.03431e-06 4.78713e-06 7.54878e-05 4.33498e-06 6.06423e-06 3.68215e-05 1.94259e-05 4.79181e-05 8.25406e-06 1.28366e-05 5.64126e-05 1.18141e-05 1.38715e-05 4.38013e-05 0.000117805 1.20608e-05 1.11447e-05 -2.02392e-06 5.80442e-05 1.06417e-05 1.32641e-05 4.10396e-05 2.28068e-05 5.52054e-05
internal_weight=146271 113564 32707 18886 1196 101 17690 8655 55 8600 7828 345 323 176 13821 6150 141 6009 5592 319 51 5273 5170 97801 103 5149 4351 221 185 92
internal_count=146271 113564 32707 18886 1196 101 17690 8655 55 8600 7828 345 323 176 13821 6150 141 6009 5592 319 51 5273 5170 97801 103 5149 4351 221 185 92
is_linear=0
shrinkage=0.05


Tree=68
num_leaves=31
num_cat=0
split_feature=22 14 6 1 2 13 7 31 19 24 11 3 16 6 7 13 6 15 11 7 4 2 24 6 13 10 24 6 11 13
split_gain=0.000316164 0.000156177 0.000115612 9.54409e-05 0.00026261 0.00126066 0.000217136 0.000112277 9.75828e-05 8.58526e-05 0.00057102 0.00329678 8.58088e-05 7.59055e-05 0.000226951 0.000150901 0.000661435 0.00306129 0.00013085 0.000126524 0.0010451 8.43729e-05 7.79902e-05 0.000442955 7.70177e-05 7.56131e-05 7.4047e-05 0.000143309 7.79528e-05 0.000192388
threshold=0.0011272337287664416 -0.0017118370742537079 0.093250002712011351 0.0063267881050705918 0.0053082057274878034 -0.0062013836577534667 0.090029999613761916 -0.25767971575260157 -0.065453670918941484 0.47945129871368414 -0.65734672546386708 0.0027032305952161555 1.0000000180025095e-35 0.012003571260720493 0.37780998647212988 0.0071866032667458066 0.37432143092155462 0.012312487233430149 1.1879371404647829 0.010841999668627979 0.5698678493499757 0.0057557823602110156 0.71417614817619335 0.29364286363124853 0.0080212168395519274 7.1996331214904794 -0.31708435714244837 0.034749999642372138 0.16665481775999072 -0.0072636830154806367
decision_type=2 2 2 2 2 2 2 2 2 2 2 2 2 2 2 2 2 2 2 2 2 2 2 2 2 2 2 2 2 2
left_child=1 -1 3 -2 5 -5 12 -8 -9 -4 11 -11 25 -3 15 19 18 -18 21 20 -15 -17 -21 -24 -16 26 27 28 29 -6
right_child=2 13 9 4 6 -7 7 8 -10 10 -12 -13 -14 14 24 16 17 -19 -20 22 -22 -23 23 -25 -26 -27 -28 -29 -30 -31
leaf_value=1.9844960443469725e-06 6.7603060566265014e-06 -3.8597100518804558e-06 1.18452180242572e-06 0.00045336933520445655 -2.3143532647130391e-05 -2.2720469392619895e-06 1.0711050047645517e-05 5.1326576249266514e-05 0.00019211545219377513 0.00070345098283723932 4.8676828008042818e-06 -1.4269177332550953e-05 7.4140426348397659e-05 0.00038324091210597546 -2.4254737926525153e-06 4.0183975989834835e-06 0.000650193293151223 1.1034693026958128e-05 0.00011546188833218084 1.4163626231209514e-06 -1.4427500149107991e-05 3.6233788783512014e-05 5.0843632833038399e-06 0.00025057575192130615 -1.2788283914467931e-05 9.9436530546795232e-05 -2.6433609471901503e-06 0.0001296315248623614 -2.610387876652217e-05 0.00017705834292428338
leaf_weight=28791 11389 40026 18873 20 30 63 26 20 32 20 1188 80 48 20 30750 1504 23 101 29 9918 95 235 147 21 1904 21 780 32 65 20
leaf_count=28791 11389 40026 18873 20 30 63 26 20 32 20 1188 80 48 20 30750 1504 23 101 29 9918 95 235 147 21 1904 21 780 32 65 20
internal_value=5.03248e-08 -1.19719e-06 4.38191e-06 8.15029e-06 2.18326e-05 0.000107521 1.52105e-05 9.55476e-05 0.000137966 2.03689e-06 1.45266e-05 0.000129275 8.91908e-06 -2.27778e-06 -8.62741e-07 4.9886e-06 1.79577e-05 0.000129588 1.01284e-05 2.5832e-06 5.47322e-05 8.37183e-06 1.9886e-06 3.57708e-05 -3.02971e-06 5.61673e-06 3.49137e-06 3.6043e-05 1.00009e-05 5.69372e-05
internal_weight=146271 113564 32707 12546 1157 83 1074 78 52 20161 1288 100 996 84773 44747 12093 1892 124 1768 10201 115 1739 10086 168 32654 948 927 147 115 50
internal_count=146271 113564 32707 12546 1157 83 1074 78 52 20161 1288 100 996 84773 44747 12093 1892 124 1768 10201 115 1739 10086 168 32654 948 927 147 115 50
is_linear=0
shrinkage=0.05


Tree=69
num_leaves=31
num_cat=0
split_feature=21 21 15 10 4 11 8 9 11 0 14 9 4 8 19 9 19 6 7 9 15 11 6 6 4 8 7 4 19 15
split_gain=0.000282028 0.000176708 0.00012117 0.000222505 0.000979749 0.000140593 0.000103444 0.000189526 0.000150501 0.000182712 9.29536e-05 0.000108298 0.000165003 6.10455e-05 0.00021759 0.000338254 0.00157546 0.000166859 0.00106191 0.000140373 0.000106386 9.50619e-05 8.92972e-05 7.43678e-05 7.33049e-05 6.03489e-05 0.000518795 8.0794e-05 6.01963e-05 5.72392e-05
threshold=0.0047939138021320113 1.0000000180025095e-35 0.0080325570888817328 0.68960857391357433 1.4673157930374148 0.63610941171646129 0.0065051973797380933 1.1680362820625307 0.0096149030141532438 0.007291273446753622 -0.0024512403178960081 1.2487294077873232 1.9237755537033083 0.0045017853844910869 -0.022290856577455994 1.3924594521522524 -0.02442166022956371 0.97178572416305553 2.175400018692017 0.75595057010650646 -0.010137081146240233 0.19567134976387027 0.053392857313156135 0.055607143789529807 0.50967004895210277 0.0029789149994030599 0.0019209999591112139 1.765141546726227 -0.03604829125106334 0.0068020592443645009
decision_type=2 2 2 2 2 2 2 2 2 2 2 2 2 2 2 2 2 2 2 2 2 2 2 2 2 2 2 2 2 2
left_child=1 2 6 -4 5 -5 -1 8 -8 -10 11 12 25 28 15 17 21 19 -19 20 -15 -17 -22 -16 -20 -3 -27 -28 -12 -21
right_child=-2 10 3 4 -6 -7 7 -9 9 -11 13 -13 -14 14 23 16 -18 18 24 29 22 -23 -24 -25 -26 26 27 -29 -30 -31
leaf_value=1.4979495058402122e-06 7.8294963285986943e-06 1.076882188787884e-06 8.3177369297321046e-06 1.479678513327404e-05 0.00029752275490106211 0.00015152090301853607 3.277060202154391e-05 -2.4399705967732479e-06 0.00023289009391191939 5.3159109704152328e-05 -1.7541661609578413e-05 -4.5819691962587914e-06 0.00012242948651238953 -1.8676667735754953e-05 -1.5325352248974855e-05 0.00011524718186592509 0.00050907744230698881 0.00036659436439852777 7.7124088927251117e-05 -1.1044722861854977e-05 4.3951888816688252e-05 -8.1626290370301101e-06 0.00015391698686471501 2.1718299084190431e-06 -1.392774721980892e-05 0.00019118284067429301 5.5031564918107773e-06 8.3936896959185654e-05 -2.1166921720941358e-06 6.7947267204241743e-05
leaf_weight=12547 10785 12813 2665 314 36 20 97 209 26 31 637 5708 29 35 801 20 20 24 28 516 48 71 30 2511 105 38 6496 33 89554 24
leaf_count=12547 10785 12813 2665 314 36 20 97 209 26 31 637 5708 29 35 801 20 20 24 28 516 48 71 30 2511 105 38 6496 33 89554 24
internal_value=4.78086e-08 -5.71632e-07 4.37258e-06 1.33622e-05 4.96958e-05 2.29839e-05 2.25923e-06 2.85726e-05 7.06612e-05 0.000135142 -1.23112e-06 1.47223e-06 3.25271e-06 -1.95021e-06 3.9181e-06 2.54153e-05 0.00010727 1.41981e-05 6.04798e-05 3.07071e-06 5.37479e-05 1.89604e-05 8.62462e-05 -2.05983e-06 5.24106e-06 3.07438e-06 6.97173e-06 5.89959e-06 -2.22564e-06 -7.53397e-06
internal_weight=146271 135486 15945 3035 370 334 12910 363 154 57 119541 25117 19409 94424 4233 921 111 810 157 653 113 91 78 3312 133 19380 6567 6529 90191 540
internal_count=146271 135486 15945 3035 370 334 12910 363 154 57 119541 25117 19409 94424 4233 921 111 810 157 653 113 91 78 3312 133 19380 6567 6529 90191 540
is_linear=0
shrinkage=0.05


Tree=70
num_leaves=31
num_cat=0
split_feature=22 8 31 5 11 7 9 2 8 22 9 21 7 7 11 9 21 2 7 20 7 7 5 7 31 1 3 5 22 2
split_gain=0.000289633 0.000128215 9.37373e-05 9.34589e-05 0.000133107 0.0001541 0.000519426 0.000206796 0.000144284 9.43714e-05 0.000149945 9.03457e-05 8.0873e-05 0.000272713 0.000462055 0.000599428 0.00018258 0.00012672 0.000115868 9.00848e-05 0.000598236 0.000117537 0.000131538 7.83206e-05 0.000521372 0.000855945 7.59424e-05 7.15217e-05 6.69498e-05 6.44053e-05
threshold=0.00068448216188699018 0.0040875456761568793 0.068961802870035185 0.74827146530151378 -0.87400320172309864 0.016850000247359279 1.2431662082672121 0.0027440707199275498 0.0067460516002029189 0.00070754453190602373 1.4482518434524538 0.0018357773660682144 0.0052010000217705974 0.0044810001272708186 -0.038440283387899392 1.2315326929092409 0.0015648546395823362 0.0059469633270055064 0.010162999853491785 0.065585054457187666 0.8725000023841859 0.074749998748302474 1.662503778934479 0.0019209999591112139 -0.37878139317035669 0.002356447977945209 0.0076052600052207717 0.62559109926223766 0.0086814290843904036 0.0043029214721173057
decision_type=2 2 2 2 2 2 2 2 2 2 2 2 2 2 2 2 2 2 2 2 2 2 2 2 2 2 2 2 2 2
left_child=11 2 23 4 -3 6 7 -6 -9 10 -5 -1 13 -11 16 -16 -15 -18 -14 -20 21 -21 -23 24 25 -2 29 -10 -7 -25
right_child=1 3 -4 9 5 28 -8 8 27 12 -12 -13 18 14 15 -17 17 -19 19 20 -22 22 -24 26 -26 -27 -28 -29 -30 -31
leaf_value=-2.3424937593060236e-06 9.0378085587872189e-06 0.0001252120102561031 6.4931939018938058e-06 1.3362491272729755e-05 0.00018717354956606868 6.2661446734121939e-06 0.00029321761894607334 4.2985840740709987e-07 0.00012573685516821198 4.3303148168615954e-06 0.00013554786326545179 1.04115358983803e-06 -1.7817870821525633e-05 -8.5202862216165695e-05 0.00031416395901721228 4.3180376922935934e-06 0.0001613867794549151 -1.6601706429355546e-05 4.7719832844457707e-06 5.2093345226897048e-05 0.00023284925890479691 2.903460732325824e-06 -0.00012485960317214697 5.6492924632945588e-07 3.8630914892688036e-06 0.00042600751912686975 -5.2155173611286694e-05 3.6877892698275564e-05 7.7460980041370723e-05 -1.1349794680280222e-05
leaf_weight=73577 32 29 7958 83 20 1147 20 232 39 432 36 26955 549 34 37 27 20 20 9160 119 33 239 22 23787 557 20 70 54 34 1191
leaf_count=73577 32 29 7958 83 20 1147 20 232 39 432 36 26955 549 34 37 27 20 20 9160 119 33 239 22 23787 557 20 70 54 34 1191
internal_value=6.84305e-08 3.35464e-06 1.7523e-06 7.70331e-06 1.90824e-05 1.70916e-05 4.54868e-05 3.11256e-05 2.15227e-05 6.04555e-06 5.03261e-05 -1.43526e-06 5.55272e-06 2.38775e-05 8.50685e-05 0.000183448 -1.61602e-08 7.23925e-05 4.5208e-06 5.80189e-06 2.86444e-05 1.09109e-05 -7.86584e-06 2.81818e-07 1.79985e-05 0.000169411 -1.48934e-07 7.41413e-05 8.31578e-06 -3.18814e-09
internal_weight=146533 46001 33615 12386 1575 1546 365 345 325 10811 119 100532 10692 570 138 64 74 40 10122 9573 413 380 261 25657 609 52 25048 93 1181 24978
internal_count=146533 46001 33615 12386 1575 1546 365 345 325 10811 119 100532 10692 570 138 64 74 40 10122 9573 413 380 261 25657 609 52 25048 93 1181 24978
is_linear=0
shrinkage=0.05


Tree=71
num_leaves=31
num_cat=0
split_feature=22 7 20 5 9 14 7 1 13 19 2 22 3 3 11 5 22 7 7 13 20 3 2 3 1 1 7 1 11 14
split_gain=0.000261394 0.000119013 0.000116676 0.000112507 0.000430424 0.000104727 9.34491e-05 0.000178147 9.02033e-05 0.000421557 0.000621897 7.72646e-05 0.000162482 7.46202e-05 7.68135e-05 7.1773e-05 7.12624e-05 7.97116e-05 8.4167e-05 6.79685e-05 8.67132e-05 0.000324305 0.000299986 0.000797612 0.000875954 0.000171584 0.000113081 6.69197e-05 0.000191044 6.35863e-05
threshold=0.00068448216188699018 0.10638000071048738 0.016852852888405326 0.74511191248893749 1.3827473521232607 -0.0017118370742537079 0.099709998816251769 0.0032321377657353882 -0.013132556807249783 -0.065453670918941484 0.0071471678093075761 0.00069574877852574002 0.0031565439421683554 0.008811799809336664 1.0903888344764712 0.95844286680221569 0.0086814290843904036 0.094470001757144942 0.0052010000217705974 -0.013132556807249783 0.022669889032840732 0.0015707514248788359 0.0041921925731003293 0.003944128518924118 0.0039309635758399972 0.0069350439589470634 0.013909999746829273 0.011054331436753275 0.33365164697170263 0.012755512259900572
decision_type=2 2 2 2 2 2 2 2 2 2 2 2 2 2 2 2 2 2 2 2 2 2 2 2 2 2 2 2 2 2
left_child=5 2 27 4 6 -1 -4 -8 13 10 -10 12 -5 -3 15 -15 -13 18 -18 -7 29 -22 -23 24 -24 -25 -27 -2 -29 -21
right_child=1 8 3 11 -6 19 7 -9 9 -11 -12 16 -14 14 -16 -17 17 -19 -20 20 21 22 23 25 -26 26 -28 28 -30 -31
leaf_value=1.4953859433360024e-06 2.6170995508486975e-06 -1.3677014646493719e-05 1.8068771859209171e-05 -1.7390252833138219e-05 0.00025364388389789385 -1.9506065964406672e-05 -1.4296104050117719e-05 0.00019188908468508587 -1.9051258831219144e-05 1.5844474825730452e-06 0.0003621764784111292 6.5615199735773852e-06 0.0001707294487501217 5.5961398533434154e-05 0.00011778439402405639 -5.2139191679348843e-05 0.00010297639430440353 0.00012778371593330203 8.5697855776356679e-06 -2.56888817198282e-06 0.00021030445362612226 -4.9309892723464788e-06 0.0004720076323709774 -4.9528929569374748e-06 1.4804719721723816e-05 0.00019096346230071504 4.0292348945292887e-05 -1.0354268168747375e-05 0.00018145016456401209 8.4956339619425252e-06
leaf_weight=24293 10136 1381 1474 24 20 568 20 22 23 26801 20 5740 22 34 21 28 29 22 127 73012 20 1038 22 184 20 20 33 37 20 1322
leaf_count=24293 10136 1381 1474 24 20 568 20 22 23 26801 20 5740 22 34 21 28 29 22 127 73012 20 1038 22 184 20 20 33 37 20 1322
internal_value=6.5009e-08 3.18691e-06 6.4038e-06 1.11373e-05 2.32044e-05 -1.3635e-06 2.01643e-05 9.37057e-05 1.17629e-06 1.83542e-06 0.000158264 8.02946e-06 7.258e-05 -1.09096e-05 3.51357e-05 7.14178e-06 7.52772e-06 3.86849e-05 2.61197e-05 -2.27446e-06 -2.14511e-06 1.04754e-05 7.44076e-06 5.3469e-05 0.000254292 1.78801e-05 9.71494e-05 2.92091e-06 5.69455e-05 -2.37211e-06
internal_weight=146533 46001 17693 7500 1536 100532 1516 42 28308 26844 43 5964 46 1464 83 62 5918 178 156 76239 75671 1337 1317 279 42 237 53 10193 57 74334
internal_count=146533 46001 17693 7500 1536 100532 1516 42 28308 26844 43 5964 46 1464 83 62 5918 178 156 76239 75671 1337 1317 279 42 237 53 10193 57 74334
is_linear=0
shrinkage=0.05


Tree=72
num_leaves=31
num_cat=0
split_feature=8 11 3 4 3 10 9 1 8 21 10 8 3 6 2 31 9 6 6 13 1 2 11 4 4 9 4 21 8 6
split_gain=0.000219455 0.000126888 0.000121943 0.000121788 0.000177456 0.000760092 0.00112621 0.00014081 0.00010741 0.000106628 0.000173669 8.99292e-05 0.000128639 0.000735895 0.000104961 0.000194434 0.000483729 0.000113353 0.000301311 0.00262155 9.9802e-05 0.00182712 0.0001108 8.93083e-05 8.38869e-05 0.00115956 8.5815e-05 8.69368e-05 0.000351243 8.31671e-05
threshold=0.0036550539080053572 0.59893998503685009 0.0076052600052207717 0.79157206416130077 0.0062471975106745967 2.4834175109863286 1.5406900048255923 0.0090504810214042681 0.00058596904273144912 0.01252072583884001 0.68960857391357433 0.0065051973797380933 0.00357318704482168 26.022500038146976 0.0026809704722836618 -0.38408827781677241 0.87675622105598461 1.2003571391105654 0.97178572416305553 -0.011205674614757298 0.0069350439589470634 0.0053082057274878034 -0.80952933430671681 1.9237755537033083 0.37133482098579412 1.3924594521522524 1.0039852261543276 0.016275134868919853 0.0047704819589853295 0.13296428322792056
decision_type=2 2 2 2 2 2 2 2 2 2 2 2 2 2 2 2 2 2 2 2 2 2 2 2 2 2 2 2 2 2
left_child=2 11 8 -3 7 9 -7 -5 -1 10 29 14 13 -13 15 16 -2 18 20 -20 24 -22 -23 -14 25 -16 -26 -28 -29 -6
right_child=1 3 -4 4 5 6 -8 -9 -10 -11 -12 12 23 -15 17 -17 -18 -19 19 -21 21 22 -24 -25 26 -27 27 28 -30 -31
leaf_value=-5.12876785167881e-06 0.00030774339647905436 -1.1464057437277088e-05 -5.2299892725030715e-05 1.5099331040184693e-06 3.2598086331220732e-05 -3.4389662141620646e-05 0.00048402652239680965 -6.7791566926947176e-05 -2.7424116279483796e-07 -4.0137421714047653e-05 0.00012315518399237847 9.0697615830000949e-06 1.2684222739219807e-05 0.00033356383092246863 3.6791511034310386e-06 1.3491825522606339e-05 2.9357179718458547e-05 -6.6331456469552463e-06 0.00044818375644280347 -8.5885048382199185e-06 0.00046160160305668761 8.7891001729938014e-05 -9.2927931243111464e-07 -7.4017145028240834e-05 -1.0103818182012512e-06 0.00031010558529184589 6.6901292425275394e-06 0.00023636495449864015 -2.9181182429910582e-05 -4.1720432297660085e-05
leaf_weight=12743 20 2225 115 3229 104 20 22 75 107664 79 39 104 2986 21 479 817 71 2263 37 208 23 38 462 30 6820 33 5694 20 33 59
leaf_count=12743 20 2225 115 3229 104 20 22 75 107664 79 39 104 2986 21 479 817 71 2263 37 208 23 38 462 30 6820 33 5694 20 33 59
internal_value=6.17585e-08 4.2269e-06 -8.37161e-07 -2.25472e-06 3.39479e-06 3.87668e-05 0.000237162 -6.31942e-08 -7.88009e-07 9.11349e-06 2.8375e-05 6.10847e-06 1.38818e-05 6.35848e-05 4.67375e-06 2.12137e-05 9.0541e-05 3.74152e-06 5.43704e-06 6.03934e-05 4.44716e-06 2.58649e-05 5.82106e-06 1.18218e-05 3.59071e-06 2.34293e-05 2.78245e-06 7.28344e-06 7.10249e-05 5.69752e-06
internal_weight=146533 26011 120522 5852 3627 323 42 3304 120407 281 202 20159 3141 125 17018 908 91 16110 13847 245 13602 523 500 3016 13079 512 12567 5747 53 163
internal_count=146533 26011 120522 5852 3627 323 42 3304 120407 281 202 20159 3141 125 17018 908 91 16110 13847 245 13602 523 500 3016 13079 512 12567 5747 53 163
is_linear=0
shrinkage=0.05


Tree=73
num_leaves=31
num_cat=0
split_feature=22 14 14 7 1 9 9 6 14 7 13 31 11 10 7 13 9 19 9 14 19 7 8 9 22 2 24 13 7 10
split_gain=0.000225014 0.000106762 9.53573e-05 0.00040485 0.000911716 0.000167622 0.000163829 0.00032885 9.14182e-05 8.21906e-05 8.97662e-05 0.00011551 0.00015271 7.39382e-05 7.29532e-05 9.96386e-05 9.85132e-05 8.54187e-05 0.000146452 0.00127462 8.3479e-05 6.55371e-05 8.19487e-05 7.69882e-05 7.19392e-05 0.000157762 0.00192572 0.000138308 0.00176974 8.29841e-05
threshold=0.00068448216188699018 0.014603113289922478 -0.020763103850185868 0.8725000023841859 0.0090504810214042681 1.0595729947090151 0.95716944336891185 0.012003571260720493 -0.001441429427359253 0.5282999873161317 -0.0082554472610354406 0.21605335921049121 0.49290274083614355 12.07653856277466 0.10638000071048738 -0.013132556807249783 1.5058972835540774 -0.01682279538363218 1.4482518434524538 -0.00011000874656019731 -0.059515964239835732 0.33641999959945684 0.0067460516002029189 0.82275339961051952 0.0020303433993831281 0.0020618665730580692 0.43842358887195593 -0.01072654267773032 0.77309998869895946 9.6022253036499041
decision_type=2 2 2 2 2 2 2 2 2 2 2 2 2 2 2 2 2 2 2 2 2 2 2 2 2 2 2 2 2 2
left_child=8 2 3 5 -5 6 -2 -8 -1 10 11 12 -3 -7 16 -16 17 18 -4 -20 -17 22 -22 -24 29 26 -26 28 -27 -23
right_child=1 9 14 4 -6 13 7 -9 -10 -11 -12 -13 -14 -15 15 20 -18 -19 19 -21 21 24 23 -25 25 27 -28 -29 -30 -31
leaf_value=1.2226610834943807e-06 1.0633513591260379e-05 5.1339840100913163e-05 8.9294510108913266e-06 6.6957586386706684e-06 0.00042015291677671484 -1.7578192319159292e-06 0.00027272192547960524 4.4252072967494666e-05 -2.17993342915173e-06 -8.1166215960988033e-06 1.5536474883168357e-05 -4.034578993741889e-05 0.00020019056980908362 -9.7512315759169202e-05 -1.2924626191761489e-05 7.7322078050201531e-05 -1.4698949346413348e-05 2.3934930342713334e-06 -1.4252841426747927e-05 0.00042794449136636105 -2.6927330273707719e-06 4.8816766705293857e-07 -6.3426656124647708e-05 3.9979339605906721e-05 5.5269777254680875e-06 -2.8557682196710337e-06 0.00051749602105701344 4.0708475267406243e-06 0.00044129465942387472 4.6472817060324209e-05
leaf_weight=26982 122 96 6501 40 20 504 21 63 73550 331 1435 25 21 21 1305 36 623 8947 88 20 9772 10902 20 180 225 218 20 4321 25 99
leaf_count=26982 122 96 6501 40 20 504 21 63 73550 331 1435 25 21 21 1305 36 623 8947 88 20 9772 10902 20 180 225 218 20 4321 25 99
internal_value=5.86706e-08 2.95518e-06 2.45411e-06 1.96581e-05 0.000144515 9.40989e-06 4.76327e-05 0.00010137 -1.2667e-06 1.45347e-05 1.9289e-05 5.72111e-05 7.80566e-05 -5.588e-06 2.13985e-06 5.5479e-07 4.79709e-06 5.57789e-06 9.88879e-06 6.76356e-05 1.23612e-06 1.12988e-06 -2.04429e-06 2.96387e-05 3.13196e-06 8.23319e-06 4.73204e-05 6.13496e-06 4.28387e-05 9.01992e-07
internal_weight=146533 46001 44093 791 60 731 206 84 100532 1908 1577 142 117 525 43302 27123 16179 15556 6609 108 25818 25782 9972 200 15810 4809 245 4564 243 11001
internal_count=146533 46001 44093 791 60 731 206 84 100532 1908 1577 142 117 525 43302 27123 16179 15556 6609 108 25818 25782 9972 200 15810 4809 245 4564 243 11001
is_linear=0
shrinkage=0.05


Tree=74
num_leaves=31
num_cat=0
split_feature=22 22 21 22 8 2 10 6 19 13 13 4 4 9 13 8 8 3 1 6 21 7 7 13 7 13 6 7 6 31
split_gain=0.000203075 9.71194e-05 0.000114904 9.57226e-05 7.31503e-05 7.07178e-05 6.81348e-05 6.70176e-05 6.7893e-05 0.000202397 0.000326403 0.000116615 6.42899e-05 6.0126e-05 8.68358e-05 8.34252e-05 6.37725e-05 0.00058529 6.57691e-05 0.000280463 5.87697e-05 5.57732e-05 0.000115723 0.000181382 0.000441331 0.00350213 0.0001565 0.000109126 0.000102652 0.000153364
threshold=0.00068448216188699018 0.0060218465514481076 0.0078468536958098429 0.00070754453190602373 0.00058596904273144912 0.0045371144078671941 0.85887473821640026 0.0050607144366949805 -0.078326586633920656 -0.015707672573626038 -0.0044896258041262618 1.2823058962821963 1.8511338829994204 1.5406900048255923 -0.015707672573626038 0.011961323674768211 0.007026366889476777 0.0037460689200088386 0.0069350439589470634 0.068678569048643126 0.010867838747799398 0.072889998555183425 0.0094590000808239001 -0.0088488850742578489 0.012724999804049732 -0.01072654267773032 0.013128571677953007 0.039289999753236778 0.0054392858874052772 -0.37878139317035669
decision_type=2 2 2 2 2 2 2 2 2 2 2 2 2 2 2 2 2 2 2 2 2 2 2 2 2 2 2 2 2 2
left_child=4 2 21 5 -1 -4 13 20 9 11 -11 -9 -10 16 -15 -16 18 -18 -6 -20 -5 22 28 24 25 -24 -26 -28 29 -2
right_child=1 -3 3 7 6 -7 -8 8 12 10 -12 -13 -14 14 15 -17 17 -19 19 -21 -22 -23 23 -25 26 -27 27 -29 -30 -31
leaf_value=-4.7631252406562492e-06 4.027649225210755e-05 1.3367162992563095e-05 2.6237949194702587e-05 2.6077090151375159e-05 -1.6122429320864099e-06 0.00015760963986394928 1.1643084433237981e-06 3.2880135458212799e-05 1.0533557500514866e-05 0.00028191331075504421 1.9351816871645059e-05 -9.6663832490499462e-05 -3.5247136748907516e-05 -5.8958659783889917e-05 -8.1150702111535782e-06 9.1931305966378818e-05 0.00027448283440424437 5.280593469027569e-06 0.00020637671254462473 -4.6515216704515426e-06 0.00013036617194963832 6.4714102074745115e-07 -1.1998338051125757e-05 5.6010936821614074e-06 0.00012111768517184608 0.00058169571080549261 -2.3681901410462751e-05 2.0067333324124158e-05 -1.0782214153091354e-05 1.0379663939188724e-06
leaf_weight=12620 270 2079 21 35 52851 20 31633 71 1440 20 29 23 81 84 2684 21 21 524 20 74 22 30302 125 5645 33 31 185 621 1743 3205
leaf_count=12620 270 2079 21 35 52851 20 31633 71 1440 20 29 23 81 84 2684 21 21 524 20 74 22 30302 125 5645 33 31 185 621 1743 3205
internal_value=5.57371e-08 2.80743e-06 2.30759e-06 1.48172e-05 -1.20337e-06 9.03217e-05 -6.92356e-07 1.30184e-05 1.11923e-05 4.41307e-05 0.00012652 1.18321e-06 8.09553e-06 -1.73594e-06 -8.89309e-06 -7.33837e-06 -1.36276e-06 1.56535e-05 -1.53792e-06 4.02481e-05 6.6329e-05 1.78477e-06 4.69189e-06 9.07056e-06 2.87541e-05 0.000105979 1.43952e-05 1.00256e-05 -8.80043e-07 4.08672e-06
internal_weight=146533 46001 43922 1762 100532 41 87912 1721 1664 143 49 94 1521 56279 2789 2705 53490 545 52945 94 57 42160 11858 6640 995 156 839 806 5218 3475
internal_count=146533 46001 43922 1762 100532 41 87912 1721 1664 143 49 94 1521 56279 2789 2705 53490 545 52945 94 57 42160 11858 6640 995 156 839 806 5218 3475
is_linear=0
shrinkage=0.05


Tree=75
num_leaves=31
num_cat=0
split_feature=8 3 11 14 4 3 11 8 2 11 7 6 6 7 1 14 2 6 2 11 19 8 3 7 7 9 5 31 7 24
split_gain=0.000177266 0.000120413 0.000119869 0.000115472 0.00010833 0.000432827 0.0010409 0.000107014 0.000247071 0.000144057 8.90224e-05 0.000190675 9.4759e-05 8.58896e-05 8.78432e-05 0.00011173 0.000109236 8.36671e-05 8.2301e-05 0.000177806 0.000448923 9.2476e-05 0.000189188 0.00125325 0.000132753 8.099e-05 7.87812e-05 7.82223e-05 9.38807e-05 7.99155e-05
threshold=0.0036550539080053572 0.0076052600052207717 0.59893998503685009 -0.007217202801257371 0.98765173554420482 0.008811799809336664 1.1879371404647829 0.0096319043077528494 0.0087253279052674788 0.92944577336311351 0.019709999673068527 0.057885715737938888 0.017807142809033397 329.73399353027349 0.0063267881050705918 -0.020763103850185868 0.0061872273217886695 0.0023096428485587244 0.0026809704722836618 -0.49660080671310419 -0.031469449400901787 0.0065051973797380933 0.00357318704482168 18.991300582885746 12.590400218963625 1.5058972835540774 1.2099526524543764 -0.21649280935525891 8.755899906158449 0.37247090041637426
decision_type=2 2 2 2 2 2 2 2 2 2 2 2 2 2 2 2 2 2 2 2 2 2 2 2 2 2 2 2 2 2
left_child=1 3 17 -1 25 7 -7 8 13 -9 -5 12 -12 14 16 -16 -6 -2 19 20 -19 24 23 -23 -20 -4 -17 -13 29 -29
right_child=2 -3 4 10 5 6 -8 9 -10 -11 11 27 -14 -15 15 26 -18 18 21 -21 -22 22 -24 -25 -26 -27 -28 28 -30 -31
leaf_value=6.2347109907656806e-06 -4.7110593300127832e-05 -5.002530409940171e-05 -2.7987228241335036e-06 -2.6826384957055894e-06 3.8359514260333612e-06 -9.511335704571268e-05 0.00031136291958723132 9.7711601232856936e-07 0.00016702775192836431 -0.00012236351367391762 0.0001116194351672438 -3.374539443396727e-06 9.8535245517149174e-06 7.9007202551413993e-05 -0.00010325635218602682 3.922784505242993e-05 9.0569502262459955e-05 0.00028401263629017527 5.1510528428853666e-06 1.3586445519343817e-05 1.9369170193663274e-05 4.1555493611494531e-06 1.0467837818278372e-05 0.000436007239495666 -9.5384105123051818e-06 -1.9324558876247073e-05 -2.2943764030788499e-05 1.3313388052966495e-06 -2.2669482350002656e-06 9.2392882238829412e-06
leaf_weight=5674 75 124 2110 49135 1925 28 36 58 23 40 23 17758 4200 36 37 62 37 22 14329 818 59 105 2992 20 1723 1143 286 22555 17605 3722
leaf_count=5674 75 124 2110 49135 1925 28 36 58 23 40 23 17758 4200 36 37 62 37 22 14329 818 59 105 2992 20 1723 1143 286 22555 17605 3722
internal_value=2.65987e-08 -7.79037e-07 3.77477e-06 -7.28432e-07 -2.54498e-06 5.13198e-06 0.00013353 1.85025e-06 3.93637e-06 -4.9366e-05 -1.07199e-06 1.29577e-07 1.04078e-05 2.36226e-06 1.18662e-06 -2.06501e-05 5.4716e-06 5.60108e-06 5.79808e-06 2.05837e-05 9.12476e-05 5.10465e-06 1.29856e-05 7.32518e-05 3.57431e-06 -8.60537e-06 -1.18672e-05 -5.7459e-07 5.58483e-07 2.45146e-06
internal_weight=146760 120796 25964 120672 5821 2568 64 2504 2406 98 114998 65863 4223 2383 2347 385 1962 20143 20068 899 81 19169 3117 125 16052 3253 348 61640 43882 26277
internal_count=146760 120796 25964 120672 5821 2568 64 2504 2406 98 114998 65863 4223 2383 2347 385 1962 20143 20068 899 81 19169 3117 125 16052 3253 348 61640 43882 26277
is_linear=0
shrinkage=0.05


Tree=76
num_leaves=31
num_cat=0
split_feature=21 22 22 8 9 2 19 9 11 3 6 10 7 6 7 3 24 7 7 7 7 6 3 19 21 2 1 11 15 15
split_gain=0.000220402 0.000121257 6.97986e-05 5.96071e-05 6.39465e-05 7.33293e-05 5.56869e-05 0.000355005 0.000842367 0.000135022 0.00140167 0.00012361 6.47318e-05 6.00063e-05 0.000264323 5.54252e-05 0.000285549 0.000131394 5.3668e-05 5.30593e-05 5.5065e-05 0.000162668 6.85449e-05 5.94594e-05 5.2569e-05 7.10766e-05 0.000167156 0.000307045 5.46267e-05 7.37581e-05
threshold=0.0047939138021320113 0.0010555714252404871 0.0060218465514481076 0.00046987424138933426 1.5226168632507326 0.0050825597718358049 -0.022290856577455994 1.4905053973197939 0.42129503190517431 0.0015531844110228123 251.61785888671878 9.6022253036499041 11.334300041198732 0.001636785746086389 0.0019209999591112139 0.010835845023393633 -0.34919714927673334 0.012724999804049732 0.010162999853491785 178.0039978027344 0.019709999673068527 0.093250002712011351 0.0019096603500656786 -0.0088561372831463796 1.0000000180025095e-35 0.0044747479259967813 0.0055643701925873765 -0.11767863109707831 -0.010137081146240233 -0.0095454356633126718
decision_type=2 2 2 2 2 2 2 2 2 2 2 2 2 2 2 2 2 2 2 2 2 2 2 2 2 2 2 2 2 2
left_child=1 3 24 -1 6 -6 7 9 -9 10 -5 12 13 -11 -15 -2 -17 -18 -7 20 22 -22 -8 -24 -3 26 -26 -28 -27 -30
right_child=15 2 -4 4 5 18 19 8 -10 11 -12 -13 -14 14 -16 16 17 -19 -20 -21 21 -23 23 -25 25 28 27 -29 29 -31
leaf_value=-5.9999958071901249e-06 6.2600598724365757e-06 5.306535356187317e-06 1.2566956487627206e-05 -3.8610625635651802e-06 -5.3107838429330353e-06 -0.00010456594078884034 -1.2414405694944326e-06 0.00038951974463998342 -9.5965421608595478e-06 -2.2278307252577699e-05 0.00040166419512388529 9.498811346150303e-05 -8.7352595180823612e-06 0.00017357224270476171 3.6801397482122414e-06 0.00018944484877283686 0.00010099232283544936 1.8015776448175363e-06 -2.5788540912346701e-05 -5.8422007026182891e-06 1.1038192174805483e-05 -4.1413823632721829e-07 -1.4929666282142508e-06 -1.1708291034155238e-05 1.3738611931800941e-06 -1.6149974786591771e-05 0.00024495317103657044 3.9903823143014539e-06 7.5850694150479583e-05 -3.1032801350089574e-06
leaf_weight=6385 10449 7511 1563 190 4282 24 34721 20 39 219 24 35 1409 23 4985 25 38 275 218 5484 3371 38665 2581 3179 17842 1000 20 39 30 2114
leaf_count=6385 10449 7511 1563 190 4282 24 34721 20 39 219 24 35 1409 23 4985 25 38 275 218 5484 3371 38665 2581 3179 17842 1000 20 39 30 2114
internal_value=2.52688e-08 -5.20487e-07 2.27869e-06 -1.31695e-06 -1.01634e-06 -6.82411e-06 -7.39605e-07 3.57111e-06 0.000125697 2.52457e-06 4.16184e-05 1.27047e-06 7.7618e-07 3.3401e-06 4.4604e-06 6.90467e-06 2.68321e-05 1.38439e-05 -3.36012e-05 -1.07976e-06 -7.63248e-07 5.0426e-07 -2.07945e-06 -7.1309e-06 1.71557e-06 4.33943e-07 1.6517e-06 8.56727e-05 -6.49961e-06 -1.99851e-06
internal_weight=146760 135973 30119 105854 99469 4524 94945 6944 59 6885 214 6671 6636 5227 5008 10787 338 313 242 88001 82517 42036 40481 5760 28556 21045 17901 59 3144 2144
internal_count=146760 135973 30119 105854 99469 4524 94945 6944 59 6885 214 6671 6636 5227 5008 10787 338 313 242 88001 82517 42036 40481 5760 28556 21045 17901 59 3144 2144
is_linear=0
shrinkage=0.05


Tree=77
num_leaves=31
num_cat=0
split_feature=21 21 3 7 7 22 19 9 9 15 11 20 6 7 13 6 7 7 1 13 7 20 3 10 19 13 1 7 6 21
split_gain=0.000198913 0.000110773 9.84337e-05 7.44169e-05 0.000131283 6.85403e-05 0.000134399 8.90684e-05 6.99503e-05 6.23935e-05 0.000754469 6.50642e-05 0.000227936 5.94385e-05 5.87904e-05 5.84509e-05 0.000732619 0.000129034 9.11423e-05 0.000727484 8.41444e-05 0.000119786 8.48127e-05 7.91573e-05 7.74403e-05 0.000106229 0.000584678 0.000156589 0.00164851 8.37222e-05
threshold=0.0047939138021320113 1.0000000180025095e-35 0.0031081190099939708 0.0094590000808239001 0.010162999853491785 0.0086814290843904036 -0.02345994301140308 1.0027639269828799 1.5226168632507326 0.011161063797771932 -0.64744529128074635 0.030817147344350818 0.0023096428485587244 0.23677000403404239 -0.011205674614757298 0.013128571677953007 0.010162999853491785 0.070930000394582762 0.0069350439589470634 -0.0088488850742578489 0.030782000161707405 0.04561406001448632 0.0038056753110140566 1.6270467042922976 -0.03604829125106334 -0.01072654267773032 0.0055643701925873765 0.77309998869895946 1.2003571391105654 0.0026879953220486645
decision_type=2 2 2 2 2 2 2 2 2 2 2 2 2 2 2 2 2 2 2 2 2 2 2 2 2 2 2 2 2 2
left_child=1 2 9 -4 -5 8 7 -7 15 11 -11 -1 -13 -6 -9 -3 -17 18 20 -20 22 -22 -18 -24 -19 26 27 -26 -29 -27
right_child=-2 5 3 4 13 6 -8 14 -10 10 -12 12 -14 -15 -16 16 17 24 19 -21 21 -23 23 -25 25 29 -28 28 -30 -31
leaf_value=-1.7371461701181258e-06 6.5594324130896872e-06 -2.1455130730767038e-06 -5.6941105340810845e-06 0.00013450221369913336 1.3854713911416677e-05 0.00013913623597813164 -1.2018193941828982e-05 9.4087466104177846e-05 -6.6248363214792441e-06 0.00025198392177685494 3.910417500762691e-07 0.00018823881568096114 8.1019410847223597e-06 4.0816989499805522e-06 -1.9393319584196436e-05 0.00025585496714484183 7.3524387110637693e-06 -8.9838054284721862e-06 0.00030410298873407145 -3.6096978666054468e-05 7.5693604667407543e-06 5.1160200127868533e-05 -2.6572569374307301e-05 7.0531121441903957e-05 -1.1350299691643257e-05 -1.3058095820017933e-06 0.00020706284843492121 0.00043320297493968003 -6.2260794495614391e-07 4.0002051561393131e-06
leaf_weight=8193 10787 47237 898 21 3321 34 87 21 5393 32 433 20 144 2927 25 28 500 2661 22 55 4757 163 456 22 414 49033 39 24 250 8763
leaf_count=8193 10787 47237 898 21 3321 34 87 21 5393 32 433 20 144 2927 25 28 500 2661 22 55 4757 163 456 22 414 49033 39 24 250 8763
internal_value=2.40053e-08 -4.94463e-07 3.41495e-06 7.76753e-06 9.69583e-06 -1.01543e-06 3.09943e-05 7.77704e-05 -1.06004e-06 -1.21081e-07 1.7705e-05 -1.11296e-06 3.00699e-05 9.27635e-06 3.24131e-05 -7.97766e-07 1.49791e-07 4.31823e-08 7.05645e-06 6.1103e-05 6.35086e-06 9.01353e-06 -7.04416e-06 -2.21034e-05 -6.41707e-07 -2.62398e-07 1.87313e-05 8.05552e-06 3.73767e-05 -5.01314e-07
internal_weight=146760 135973 15989 7167 6269 119984 167 80 119817 8822 465 8357 164 6248 46 114424 67187 67159 5975 77 5898 4920 978 478 61184 58523 727 688 274 57796
internal_count=146760 135973 15989 7167 6269 119984 167 80 119817 8822 465 8357 164 6248 46 114424 67187 67159 5975 77 5898 4920 978 478 61184 58523 727 688 274 57796
is_linear=0
shrinkage=0.05


Tree=78
num_leaves=31
num_cat=0
split_feature=8 3 11 10 9 13 24 2 11 20 8 3 11 6 6 8 20 20 9 31 11 31 4 4 10 10 4 5 31 6
split_gain=0.000133776 0.000108589 0.00010567 9.84563e-05 0.000428237 8.87439e-05 7.73987e-05 7.54429e-05 0.000161651 0.000404856 8.23871e-05 0.000169091 0.000843643 7.96001e-05 0.000191523 0.00242355 0.000143706 0.000197735 7.45882e-05 0.000138653 0.000101055 0.000115344 8.70316e-05 8.27964e-05 8.2873e-05 8.09116e-05 8.0388e-05 7.7585e-05 7.46386e-05 7.43731e-05
threshold=0.0036550539080053572 0.0076052600052207717 0.59893998503685009 12.07653856277466 1.5406900048255923 0.0018062700401060285 0.8181808888912202 0.0026809704722836618 -0.49660080671310419 0.031545780599117286 0.0065051973797380933 0.00357318704482168 0.10092026367783548 1.2003571391105654 0.97178572416305553 0.0049212523736059674 0.036131976172328002 0.026944933459162716 1.1446965336799624 -0.55471658706665028 -0.56797453761100758 0.18662150949239734 1.2040295004844668 0.53789645433425914 0.38940426707267767 0.0041766732465475806 1.8511338829994204 1.0865756273269656 -0.38408827781677241 0.003746428526937962
decision_type=2 2 2 2 2 2 2 2 2 2 2 2 2 2 2 2 2 2 2 2 2 2 2 2 2 2 2 2 2 2
left_child=1 -1 7 5 -5 29 -7 8 9 -2 13 12 -12 14 -9 -16 17 -17 19 -13 22 23 -21 24 -22 -25 28 -24 -20 -4
right_child=2 -3 3 4 -6 6 -8 10 -10 -11 11 18 -14 -15 15 16 -18 -19 26 20 21 -23 27 25 -26 -27 -28 -29 -30 -31
leaf_value=-6.2900625152163312e-07 1.8219281716562241e-05 -4.7442980246614752e-05 -4.2274323542104955e-05 -1.8237090022071766e-05 0.00023493924875409627 3.5426843685071945e-06 9.3835001431822704e-05 3.5232681806078257e-06 1.2473989655954204e-05 0.00026953837441396901 0.00034228862595741898 0.00012236993436911894 7.0604870219825648e-06 -5.7924008200878422e-06 0.00054878820762744663 1.0630003188988704e-06 -7.1487575167504311e-05 0.00016515369072641036 -2.8741331736009154e-05 -3.4129909736626232e-05 2.3767474119011922e-05 -3.1935840174859336e-05 -1.5181250066895948e-05 0.00011283104331991838 9.6196534561899274e-05 1.7822062767055018e-05 -7.0852095747820404e-05 9.9105463151419025e-05 7.4129540156326825e-06 -6.7529357557142262e-06
leaf_weight=120672 59 124 154 61 23 2142 24 13601 829 22 23 31 102 2269 22 146 55 21 159 164 80 93 33 23 78 872 37 27 1397 3417
leaf_count=120672 59 124 154 61 23 2142 24 13601 829 22 23 31 102 2269 22 146 55 21 159 164 80 93 33 23 78 872 37 27 1397 3417
internal_value=2.28051e-08 -6.77062e-07 3.2789e-06 -2.65477e-06 5.1085e-05 -3.44162e-06 4.54315e-06 4.99363e-06 1.90612e-05 8.64788e-05 4.32803e-06 1.17663e-05 6.87425e-05 2.88829e-06 4.31094e-06 4.8217e-05 -1.38915e-06 2.16972e-05 9.3875e-06 1.78028e-05 1.54366e-05 2.14404e-05 -1.52787e-05 2.61545e-05 5.95236e-05 2.02636e-05 1.9865e-06 3.62478e-05 3.71853e-06 -8.2848e-06
internal_weight=146760 120796 25964 5821 84 5737 2166 20143 910 81 19233 3119 125 16114 13845 244 222 167 2994 1401 1370 1146 224 1053 158 895 1593 60 1556 3571
internal_count=146760 120796 25964 5821 84 5737 2166 20143 910 81 19233 3119 125 16114 13845 244 222 167 2994 1401 1370 1146 224 1053 158 895 1593 60 1556 3571
is_linear=0
shrinkage=0.05


Tree=79
num_leaves=31
num_cat=0
split_feature=21 21 0 10 9 23 20 10 21 14 14 7 7 0 6 5 7 21 7 1 21 10 7 5 5 5 0 9 5 1
split_gain=0.000171451 9.8645e-05 7.73685e-05 6.21874e-05 5.50815e-05 5.33351e-05 0.000128944 5.22796e-05 6.34006e-05 5.09995e-05 6.84598e-05 0.000154973 5.43531e-05 8.75422e-05 5.3639e-05 7.89205e-05 7.20736e-05 8.09714e-05 0.000511234 9.4993e-05 6.59727e-05 0.000286302 5.75652e-05 0.000366848 9.83499e-05 5.82805e-05 6.4761e-05 5.38029e-05 0.000478871 5.77591e-05
threshold=0.0047939138021320113 1.0000000180025095e-35 0.0012554493150673809 0.40707688033580786 1.5226168632507326 1.0000000180025095e-35 0.027548126876354221 0.013283974025398495 0.0064968387596309194 -0.00016547810082556677 0.025078667327761654 0.0083010001108050364 0.0044810001272708186 0.007291273446753622 0.015860714949667457 0.57013392448425304 0.54589998722076427 0.016275134868919853 3.741899967193604 0.0080078514292836207 0.016275134868919853 1.8328990936279299 0.10638000071048738 1.9923813343048098 1.9923813343048098 1.5023021101951601 0.011686593759804966 1.5825773477554324 1.7661967873573305 0.0073540357407182464
decision_type=2 2 2 2 2 2 2 2 2 2 2 2 2 2 2 2 2 2 2 2 2 2 2 2 2 2 2 2 2 2
left_child=1 2 -1 4 5 -3 -7 8 -2 12 -11 -12 13 -9 15 -14 22 27 -19 -20 -17 -22 23 25 -24 -16 -27 28 -18 -29
right_child=7 3 -4 -5 -6 6 -8 9 -10 10 11 -13 14 -15 16 20 17 18 19 -21 21 -23 24 -25 -26 26 -28 29 -30 -31
leaf_value=-2.4409237792653756e-06 3.3309836778373994e-07 -1.9629753386154391e-06 5.3628840835776196e-06 2.7658353816029092e-08 -9.6692912233358197e-06 -3.0590210764785301e-05 0.00012999864722951316 -3.0043535960154332e-06 0.00012319634818898825 3.4205842630029186e-07 0.00014565682423987408 1.4219083280891002e-05 8.4767493077062846e-05 -9.4683151950573964e-05 8.5009665662601929e-06 1.4729005453165643e-05 1.2894731014648163e-05 0.00022211201393210721 3.4455456443538424e-05 -0.00010938389733231209 -5.3358269706222924e-05 0.00021417787771497388 -4.028179765612836e-06 0.0001847793888059798 -0.00010244498732320679 -1.0722229697736527e-05 -0.00010364167312879793 3.2258003385833548e-06 0.00020256453498244381 -5.6546346472121355e-05
leaf_weight=4371 21 48563 11618 68971 2400 25 25 255 21 4452 24 342 46 29 1357 865 1568 31 22 24 20 20 1073 29 26 127 22 333 34 46
leaf_count=4371 21 48563 11618 68971 2400 25 25 255 21 4452 24 342 46 29 1357 865 1568 31 22 24 20 20 1073 29 26 127 22 333 34 46
internal_value=2.16648e-08 -4.59685e-07 3.22951e-06 -9.51305e-07 -2.27489e-06 -1.90983e-06 4.97042e-05 6.08921e-06 6.17647e-05 5.87158e-06 2.05096e-06 2.2838e-05 8.97732e-06 -1.23659e-05 1.00515e-05 2.08794e-05 7.85683e-06 1.48676e-05 6.51725e-05 -4.05912e-05 1.7632e-05 8.04098e-05 2.37918e-06 8.6336e-06 -6.35651e-06 5.24168e-06 -2.44419e-05 1.29123e-05 1.69202e-05 -4.02887e-06
internal_weight=146760 135973 15989 119984 51013 48613 50 10787 42 10745 4818 366 5927 284 5643 951 4692 2058 77 46 905 40 2634 1535 1099 1506 149 1981 1602 379
internal_count=146760 135973 15989 119984 51013 48613 50 10787 42 10745 4818 366 5927 284 5643 951 4692 2058 77 46 905 40 2634 1535 1099 1506 149 1981 1602 379
is_linear=0
shrinkage=0.05


Tree=80
num_leaves=31
num_cat=0
split_feature=21 21 15 3 3 6 31 4 9 3 4 15 13 20 4 5 31 22 31 10 24 5 9 15 4 0 9 15 0 3
split_gain=0.000136102 0.000112283 9.67584e-05 0.000165486 0.000156357 0.00145464 0.00298267 6.97088e-05 6.97877e-05 6.74738e-05 0.000153906 0.000396499 6.01369e-05 0.000239117 0.00147047 0.000107755 9.93579e-05 5.9324e-05 9.47608e-05 5.64698e-05 5.76284e-05 0.000188979 0.000154796 7.8942e-05 8.68928e-05 7.71843e-05 5.45105e-05 5.38548e-05 0.000193974 5.3479e-05
threshold=0.0040039983578026303 1.0000000180025095e-35 0.0080325570888817328 0.010835845023393633 0.0024538075085729365 0.33842857182025915 0.0049214435275644073 0.76413688063621532 1.5058972835540774 0.0040598157793283471 1.8511338829994204 -0.0077542674262076608 -0.015707672573626038 0.065585054457187666 1.6425615549087527 1.570839583873749 0.19114242494106296 0.0086814290843904036 -0.068730689585208879 0.016455985605716709 -0.56713193655014027 1.8931820988655093 0.71932035684585582 -0.02771922945976257 1.7350854277610781 0.0094623286277055758 1.1409125328063967 -0.025619863532483574 0.0065943291410803804 0.0069725054781883964
decision_type=2 2 2 2 2 2 2 2 2 2 2 2 2 2 2 2 2 2 2 2 2 2 2 2 2 2 2 2 2 2
left_child=1 2 3 -1 5 -4 -7 8 -3 -9 17 -12 15 19 16 29 -15 -11 -19 26 21 22 -21 24 25 -22 -14 28 -25 -2
right_child=12 7 4 -5 -6 6 -8 9 -10 10 11 -13 13 14 -16 -17 -18 18 -20 20 23 -23 -24 27 -26 -27 -28 -29 -30 -31
leaf_value=1.2208119889921383e-06 4.7172160392289528e-06 -2.2975799438932005e-06 -2.0734603437033257e-06 0.00011688191988204996 7.2767223536194049e-06 -1.9050758055527695e-05 0.00071392281091033039 -5.5467844918180538e-07 -1.2505048523296046e-05 3.7999895270198772e-06 0.0002660538919008104 -1.608128137983537e-05 0.00010723690480657611 2.1993351860642593e-05 0.00041851894801948225 -5.8779312287167691e-05 -9.0619061136195615e-05 7.2525210927981086e-06 0.0001048464122217602 0.0001191474446276323 -2.2661522268596767e-05 0.00016077736972048033 9.0387786691420713e-06 6.2091120306142109e-06 -8.7464870398434874e-05 6.9804673526400272e-05 1.3772170289555036e-05 3.740523426934418e-06 0.00017165249185960752 -2.1359118434462155e-05
leaf_weight=13000 762 39306 298 31 2719 35 23 70146 1749 4481 20 33 26 132 25 91 23 72 38 33 171 22 975 91 45 26 39 12083 22 265
leaf_count=13000 762 39306 298 31 2719 35 23 70146 1749 4481 20 33 26 132 25 91 23 72 38 33 171 22 975 91 45 26 39 12083 22 265
internal_value=-2.27056e-08 -5.33146e-07 3.37855e-06 1.49596e-06 1.13564e-05 4.25156e-05 0.000271611 -1.07699e-06 -2.73243e-06 -1.68258e-07 5.6685e-06 9.03848e-05 4.51867e-06 5.42776e-06 6.2677e-05 -6.63199e-06 5.28312e-06 4.6905e-06 4.09668e-05 4.6663e-06 4.44192e-06 1.58076e-05 1.26435e-05 3.50072e-06 -2.47773e-05 -1.04579e-05 5.11581e-05 4.06183e-06 3.84193e-05 -2.01134e-06
internal_weight=146782 131951 16106 13031 3075 356 58 115845 41055 74790 4644 53 14831 13713 180 1118 155 4591 110 13533 13468 1030 1008 12438 242 197 65 12196 113 1027
internal_count=146782 131951 16106 13031 3075 356 58 115845 41055 74790 4644 53 14831 13713 180 1118 155 4591 110 13533 13468 1030 1008 12438 242 197 65 12196 113 1027
is_linear=0
shrinkage=0.05


end of trees

feature_importances:
atr_50=385
atr_14=236
volatility_50=222
volatility_20=145
atr_norm=144
volume_trend=138
trend_strength=120
return_autocorr=112
vol_ratio_5_20=94
atr_ratio=89
volatility_10=87
price_vs_sma20=87
bar_range=82
vol_ratio_10_50=80
gap=67
price_vs_sma50=60
drawdown_depth=58
drawdown=57
rsi_14=54
volume_ratio=53
volatility_5=45
regime_bull=7
regime_bear=2
regime_flat=2
rsi_extreme_low=2
gap_risk=1
rsi_extreme_high=1

parameters:
[boosting: gbdt]
[objective: regression]
[metric: rmse]
[tree_learner: serial]
[device_type: cpu]
[data_sample_strategy: bagging]
[data: ]
[valid: ]
[num_iterations: 81]
[learning_rate: 0.05]
[num_leaves: 31]
[num_threads: -1]
[seed: 42]
[deterministic: 0]
[force_col_wise: 0]
[force_row_wise: 0]
[histogram_pool_size: -1]
[max_depth: -1]
[min_data_in_leaf: 20]
[min_sum_hessian_in_leaf: 0.001]
[bagging_fraction: 0.8]
[pos_bagging_fraction: 1]
[neg_bagging_fraction: 1]
[bagging_freq: 5]
[bagging_seed: 400]
[bagging_by_query: 0]
[feature_fraction: 0.8]
[feature_fraction_bynode: 1]
[feature_fraction_seed: 30056]
[extra_trees: 0]
[extra_seed: 12879]
[early_stopping_round: 0]
[early_stopping_min_delta: 0]
[first_metric_only: 0]
[max_delta_step: 0]
[lambda_l1: 0]
[lambda_l2: 0]
[linear_lambda: 0]
[min_gain_to_split: 0]
[drop_rate: 0.1]
[max_drop: 50]
[skip_drop: 0.5]
[xgboost_dart_mode: 0]
[uniform_drop: 0]
[drop_seed: 17869]
[top_rate: 0.2]
[other_rate: 0.1]
[min_data_per_group: 100]
[max_cat_threshold: 32]
[cat_l2: 10]
[cat_smooth: 10]
[max_cat_to_onehot: 4]
[top_k: 20]
[monotone_constraints: ]
[monotone_constraints_method: basic]
[monotone_penalty: 0]
[feature_contri: ]
[forcedsplits_filename: ]
[refit_decay_rate: 0.9]
[cegb_tradeoff: 1]
[cegb_penalty_split: 0]
[cegb_penalty_feature_lazy: ]
[cegb_penalty_feature_coupled: ]
[path_smooth: 0]
[interaction_constraints: ]
[verbosity: -1]
[saved_feature_importance_type: 0]
[use_quantized_grad: 0]
[num_grad_quant_bins: 4]
[quant_train_renew_leaf: 0]
[stochastic_rounding: 1]
[linear_tree: 0]
[max_bin: 255]
[max_bin_by_feature: ]
[min_data_in_bin: 3]
[bin_construct_sample_cnt: 200000]
[data_random_seed: 175]
[is_enable_sparse: 1]
[enable_bundle: 1]
[use_missing: 1]
[zero_as_missing: 0]
[feature_pre_filter: 1]
[pre_partition: 0]
[two_round: 0]
[header: 0]
[label_column: ]
[weight_column: ]
[group_column: ]
[ignore_column: ]
[categorical_feature: ]
[forcedbins_filename: ]
[precise_float_parser: 0]
[parser_config_file: ]
[objective_seed: 16083]
[num_class: 1]
[is_unbalance: 0]
[scale_pos_weight: 1]
[sigmoid: 1]
[boost_from_average: 1]
[reg_sqrt: 0]
[alpha: 0.9]
[fair_c: 1]
[poisson_max_delta_step: 0.7]
[tweedie_variance_power: 1.5]
[lambdarank_truncation_level: 30]
[lambdarank_norm: 1]
[label_gain: ]
[lambdarank_position_bias_regularization: 0]
[eval_at: ]
[multi_error_top_k: 1]
[auc_mu_weights: ]
[num_machines: 1]
[local_listen_port: 12400]
[time_out: 120]
[machine_list_filename: ]
[machines: ]
[gpu_platform_id: -1]
[gpu_device_id: -1]
[gpu_use_dp: 0]
[num_gpu: 1]

end of parameters

pandas_categorical:null
