tree
version=v4
num_class=3
num_tree_per_iteration=3
label_index=0
max_feature_idx=41
objective=multiclass num_class:3
feature_names=log_return_1 log_return_3 log_return_5 log_return_10 cum_return_5 cum_return_10 rsi_5 rsi_7 rsi_14 rsi_slope micro_vol_3 micro_vol_5 micro_vol_10 vol_ratio_3_10 atr_5 atr_10 atr_norm_5 atr_norm_10 atr_expansion volume_ratio_5 volume_ratio_10 volume_ratio_20 volume_spike volume_trend volume_momentum bar_position bar_range_pct bar_body_pct upper_shadow lower_shadow gap high_break low_break ema_cross_3_8 ema_cross_3_13 ema_cross_8_13 price_vs_ema3 price_vs_ema8 stoch_k_5 stoch_d_5 roc_3 roc_5
feature_infos=[-52.489486694335938:59.330509185791016] [-39.791042327880859:36.685234069824219] [-34.179450988769531:31.18303108215332] [-27.467184066772461:23.466161727905273] [-34.179450988769531:31.18303108215332] [-27.467184066772461:23.466161727905273] [-1.9641381502151489:1.9654395580291748] [-2.3291032314300537:2.3272614479064941] [-3.2925674915313721:3.2243695259094238] [-5.442995548248291:5.0413856506347656] [-1.3670834302902222:51.281318664550781] [-1.684754490852356:44.410293579101562] [-1.9427493810653687:37.025684356689453] [-2.1009209156036377:2.7127633094787598] [-1.6309165954589844:51.760997772216797] [-1.8504152297973633:47.977447509765625] [-1.6611771583557129:50.558219909667969] [-1.7952003479003906:47.707614898681641] [-3.8876938819885254:4.3664698600769043] [-1.3980070352554321:5.2249045372009277] [-1.1413830518722534:8.3607110977172852] [-0.97495204210281372:13.182451248168945] [-0.43323469161987305:2.8712060451507568] [-2.0364234447479248:5.3088722229003906] [-0.35632449388504028:109.09683990478516] [-1.402491569519043:1.5006716251373291] [-1.2412879467010498:67.076202392578125] [-0.94474762678146362:79.682212829589844] [-0.91318053007125854:5.3512859344482422] [-0.93916356563568115:5.0623998641967773] [-22.642068862915039:96.508529663085938] [-0.59254395961761475:1.9513639211654663] [-0.56938618421554565:1.9191844463348389] [-35.066093444824219:30.572607040405273] [-31.912181854248047:26.650644302368164] [-25.573652267456055:22.571140289306641] [-52.230182647705078:54.236045837402344] [-41.712863922119141:44.414146423339844] [-1.561255931854248:1.6201403141021729] [-1.9459176063537598:1.9593391418457031] [-35.696640014648438:40.949649810791016] [-32.010749816894531:34.97198486328125]
tree_sizes=3438 3491 3443 3567 3538 3541 3551 3530 3552 3548 3544 3556 3542 3543 3552 3546 3536 3556 3553 3547 3531 3551 3539 3567 3555 3547 3545 3544 3555 3551 3553 3570 3567 3566 3550 3565 3564 3547 3547 3567 3548 3556 3547 3559 3555 3564 3565 3588 3573 3551 3563 3557 3571 3546 3566 3567 3559 3557 3565 3555 3558 3559 3588 3548 3584 3583 3572 3566 3550 3567 3563 3582 3574 3558 3567 3552 3577 3555 3564 3568 3570 3560 3574 3574 3572 3568 3549 3558 3573 3565 3537 3579 3538 3558 3596 3555 3542 3570 3555 3554 3576 3543 3527 3599 3545 3548 3583 3543 3532 3570 3534 3529 3593 3559 3540 3579 3563 3540 3575 3548 3548 3584 3520 3562 3564 3552 3547 3588 3525 3573 3586 3545 3549 3575 3555 3538 3563 3493 3510 3572 3552 3513 3579 3559 3541 3578 3519

Tree=0
num_leaves=31
num_cat=0
split_feature=32 31 17 31 31 17 31 31 31 14 15 32 32 28 32 34 32 32 6 32 32 32 35 35 33 15 29 32 17 32
split_gain=3296.69 1204.11 747.553 409.716 333.397 162.955 164.005 156.657 132.23 118.547 99.6902 77.8833 92.0121 63.8483 58.2893 48.2911 46.7447 44.9636 40.5964 37.4233 35.5605 35.2648 34.7147 29.594 29.4686 28.7319 27.2618 27.23 25.4383 24.9195
threshold=-0.55043593049049366 -0.54869693517684925 -0.066201712936162935 -0.54526427388191212 -0.54526427388191212 -0.74019941687583912 1.8225664496421816 1.8339731693267824 -0.54124015569686879 0.8987410068511964 -0.12893654406070706 1.0000000180025095e-35 -0.52605235576629628 -0.88338494300842274 1.8167446851730349 -0.13557241111993787 -0.56480154395103443 -0.56480154395103443 -0.7823185622692107 -0.54039704799652089 1.0000000180025095e-35 -0.52605235576629628 -2.107345342636108 0.44963410496711737 -0.51604774594306935 0.089023407548666014 -0.73537117242813099 1.8510450720787051 -0.61353585124015797 -0.54039704799652089
decision_type=2 2 2 2 2 2 2 2 2 2 2 2 2 2 2 2 2 2 2 2 2 2 2 2 2 2 2 2 2 2
left_child=10 -2 3 24 15 13 8 -8 28 11 17 12 19 -5 -13 25 22 -1 -11 -6 -10 -20 -12 -19 -3 -4 -15 -22 -7 -9
right_child=1 2 4 5 9 6 7 29 20 18 16 14 -14 26 -16 -17 -18 23 21 -21 27 -23 -24 -25 -26 -27 -28 -29 -30 -31
leaf_value=-1.3273966966926318 -1.3301383898351764 -1.3726990149315303 -1.3707957210938853 -1.3262792623027904 -1.3539026069843048 -1.3751446384903596 -1.3805261119906413 -1.3636116317524702 -1.351838578796676 -1.3213755666188958 -1.356728523061254 -1.3197896180026489 -1.3667730764714394 -1.3678192400652913 -1.3450624867751677 -1.3697622577084545 -1.3272466382716159 -1.3381131524990066 -1.3333596469985021 -1.3421523094082997 -1.3323393998797692 -1.3517948544873837 -1.3168543654576668 -1.3293077629761898 -1.3821552724392145 -1.3555042975595029 -1.3808409273725848 -1.3477690648099856 -1.3609846660333209 -1.3494890272038351
leaf_weight=2401.1984619498253 3257.8017303347588 1009.650487601757 379.87991511821747 63.409394025802612 1395.8713421225548 390.54422229528427 1488.967861533165 621.7002859711647 1513.4669455885887 468.94129127264023 56.203781068325043 325.69370567798615 883.98459762334824 555.69687128067017 761.77740186452866 1785.8391153812408 4574.6995544433594 3566.4901894330978 917.13041722774506 1316.8978241086006 564.34360682964325 361.72177046537399 1894.7879832983017 1302.7748227119446 4477.5678917765617 1605.4105669260025 1452.651572227478 579.6195062994957 1688.4192281961441 627.75300085544586
leaf_count=8331 11303 3503 1318 220 4843 1355 5166 2157 5251 1627 195 1130 3067 1928 2643 6196 15872 12374 3182 4569 1958 1255 6574 4520 15535 5570 5040 2011 5858 2178
internal_value=-1.34903 -1.35875 -1.36244 -1.36953 -1.35199 -1.36327 -1.35983 -1.36957 -1.3542 -1.34507 -1.32897 -1.34922 -1.35276 -1.37568 -1.33749 -1.3638 -1.32448 -1.333 -1.33396 -1.3482 -1.34681 -1.33857 -1.318 -1.33576 -1.38042 -1.35843 -1.37724 -1.34016 -1.36364 -1.35652
internal_weight=42290.9 28494.7 25236.9 15033.8 10203.1 9546.57 7474.81 2738.42 4736.39 6432.02 13796.2 4684.22 3596.75 2071.76 1087.47 3771.13 6525.69 7270.46 1747.79 2712.77 2657.43 1278.85 1950.99 4869.27 5487.22 1985.29 2008.35 1143.96 2078.96 1249.45
internal_count=146729 98863 87560 52160 35400 33122 25934 9501 16433 22316 47866 16252 12479 7188 3773 13084 22641 25225 6064 9412 9220 4437 6769 16894 19038 6888 6968 3969 7213 4335
is_linear=0
shrinkage=1


Tree=1
num_leaves=31
num_cat=0
split_feature=32 31 17 31 24 31 17 31 17 31 31 31 31 24 32 31 15 17 32 1 17 31 15 16 26 17 11 22 35 17
split_gain=9422.74 4089.74 2855.69 1456.75 761.053 679.528 488.561 465.624 329.133 301.795 296.53 288.979 230.399 176.176 166.548 156.988 153.258 133.098 102.692 68.6935 66.0238 63.7649 58.9065 48.0526 47.9484 47.936 45.5544 52.2631 43.583 42.5321
threshold=-0.55043593049049366 -0.54869693517684925 0.14201267063617709 -0.54526427388191212 -0.10647905245423316 -0.54526427388191212 -0.61353585124015797 1.8225664496421816 -0.17161194980144498 -0.54124015569686879 1.8225664496421816 1.8339731693267824 1.8339731693267824 -0.061224816367030137 -0.56480154395103443 -0.54124015569686879 -0.29363717138767237 0.906740963459015 -0.56480154395103443 -0.827457696199417 0.52194744348526012 1.8775747418403628 -0.83893945813179005 0.63516113162040722 -0.23752462118864057 1.1440440416336062 -0.21752375364303586 -0.42406351864337916 0.4237141907215119 0.41626481711864477
decision_type=2 2 2 2 2 2 2 2 2 2 2 2 2 2 2 2 2 2 2 2 2 2 2 2 2 2 2 2 2 2
left_child=8 19 3 16 -5 17 13 9 14 -8 15 -9 25 -6 -1 20 -3 28 -10 -2 -7 -13 -15 -14 -11 -12 27 -16 -4 -17
right_child=1 2 5 4 6 10 7 11 18 24 12 21 23 22 26 29 -18 -19 -20 -21 -22 -23 -24 -25 -26 -27 -28 -29 -30 -31
leaf_value=-0.76605826422726797 -0.77219014745834613 -0.68146929885580931 -0.71630590293182195 -0.76357610222358607 -0.68480180702101656 -0.73055599079382527 -0.71376239487923943 -0.69054213251953223 -0.77802980634520358 -0.73113066230465995 -0.70729620214299638 -0.70909021223810553 -0.73590818071226816 -0.69458587230337143 -0.74167476243601904 -0.75175418464054689 -0.6951627182743052 -0.7325842606512396 -0.76640223571618993 -0.7594053286964384 -0.74980484072223963 -0.72890925961893216 -0.71074321540888041 -0.75714011423260297 -0.74387056313172439 -0.73277484883440736 -0.7583512856977993 -0.75312301142005544 -0.70206719771834147 -0.76688729480167939
leaf_weight=2942.5275652706623 1939.8441679179668 5079.6884435713291 1629.0797094404697 708.7676143348217 1837.2544551193714 694.53984394669533 2763.1827753782272 2065.6476113498211 2711.1390889585018 1704.337126493454 783.65061637759209 834.57105776667595 534.2902195751667 859.28244844079018 1624.2123143076897 661.21690803766251 3418.4090432524681 1097.7848099470139 6338.0972929000854 2292.1686925292015 1242.3090038895607 790.01567155122757 1642.1842347979546 531.66931450366974 1303.3386505544186 241.49768158793449 1724.555537045002 2581.2170804142952 801.99695187807083 1559.0641025304794
leaf_count=7859 5181 13567 4351 1893 4907 1855 7380 5517 7241 4552 2093 2229 1427 2295 4338 1766 9130 2932 16928 6122 3318 2110 4386 1420 3481 645 4606 6894 2142 4164
internal_value=-0.733417 -0.719008 -0.713037 -0.703417 -0.713046 -0.735674 -0.710451 -0.716822 -0.763176 -0.725692 -0.74558 -0.702951 -0.730222 -0.696558 -0.756333 -0.753305 -0.686978 -0.718134 -0.769886 -0.765266 -0.742902 -0.718728 -0.705193 -0.746498 -0.736651 -0.713298 -0.751508 -0.748701 -0.711609 -0.762381
internal_weight=54937.5 37015.8 32783.8 23006.7 14508.6 9777.1 13799.8 9461.09 17921.7 5770.86 6248.24 3690.23 2091.11 4338.72 8872.51 4157.13 8498.1 3528.86 9049.24 4232.01 1936.85 1624.59 2501.47 1065.96 3007.68 1025.15 5929.98 4205.43 2431.08 2220.28
internal_count=146729 98863 87560 61447 38750 26113 36857 25269 47866 15413 16688 9856 5585 11588 23697 11103 22697 9425 24169 11303 5173 4339 6681 2847 8033 2738 15838 11232 6493 5930
is_linear=0
shrinkage=1


Tree=2
num_leaves=31
num_cat=0
split_feature=32 31 17 31 37 31 12 31 31 17 17 32 22 12 24 31 31 32 17 12 28 17 14 12 37 17 17 17 32 17
split_gain=2826.79 1455.46 1184.47 454.405 285.203 206.659 203.723 151.695 118.383 107.203 103.255 79.6896 76.981 69.1615 57.2041 55.5115 54.6075 48.0763 47.9613 46.9455 43.1291 37.5513 34.7669 33.2051 30.1697 28.4144 27.3957 27.3223 24.3067 23.1627
threshold=-0.55043593049049366 -0.54869693517684925 0.15088993310928348 -0.54526427388191212 -0.24363890290260312 -0.54526427388191212 -0.08099049329757689 -0.54124015569686879 1.8225664496421816 -0.45949085056781763 0.906740963459015 -0.56097197532653797 -0.41168570518493647 0.53915637731552135 -0.10214426368474959 1.8339731693267824 -0.54124015569686879 -0.54039704799652089 -0.30836747586727137 1.0113947391510012 -0.74281468987464894 -0.26699431240558619 -0.063004076480865465 -0.86968737840652455 -0.48962959647178644 0.49053497612476354 -0.35582800209522242 1.1440440416336062 -0.52605235576629628 0.44471406936645513
decision_type=2 2 2 2 2 2 2 2 2 2 2 2 2 2 2 2 2 2 2 2 2 2 2 2 2 2 2 2 2 2
left_child=6 13 3 18 7 10 11 22 16 20 -4 23 17 24 -9 27 -7 -11 -3 -8 -6 -13 -5 -1 -2 -17 -16 -10 -14 -18
right_child=1 2 5 4 9 8 19 14 15 12 -12 21 28 -15 26 25 29 -19 -20 -21 -22 -23 -24 -25 -26 -27 -28 -29 -30 -31
leaf_value=-1.3373444101729444 -1.3233069194597227 -1.3801883840946749 -1.3601887708896896 -1.3653819020493227 -1.3610436041195391 -1.3376009797142656 -1.3230572583429761 -1.3221405412763729 -1.36204755454551 -1.3610597481722009 -1.3390768538903468 -1.3429335593351122 -1.3556549573136474 -1.3062382432787727 -1.3496431179590629 -1.3507075368566588 -1.3331054953182293 -1.3471881062205204 -1.3715467679930078 -1.3121378451436543 -1.3733111059150354 -1.3317821434442703 -1.3452753757457521 -1.3263274927559017 -1.3346637816168654 -1.3311944106351601 -1.335537883464702 -1.3400990097852694 -1.3708915095222456 -1.3204968159077566
leaf_weight=859.45044422149658 1944.1600774526596 3835.4708836376667 1832.6856582760811 921.54111811518669 923.27388110756874 1475.7364818453789 5102.6982187330723 441.56576922535896 593.76011872291565 1175.1021026670933 846.74351561069489 2119.746727347374 330.09135004878044 483.7296687066555 711.58800220489502 289.66021355986595 530.22547566890717 1333.3611226379871 2761.7354160249233 1219.5763528048992 3198.6804839372635 1172.5029581785202 280.41881093382835 3349.4308642745018 836.34693765640259 524.16080519556999 666.82495823502541 186.27202168107033 1264.3393967747688 1163.5503493845463
leaf_count=2976 6732 13281 6346 3191 3197 5110 17669 1529 2056 4069 2932 7340 1143 1675 2464 1003 1836 4617 9563 4223 11076 4060 971 11598 2896 1815 2309 645 4378 4029
internal_value=-1.34612 -1.35511 -1.35916 -1.36615 -1.36004 -1.34241 -1.32756 -1.34691 -1.33616 -1.36487 -1.35352 -1.33314 -1.35915 -1.32369 -1.3378 -1.34728 -1.33057 -1.35369 -1.37657 -1.32095 -1.37056 -1.33896 -1.36069 -1.32858 -1.32672 -1.33814 -1.34282 -1.35681 -1.36774 -1.32444
internal_weight=42374.4 28551 25286.8 17844 11246.8 7442.79 13823.4 3021.94 4763.37 8224.85 2679.43 7501.13 4102.89 3264.24 1819.98 1593.85 3169.51 2508.46 6597.21 6322.27 4121.95 3292.25 1201.96 4208.88 2780.51 813.821 1378.41 780.032 1594.43 1693.78
internal_count=146729 98863 87560 61788 38944 25772 47866 10464 16494 28480 9278 25974 14207 11303 6302 5519 10975 8686 22844 21892 14273 11400 4162 14574 9628 2818 4773 2701 5521 5865
is_linear=0
shrinkage=1


Tree=3
num_leaves=31
num_cat=0
split_feature=32 31 15 31 31 24 12 34 15 31 31 31 24 32 32 14 34 32 32 32 24 35 33 35 15 15 31 15 14 32
split_gain=2923.54 1078.44 689.158 388.627 297.678 173.977 120.134 118.085 87.4449 83.2087 112.515 96.4311 69.7297 65.6926 61.3859 59.3167 45.8296 42.6939 40.1135 33.7327 32.1511 31.7515 30.9358 29.245 24.272 23.3337 22.0256 20.7129 20.6274 25.5291
threshold=-0.55043593049049366 -0.54869693517684925 -0.054540675133466714 -0.54526427388191212 -0.54526427388191212 -0.11002837494015692 -0.65967065095901478 -0.99395683407783497 -0.072583377361297594 1.8225664496421816 1.8339731693267824 -0.54124015569686879 -0.10647905245423316 -0.52605235576629628 1.0000000180025095e-35 1.2533975243568423 -0.16867643594741819 -0.56480154395103443 -0.54039704799652089 -0.56480154395103443 -0.062893170863389955 -2.107345342636108 -0.51604774594306935 0.50522008538246166 0.089023407548666014 -0.5903257131576537 1.8775747418403628 0.72742068767547619 -0.23256368190050122 1.7705337405204775
decision_type=2 2 2 2 2 2 2 2 2 2 2 2 2 2 2 2 2 2 2 2 2 2 2 2 2 2 2 2 2 2
left_child=8 28 3 22 16 -5 20 -6 19 11 -11 25 -9 15 -15 18 24 21 -14 -1 -7 -10 -3 -21 -4 -8 -12 -19 29 -2
right_child=1 2 4 5 7 6 9 12 17 10 26 -13 13 14 -16 -17 -18 27 -20 23 -22 -23 -24 -25 -26 -27 -28 -29 -30 -31
leaf_value=0.019950451599339017 0.021855019448296154 -0.022522155712848938 -0.020892588164523777 0.016320186554078568 0.018006468952331892 -0.030392514974628485 -0.025106249598516418 0.032121488553051643 -0.0075542084143544828 -0.029482833172850244 -0.014183324873330889 0.00070423343543549004 -0.004968008239028196 -0.015785760672270825 0.0035460789632384424 0.019593159117059823 -0.019697131088528771 0.018286167174356521 0.0069788686326626645 0.010882745214943904 -0.019317475397404856 0.030713764521125592 -0.032183763657629094 0.019470388661355378 -0.0059563413678447082 -0.011932531900026652 -0.00016812275306108895 0.026099790299196665 0.021332496429040518 0.0085383046571803328
leaf_weight=2587.3172644972801 568.11512145400047 1023.044743090868 329.31911951303482 464.45634487271309 1194.7452006936073 1112.9953024983406 431.55054166913033 169.51779207587242 55.889290571212769 1196.0748831629753 583.07287496328354 2038.3503858447075 1445.1808610856533 1068.8741101324558 666.81991240382195 496.0511429309845 1802.6020933687687 3050.5469000041485 1367.4522342979908 4029.8702113628387 1593.5616429150105 1797.9321759939194 4357.3620397746563 1314.857241243124 1562.6075596213341 1520.1883308291435 539.90302136540413 1174.7850416004658 1756.5943076014519 981.98801603913307
leaf_count=8817 1942 3626 1164 1589 4103 3956 1526 578 193 4252 2049 7071 5025 3759 2304 1700 6356 10412 4716 13843 5611 6090 15521 4498 5455 5324 1875 4013 6004 3357
internal_value=4.63469e-05 -0.00920958 -0.0127638 -0.0196137 -0.00268838 -0.0135223 -0.0150597 0.00382807 0.0187221 -0.0112794 -0.0188113 -0.00690181 0.00057914 -0.00048085 -0.00835884 0.00365185 -0.013992 0.0232341 0.000840351 0.015264 -0.0238718 0.0295601 -0.0303467 0.0129954 -0.00855623 -0.0148454 -0.00744511 0.0204586 0.0176228 0.0134189
internal_weight=42281.6 28270.4 24963.7 14860.6 10103.2 9480.15 9015.7 6408.64 14011.2 6309.14 2319.05 3990.09 5213.9 5044.38 1735.69 3308.68 3694.53 6079.15 2812.63 7932.04 2706.56 1853.82 5380.41 5344.73 1891.93 1951.74 1122.98 4225.33 3306.7 1550.1
internal_count=146729 98863 87560 52400 35160 33253 31664 22185 47866 22097 8176 13921 18082 17504 6063 11441 12975 20708 9741 27158 9567 6283 19147 18341 6619 6850 3924 14425 11303 5299
is_linear=0
shrinkage=0.05


Tree=4
num_leaves=31
num_cat=0
split_feature=32 22 17 24 22 22 22 17 22 22 22 17 22 22 22 32 15 17 17 17 22 32 17 37 22 32 11 22 15 22
split_gain=8429.86 3028.1 2642.16 684.364 691.874 746.368 724.126 491.852 451.492 542.071 312.235 298.679 208.256 172.318 165.747 164.616 159.473 142.977 113.337 110.256 96.4187 67.3527 65.8534 59.3912 58.628 56.8556 52.3296 49.7042 46.3842 45.9365
threshold=-0.55043593049049366 -0.41827584803104395 0.14201267063617709 -0.10647905245423316 -0.40989206731319422 -0.3786234557628631 2.391140460968018 -0.70893594622611988 -0.40989206731319422 -0.3786234557628631 -0.41279751062393183 -0.072261396795511232 2.4396792650222783 2.4396792650222783 2.6582129001617436 -0.56480154395103443 -0.26873028278350825 1.1440440416336062 0.53880113363266002 -0.7481451928615569 -0.41279751062393183 -0.56480154395103443 -0.50060841441154469 -0.57630053162574757 -0.41279751062393183 -0.54039704799652089 -0.21752375364303586 2.42249608039856 -0.35223308205604548 -0.42406351864337916
decision_type=2 2 2 2 2 2 2 2 2 2 2 2 2 2 2 2 2 2 2 2 2 2 2 2 2 2 2 2 2 2
left_child=11 23 3 -3 7 16 -7 20 18 17 22 15 -11 19 -15 -1 -6 -10 24 -8 -5 -13 -9 -2 -4 -20 29 -21 -12 -17
right_child=1 2 8 4 5 6 13 10 9 12 28 21 -14 14 -16 26 -18 -19 25 27 -22 -23 -24 -25 -26 -27 -28 -29 -30 -31
leaf_value=-0.031859836717046564 -0.034984965247661599 -0.029179094064343464 0.0044366050809686378 0.048313899597920901 0.048870225784194844 -0.026328243319192431 0.040765420254144862 0.033586914910313535 0.021475737962324513 -0.029574073115174543 0.0074228815336323519 -0.042518099362413575 0.0064694570385322022 0.042498918953882081 -0.032485961349115328 -0.0087539606693525663 0.035476100290117378 -0.00097160218717354501 -0.012933553521905828 0.019916247383792079 0.027551023174827955 -0.032438683827946006 0.018147786643872371 -0.021728460668503816 -0.014471371673149134 -0.0278049477344013 -0.02412636768102118 0.00047862480128213751 -0.0041117462277670052 -0.01907972772324882
leaf_weight=3226.6602312922478 2235.2437743842602 519.93678039312363 819.18393534421921 1200.3557560741901 5857.7972195744514 743.90516275167465 371.95857784152031 946.64914482831955 3060.6164617240429 1149.928089350462 1619.2498815357685 2407.6299624145031 615.14113500714302 1657.8102063238621 77.123185962438583 1779.4449418187141 3580.6751492917538 923.40026497840881 1085.6456971764565 640.57536867260933 1046.7349605560303 5318.8028348684311 2554.2479569613934 1358.3306175768375 820.70840585231781 1575.2495964169502 2413.8574588894844 675.92105886340141 1887.5665192604065 2728.8650387227535
leaf_count=8643 5988 1392 2188 3201 15621 1991 992 2525 8166 3078 4323 6457 1642 4421 206 4757 9549 2466 2903 1709 2792 14248 6815 3636 2195 4217 6461 1805 5042 7300
internal_value=2.5471e-05 0.0136394 0.0183276 0.0275433 0.0288334 0.0360074 0.0183833 0.0182867 -0.00311247 0.00605373 0.0117595 -0.0281721 -0.0170126 0.0280991 0.0391656 -0.0225328 0.0437889 0.016273 -0.0153654 0.016728 0.0386422 -0.0355795 0.0223226 -0.0299742 -0.00502617 -0.0217374 -0.0181852 0.0099365 0.00121429 -0.0150041
internal_weight=54899.2 37024 33430.4 23380.5 22860.6 13605.8 4167.29 9254.8 10049.9 5749.09 7007.71 17875.3 1765.07 3423.39 1734.93 10148.8 9438.47 3984.02 4300.79 1688.46 2247.09 7726.43 3500.9 3593.57 1639.89 2660.9 6922.17 1316.5 3506.82 4508.31
internal_count=146729 98863 89239 62384 60992 36294 11124 24698 26855 15352 18705 47866 4720 9133 4627 27161 25170 10632 11503 4506 5993 20705 9340 9624 4383 7120 18518 3514 9365 12057
is_linear=0
shrinkage=0.05


Tree=5
num_leaves=31
num_cat=0
split_feature=32 17 22 22 22 22 22 17 22 17 17 32 22 22 22 22 22 32 15 17 22 16 32 34 16 15 15 16 16 16
split_gain=2504.88 1096.74 959.89 239.432 220.496 277.089 299.753 180.542 179.309 137.147 105.161 91.0033 88.7457 80.2484 69.6586 60.1276 72.1764 57.9436 57.3884 57.388 38.2421 38.1116 36.2068 31.1531 30.6248 30.5657 30.0585 29.6826 29.6346 25.2526
threshold=-0.55043593049049366 0.14201267063617709 -0.41827584803104395 -0.40989206731319422 -0.40989206731319422 -0.3786234557628631 2.391140460968018 -0.48479837179183954 -0.3786234557628631 0.10800506174564363 0.88067278265953075 -0.54039704799652089 -0.41279751062393183 -0.41279751062393183 2.4396792650222783 2.4396792650222783 2.6582129001617436 -0.56722325086593617 -0.27410610020160669 -0.28811837732791895 -0.41827584803104395 -0.59386152029037464 -0.56097197532653797 -0.1959118843078613 1.3919892311096194 -0.83893945813179005 -0.048681383952498429 -0.19710368663072583 1.7575116753578188 3.2629762887954716
decision_type=2 2 2 2 2 2 2 2 2 2 2 2 2 2 2 2 2 2 2 2 2 2 2 2 2 2 2 2 2 2
left_child=9 2 -2 11 7 18 -7 13 10 17 -5 -3 27 -4 29 21 -17 26 -6 22 -13 -8 -19 -14 -16 -15 -1 -9 -11 -10
right_child=1 3 4 8 5 6 15 12 14 28 -12 20 23 25 24 16 -18 19 -20 -21 -22 -23 -24 -25 -26 -27 -28 -29 -30 -31
leaf_value=0.023712344015294314 0.017352030884304426 0.0043816207218120122 -0.028356846010621429 -0.01507445923086439 -0.032655951825503696 0.015172283057682111 -0.025100086368048748 -0.018182462001001182 0.019681929751188532 0.022847492782481212 0.0046426619365513332 0.029518886961260895 0.011014018455175181 -0.02499973847616091 -0.0089754922760517854 -0.030173145577728985 0.023194305862281009 0.012435248759646217 -0.023414767137419745 0.016635499029012662 0.016476740418206324 -0.0066300563130162167 0.0030008863086775158 -0.0020569956653048692 0.02216999819280261 -0.0091108923743621201 0.0084673527407625737 -0.0055833690488142516 0.035667217599824982 0.062657811321818566
leaf_weight=1764.756390273571 2042.7015927135944 1363.8014237880707 1674.7297185659409 2036.938483953476 4363.2618629336357 792.97787803411484 403.80750697851181 1040.1943281888962 865.71476769447327 4121.6543478667736 1012.3360377252102 782.7619580924511 710.03409647941589 396.69656839966774 370.82045596837997 1247.5969716906548 66.74462366104126 2009.0063676536083 2731.8465802967548 3166.8510549068451 1993.467099070549 905.77283301949501 2059.4703168570995 1273.373338162899 100.26767712831497 1277.2089787125587 395.86448794603348 849.06527099013329 506.15674206614494 35.587090194225311
leaf_count=6018 6970 4692 5922 7138 15512 2714 1422 3647 2957 14008 3494 2654 2447 1397 1296 4421 232 6869 9658 10807 6811 3160 7101 4411 346 4469 1349 2972 1714 121
internal_value=-7.92693e-05 -0.00863245 -0.0151046 0.00631713 -0.0188433 -0.0234644 -0.0117667 -0.0121165 -0.00177364 0.0172041 -0.00852852 0.0149583 -0.00476492 -0.0206185 0.0132349 -0.0199079 -0.0274631 0.0137339 -0.0290978 0.0115883 0.020154 -0.0123253 0.00765956 0.00262226 -0.0023464 -0.0128764 0.0209192 -0.0125202 0.0242496 0.0213788
internal_weight=42361.5 28337.7 19776 8561.69 17733.3 10512 3416.9 7221.3 4421.66 14023.8 3049.27 4140.03 3872.67 3348.64 1372.39 2623.92 1314.34 9395.95 7095.11 7235.33 2776.23 1309.58 4068.48 1983.41 471.088 1673.91 2160.62 1889.26 4627.81 901.302
internal_count=146729 98863 69354 29509 62384 37119 11949 25265 15352 47866 10632 14157 13477 11788 4720 9235 4653 32144 25170 24777 9465 4582 13970 6858 1642 5866 7367 6619 15722 3078
is_linear=0
shrinkage=0.05


Tree=6
num_leaves=31
num_cat=0
split_feature=32 22 22 22 17 22 15 15 16 22 15 22 22 22 17 34 22 32 32 17 14 26 35 22 35 12 37 26 17 15
split_gain=2595.67 799.841 534.088 380.981 354.157 289.028 248.248 171.961 123.554 111.604 76.4649 54.8112 54.5047 51.6846 47.0807 35.2458 33.7816 33.2118 31.8674 29.5822 28.2349 28.233 28.1648 25.9779 24.5898 22.3615 20.7918 19.0968 18.6051 18.593
threshold=-0.55043593049049366 -0.40989206731319422 -0.3786234557628631 -0.41827584803104395 -0.66175144910812367 2.391140460968018 -0.018189112655818459 0.70669168233871471 0.34217204153537756 -0.41279751062393183 -0.1061229109764099 2.4396792650222783 -0.41279751062393183 2.6582129001617436 -0.74019941687583912 -0.20302678644657132 2.4396792650222783 -0.56480154395103443 -0.56480154395103443 -0.81597247719764698 -0.47706991434097284 -0.27960364520549769 -2.107345342636108 -0.41168570518493647 0.50522008538246166 -0.24872229248285291 -0.67679938673973072 -0.3983254730701446 -0.16072879731655118 0.72742068767547619
decision_type=2 2 2 2 2 2 2 2 2 2 2 2 2 2 2 2 2 2 2 2 2 2 2 2 2 2 2 2 2 2
left_child=10 3 6 26 12 -4 20 9 11 -6 18 14 -5 -13 -7 -8 -10 22 -1 -14 -3 -9 -12 28 27 -25 -2 -20 -11 -19
right_child=1 2 5 4 7 8 15 21 16 23 17 13 19 -15 -16 -17 -18 29 24 -21 -22 -23 -24 25 -26 -27 -28 -29 -30 -31
leaf_value=0.018667205611526481 0.020182204089730975 -0.033853667669708459 0.018069209993826378 -0.031281338375558403 -0.0099710516272032822 -0.026485254860310573 -0.0078976918094875153 -0.016667414258243984 0.015304922464158708 -0.0018700813151780096 -0.0079746802800030898 -0.025035501278827102 -0.023948658837662447 0.019138186418355883 -0.003555999002120848 -0.017560784521589583 -0.0043665652156096371 0.017180513488654882 0.013748443331719784 -0.006311666154580349 -0.02690521371023339 0.015823721335166144 0.027878309031109438 0.004886433948436201 0.017940837222649816 0.037083671121667904 0.011610680951463205 0.0067150502695038257 0.0056343733724223827 0.024446857062340316
leaf_weight=2542.7982116639614 1555.1470210850239 2529.7833234369755 1207.462132781744 1033.7187828421593 3325.9291623532772 284.21259289979935 1584.394951403141 69.765434205532074 464.05276340246201 1738.7173270881176 56.383856177330017 1269.2063316106796 453.6431950032711 69.862622708082199 1054.5088919699192 2333.4468448162079 412.02107372879982 3344.6110805869102 1751.2434893548489 499.57256999611855 3463.8013065159321 1605.4904592037201 1921.6243750154972 118.5375734269619 1245.8968043029308 98.935532718896866 1297.9719690084457 2149.879925340414 1573.2042778432369 1194.8572595119476
leaf_count=8536 5235 9258 4079 3770 11720 1028 5588 239 1582 6042 194 4603 1629 240 3685 8335 1452 11261 5961 1769 12621 5459 6370 400 4207 333 4389 7324 5407 4013
internal_value=5.32279e-05 -0.00876779 -0.0168286 7.79958e-05 -0.00431792 -0.00306519 -0.0234403 0.000110146 -0.0102458 -0.00339917 0.0174648 -0.0155783 -0.0233291 -0.0227308 -0.00842391 -0.013653 0.00605334 0.0214492 0.0140878 -0.0147053 -0.029838 0.0144706 0.0268563 0.00279385 0.0118255 0.019534 0.0162828 0.00987239 0.00169463 0.0190931
internal_weight=42250.7 28043.4 14672.8 13370.6 10517.5 4761.33 9911.43 8530.58 3553.86 6855.32 14207.3 2677.79 1986.93 1339.07 1338.72 3917.84 876.074 6517.48 7689.82 953.216 5993.58 1675.26 1978.01 3529.39 5147.02 217.473 2853.12 3901.12 3311.92 4539.47
internal_count=146729 98863 52471 46392 36768 16669 35802 29600 12590 23902 47866 9556 7168 4843 4713 13923 3034 21838 26028 3398 21879 5698 6564 12182 17492 733 9624 13285 11449 15274
is_linear=0
shrinkage=0.05


Tree=7
num_leaves=31
num_cat=0
split_feature=32 31 15 31 31 24 15 12 31 31 31 24 31 31 32 16 31 15 32 15 31 31 16 1 15 22 12 16 31 15
split_gain=7550.76 3274.17 2167.76 1120.52 603.72 571.009 374.892 280.314 278.557 229.72 209.21 187.671 163.352 161.861 133.832 129.326 124.754 103.571 95.6603 78.1605 113.252 126.757 71.5202 61.1499 56.709 55.5136 60.5663 53.4801 49.286 44.7266
threshold=-0.55043593049049366 -0.54869693517684925 0.073620192706584944 -0.54526427388191212 -0.54526427388191212 -0.10647905245423316 -0.39304460585117335 -0.23814254254102704 1.8225664496421816 1.8225664496421816 1.8339731693267824 -0.061224816367030137 -0.54124015569686879 -0.54124015569686879 -0.56480154395103443 1.1043146252632143 1.8339731693267824 -0.29363717138767237 -0.56480154395103443 -0.83893945813179005 1.8225664496421816 1.8775747418403628 0.50802031159400951 -0.827457696199417 -0.69824481010437001 -0.42406351864337916 -0.66677343845367421 0.63516113162040722 -0.54124015569686879 1.0324622988700869
decision_type=2 2 2 2 2 2 2 2 2 2 2 2 2 2 2 2 2 2 2 2 2 2 2 2 2 2 2 2 2 2
left_child=7 23 3 17 15 -5 11 14 12 13 29 24 22 -8 -1 -4 -11 -3 -9 -13 28 -22 -6 -2 -7 26 -16 -12 -21 -10
right_child=1 2 4 5 8 6 9 18 10 16 27 19 -14 -15 25 -17 -18 -19 -20 20 21 -23 -24 -25 -26 -27 -28 -29 -30 -31
leaf_value=-0.028766842107585067 -0.035211340622882212 0.046510805139349111 0.019990356735181694 -0.026444369899472565 0.0043278577521186669 0.045873353919609061 0.014667238497326549 -0.039600288233643276 0.025072135587125833 0.035301036303744801 -0.00034202313099952015 0.035068180440230884 -0.024915718753020462 -0.0064972498571173407 0.032610808226557847 -0.0024785048548593529 0.011369907718209978 0.03472530658875668 -0.029005520399898149 0.030838133440038537 0.044283654628957003 0.011851167717960506 -0.014216533797658089 -0.023107882259918396 0.0321580742474935 -0.01870984813839149 -0.0098513402748539852 -0.021637074989487734 0.0082834385245430572 0.0022556143549535388
leaf_weight=2571.8161742389202 1924.7301142513752 5078.3937712907791 3209.2577337324619 666.91297546029091 941.86341819167137 1283.4318055212498 1751.6372468173504 3034.0240189731121 916.38015937805176 1181.0168047249317 659.29863423109055 861.73963132500648 2445.1659873425961 1865.4301543831825 88.227408707141876 800.07942551374435 1010.5855330228806 2945.3259978294373 7154.6081989407539 278.57804197072983 698.06996405124664 530.00165796279907 1160.608307749033 2279.4315720796585 1825.9024114608765 3217.8927096128464 1743.7240400016308 533.33415532112122 1855.2568540871143 280.54132929444313
leaf_count=6918 5181 13567 8560 1791 2516 3427 4672 8182 2444 3152 1762 2299 6562 4986 236 2136 2697 7859 19234 743 1863 1414 3108 6122 4872 8628 4668 1430 4951 749
internal_value=1.13289e-05 0.0128919 0.0182199 0.0273247 6.09943e-05 0.01869 0.0209805 -0.0267352 -0.00886577 0.0114919 0.0049562 0.0284967 -0.0161285 0.00375208 -0.0194827 0.0155066 0.024266 0.0421846 -0.0321605 0.0216336 0.01819 0.0302867 -0.00590903 -0.028649 0.0378193 -0.0147543 -0.00780635 -0.00986497 0.011228 0.0197243
internal_weight=54793.3 36983 32778.8 21832.3 10946.5 13808.6 13141.7 17810.3 6937.19 5808.67 2389.55 7332.98 4547.64 3617.07 7621.66 4009.34 2191.6 8023.72 10188.6 4223.65 3361.91 1228.07 2102.47 4204.16 3109.33 5049.84 1831.95 1192.63 2133.83 1196.92
internal_count=146729 98863 87560 58293 29267 36867 35076 47866 18571 15507 6385 19569 12186 9658 20450 10696 5849 21426 27416 11270 8971 3277 5624 11303 8299 13532 4904 3192 5694 3193
is_linear=0
shrinkage=0.05


Tree=8
num_leaves=31
num_cat=0
split_feature=32 31 17 31 33 12 31 31 15 31 17 32 31 12 15 31 12 31 31 28 31 31 16 16 15 17 12 14 28 12
split_gain=2222.46 1167.67 993.253 411.459 243.853 160.27 149.736 125.085 113.599 82.8562 79.6808 61.1837 60.3524 57.3497 55.0222 53.3026 48.7362 45.4376 43.0205 40.1053 39.9478 31.6052 31.1136 30.0543 26.7056 25.549 22.3954 21.6949 21.4303 19.8561
threshold=-0.55043593049049366 -0.54869693517684925 0.18826775252819064 -0.54526427388191212 -0.25230002403259272 -0.23814254254102704 -0.54526427388191212 -0.54124015569686879 -0.37827077507972712 1.8225664496421816 0.906740963459015 -0.56097197532653797 1.7859630584716799 0.53915637731552135 -0.26293703913688654 -0.53261977434158314 1.0113947391510012 1.8775747418403628 1.8775747418403628 -0.74893552064895619 -0.54124015569686879 -0.54124015569686879 -0.36192037165164942 0.96387261152267467 -0.27870346605777735 -0.2302126660943031 -0.86968737840652455 -0.89134147763252247 -0.88338494300842274 0.19664182513952258
decision_type=2 2 2 2 2 2 2 2 2 2 2 2 2 2 2 2 2 2 2 2 2 2 2 2 2 2 2 2 2 2
left_child=5 13 3 14 7 11 10 22 19 20 -4 26 21 -2 -3 -9 24 23 -14 27 -8 29 -5 -11 -7 -13 -1 -6 -17 -10
right_child=1 2 6 4 8 16 9 15 12 17 -12 25 18 -15 -16 28 -18 -19 -20 -21 -22 -23 -24 -25 -26 -27 -28 -29 -30 -31
leaf_value=0.0070295642375151459 0.016659857932015406 -0.032080847116707133 -0.012481497647602402 -0.021826367452787914 -0.030019441183938851 0.026266640360532043 0.0077524250925443631 0.026822714692814994 -0.014276857389367096 -0.010859026265516058 0.0063636850446688979 0.0016454086589389662 -0.020723116673980805 0.034923743743481485 -0.022588502581932353 0.02573425594775406 0.029607741814844532 0.015015923210581301 -0.0025704054761947256 -0.024575558354126895 0.019161460424912687 0.0019156880755457789 -0.005394351493548828 0.0065347693012002177 0.017632983751399243 0.016621416349001463 0.016207942134207568 -0.010126394400128743 0.0025329445967041575 0.008443124792229079
leaf_weight=877.80608761310577 2864.3121298551559 3936.4472875595093 1636.7108578681946 512.70173627138138 163.32791262865067 1057.5311949253082 1425.5032241046429 325.62403216958046 716.5688491165638 777.9883146584034 853.36083787679672 2081.1577481329441 1464.4540904462337 505.70384815335274 2493.7286005318165 107.9385903775692 1270.9974720478058 362.21908006072044 419.99088829755783 3607.3247440457344 1661.5252328515053 1022.3820064067841 657.53249025344849 364.79518589377403 5852.3188845813274 329.9369885623455 2736.4439486861229 852.00698328018188 1277.2620614171028 111.07096391916275
leaf_count=2976 9628 14409 5798 1839 582 3561 4873 1102 2535 2719 2932 7145 5256 1675 8983 366 4223 1229 1461 12976 5584 3531 2319 1253 19632 1116 9213 3005 4417 391
internal_value=-6.77981e-05 -0.00821123 -0.0119708 -0.0183123 -0.0125407 0.0160517 0.00384984 3.36543e-06 -0.0168652 0.00920357 -0.00602315 0.00986352 -0.0103794 0.0194005 -0.0283996 0.00861986 0.0206095 -0.000415474 -0.0166774 -0.0221048 0.0138931 -0.00396428 -0.0125935 -0.00530664 0.0189543 0.00369474 0.0139788 -0.0133264 0.00434085 -0.0112278
internal_weight=42326.7 28120.5 24750.5 17668.4 11238.2 14206.2 7082.1 2881.06 8357.13 4592.03 2490.07 6025.34 3734.47 3370.02 6430.18 1710.82 8180.85 1505 1884.44 4622.66 3087.03 1850.02 1170.23 1142.78 6909.85 2411.09 3614.25 1015.33 1385.2 827.64
internal_count=146729 98863 87560 63172 39780 47866 24388 10043 29737 15658 8730 20450 13174 11303 23392 5885 27416 5201 6717 16563 10457 6457 4158 3972 23193 8261 12189 3587 4783 2926
is_linear=0
shrinkage=0.05


Tree=9
num_leaves=31
num_cat=0
split_feature=22 24 17 22 22 22 17 31 31 14 22 15 22 22 24 17 34 31 31 22 7 35 17 14 15 16 31 17 11 22
split_gain=1760.31 910.337 582.273 307.851 378.981 283.041 167.24 167.053 179.659 94.3475 77.0333 64.3828 60.1785 68.7486 48.2772 44.3275 42.0587 32.6409 47.0011 28.5172 27.3165 27.2322 25.2887 24.8514 24.4055 24.268 23.2745 22.1015 21.3569 20.4179
threshold=-0.41827584803104395 -0.11002837494015692 -0.066201712936162935 -0.3786234557628631 -0.40989206731319422 2.391140460968018 -0.77663916349411 -0.54526427388191212 -0.54869693517684925 0.8987410068511964 -0.41279751062393183 -0.12893654406070706 2.6582129001617436 2.4396792650222783 -0.060573069378733628 -0.74019941687583912 -0.13557241111993787 1.8225664496421816 1.8477053046226504 2.4290481805801396 -1.0963851213455198 -0.7716400921344756 -0.61353585124015797 -0.47706991434097284 -0.048681383952498429 0.405972570180893 -0.52100145816802967 0.906740963459015 -0.99246081709861744 -0.41279751062393183
decision_type=2 2 2 2 2 2 2 2 2 2 2 2 2 2 2 2 2 2 2 2 2 2 2 2 2 2 2 2 2 2
left_child=11 24 3 4 6 -5 29 8 -4 14 22 21 13 15 27 -7 25 26 -19 -17 -11 -1 -8 -6 28 -10 -16 -9 -2 -3
right_child=1 2 7 5 23 12 10 9 16 20 -12 -13 -14 -15 17 19 -18 18 -20 -21 -22 -23 -24 -25 -26 -27 -28 -29 -30 -31
leaf_value=0.021959840297834057 0.041746096433161947 -0.03392015182715042 0.015890203922221045 0.013022633170888026 -0.033062323142133442 -0.025682797463693022 -0.023318644370914868 -0.0067520897898800825 -0.013436599608831588 0.025932708185265069 -0.00093405718951753065 0.018845337433229449 0.018926917740957325 -0.02624793274339033 0.0064157296270172864 -0.0053044738383154072 -0.018529953090191943 -0.015204850167596311 0.0086187269881720929 0.029447515575463906 0.010693729799192239 0.010865026109456215 -0.010792773913639683 -0.026341605150562171 0.027571233431191191 -0.0022288720619351161 0.022053613209193815 0.0087209069788289576 0.016228061250440001 -0.020888498389921861
leaf_weight=607.01971951127052 86.655931890010834 644.84920179843903 641.43978467583656 1540.17170342803 2440.2051437497139 278.39299836754799 518.01582223176956 1973.1259115636349 953.23216506838799 365.4791596531868 2494.0947793424129 6347.9788308739662 125.44962295889854 1004.3176995813847 1482.5819673240185 802.98078608512878 1706.2459152042866 407.61106136441231 420.71837392449379 63.716256767511368 1505.1207849979401 6223.3828533291817 1814.0474461913109 3152.5109702944756 991.59221172332764 979.07673659920692 283.42552158236504 261.35775929689407 1524.1556524634361 562.99511361122131
leaf_count=2023 290 2426 2126 5154 9198 1029 1920 6957 3425 1220 8677 21000 425 3744 5050 2830 6196 1470 1435 214 5094 20863 6482 11774 3274 3463 940 900 5075 2055
internal_value=6.56176e-05 -0.00681542 -0.00959454 -0.0158535 -0.0198975 -0.00352889 -0.0112067 -0.000791838 -0.00850807 0.00413776 -0.00704238 0.0152202 -0.0147349 -0.0166996 0.000444694 -0.00832512 -0.0128092 0.00508446 -0.00310457 -0.00274964 0.0136711 0.011851 -0.0135751 -0.029274 0.0213999 -0.00775778 0.00892544 -0.00494228 0.0176008 -0.0278459
internal_weight=42201.9 29023.6 26421.2 15441.7 11626.7 3815.03 6034 10979.4 4279.99 6699.42 4826.16 13178.4 2274.86 2149.41 4828.82 1145.09 3638.55 2594.34 828.329 866.697 1870.6 6830.4 2332.06 5592.72 2602.4 1932.31 1766.01 2234.48 1610.81 1207.84
internal_count=146729 102843 94204 55928 42532 13396 21560 38276 15210 23066 17079 43886 8242 7817 16752 4073 13084 8895 2905 3044 6314 22886 8402 20972 8639 6888 5990 7857 5365 4481
is_linear=0
shrinkage=0.05


Tree=10
num_leaves=31
num_cat=0
split_feature=32 31 17 31 31 24 31 24 17 31 31 17 31 31 17 17 32 32 17 31 15 24 17 16 17 24 31 35 17 15
split_gain=6770.15 2932.25 2070.07 914.359 645.279 474.487 321.681 283.654 255.734 204.212 167.224 220.987 194.549 155.536 152.655 145.518 122.998 89.4592 77.6745 69.6081 68.2846 66.1927 59.6752 57.463 56.8967 53.9076 52.727 50.5905 45.0503 40.8961
threshold=-0.55043593049049366 -0.54869693517684925 -0.027945538982748982 -0.54526427388191212 -0.54526427388191212 -0.11002837494015692 1.8225664496421816 -0.061224816367030137 -0.21945004165172574 1.8339731693267824 1.8225664496421816 -0.70893594622611988 1.8477053046226504 -0.54124015569686879 -0.61353585124015797 0.906740963459015 -0.56480154395103443 -0.56480154395103443 0.47519361972808843 -0.52100145816802967 -0.4512247741222381 -0.078191857784986482 -0.22492343187332151 0.63516113162040722 0.41626481711864477 -0.067175310105085359 -0.54124015569686879 0.4237141907215119 1.1440440416336062 -0.89175763726234425
decision_type=2 2 2 2 2 2 2 2 2 2 2 2 2 2 2 2 2 2 2 2 2 2 2 2 2 2 2 2 2 2
left_child=8 22 3 20 15 -5 13 14 16 28 11 19 -12 18 -7 27 -1 -10 -6 29 -3 -16 -2 -11 25 -15 -13 -4 -8 -9
right_child=1 2 4 5 6 7 9 10 17 23 12 26 -14 24 21 -17 -18 -19 -20 -21 -22 -23 -24 -25 -26 -27 -28 -29 -30 -31
leaf_value=-0.027470687028701535 -0.021036612243121443 0.046133969382942293 0.016950594919228866 -0.024291738724553834 0.004511419491283513 0.041562363568336758 0.024003828695339131 0.042306676064376228 -0.038390276239999729 0.0010117613159351278 0.037966725994421475 0.019301042639159553 0.0094642726174647002 -0.040011158497482546 0.019129557081565596 0.00021701091474657879 -0.014454986353924802 -0.027806332422297741 -0.01362808132550836 -0.024352227594250105 0.036517946232504574 0.034171601423081198 -0.032986927618768799 -0.020165963080212589 -0.029232905378925603 -0.010516534281159614 -0.00024340668095321888 0.029829795772752177 0.00024677001059603999 0.022755006086751062
leaf_weight=2743.9413389861584 2017.5321787893772 3530.1003656685352 2380.8257511854172 602.20302736759186 1077.7630840539932 1832.5085210204124 1146.4611887037754 412.2943953871727 2826.6944666206837 792.57601389288902 1330.4201742112637 391.72317427396774 1088.544140547514 181.54870593547821 2402.4775913655758 1098.4038115441799 5362.1925085783005 6797.8396252989769 1304.433942168951 62.934648156166077 3870.2162592411041 1051.4554579854012 2166.4059821069241 537.55496373772621 1543.5886450409889 1056.1579781770706 2898.4584111869335 1121.7323527336121 241.60293787717819 761.34717836976051
leaf_count=7417 5442 9477 6353 1623 2877 4910 3060 1102 7683 2118 3560 1045 2905 490 6409 2932 14399 18367 3498 168 10366 2813 5861 1445 4164 2832 7742 2994 645 2032
internal_value=-1.15348e-05 0.0121892 0.0172295 0.0271078 0.00121666 0.0190369 -0.00746905 0.02117 -0.0254039 0.00645306 0.0145275 0.00885619 0.0251405 -0.014798 0.0298975 0.0160957 -0.0188608 -0.0309148 -0.00542134 0.0268764 0.041105 0.0237087 -0.0272244 -0.00754694 -0.0228292 -0.0148429 0.00208352 0.0210753 0.0198687 0.0296234
internal_weight=54631.9 36901.3 32717.3 20234.7 12482.6 12834.4 7881.69 12232.2 17730.7 2718.2 6945.72 4526.76 2418.96 5163.49 5286.44 4600.96 8106.13 9624.53 2382.2 1236.58 7400.32 3453.93 4183.94 1330.13 2781.3 1237.71 3290.18 3502.56 1388.06 1173.64
internal_count=146729 98863 87560 54152 33408 34309 21129 32686 47866 7268 18554 12089 6465 13861 14132 12279 21816 26050 6375 3302 19843 9222 11303 3563 7486 3322 8787 9347 3705 3134
is_linear=0
shrinkage=0.05


Tree=11
num_leaves=31
num_cat=0
split_feature=32 31 17 31 37 31 12 31 17 31 17 22 32 12 17 37 31 31 32 31 16 12 16 12 37 32 32 26 31 32
split_gain=1973.86 1046.39 912.116 378.862 235.757 143.639 143.371 112.951 90.5138 84.8476 78.5091 60.0467 56.4891 51.2287 43.4132 42.3841 40.7779 36.7635 36.447 36.4091 35.56 34.7139 28.1949 25.9371 24.4011 22.8682 45.0508 20.7551 19.874 19.8522
threshold=-0.55043593049049366 -0.54869693517684925 0.15088993310928348 -0.54526427388191212 -0.24363890290260312 -0.54526427388191212 -0.08099049329757689 -0.54124015569686879 -0.45949085056781763 1.8225664496421816 0.906740963459015 -0.41168570518493647 -0.56097197532653797 0.53915637731552135 -0.30836747586727137 3.3502184152603154 -0.53261977434158314 1.8339731693267824 -0.54039704799652089 -0.54124015569686879 -0.2120389714837074 1.0113947391510012 -0.37165412306785578 -0.86968737840652455 -0.48962959647178644 -0.54039704799652089 -0.52605235576629628 0.43861731886863714 -0.56003680825233448 -0.52605235576629628
decision_type=2 2 2 2 2 2 2 2 2 2 2 2 2 2 2 2 2 2 2 2 2 2 2 2 2 2 2 2 2 2
left_child=6 13 3 14 7 10 12 20 25 19 -4 18 23 24 -3 17 -9 -11 -10 -7 -5 -8 -14 -1 -2 -6 -27 -12 -26 -13
right_child=1 2 5 4 8 9 21 16 11 15 27 29 22 -15 -16 -17 -18 -19 -20 -21 -22 -23 -24 -25 28 26 -28 -29 -30 -31
leaf_value=0.0064713944511845829 0.018526411187145722 -0.03139554315814537 -0.012310495623321682 -0.019214986299591057 -0.027258360623977785 0.0070915874972024466 0.018613096591349517 0.021801752708259788 -0.013228164940134464 -0.011425716154820926 -0.0045771398998822183 -0.0083049274131946262 0.00024519167400172191 0.032628174608849703 -0.022872833249231408 0.030234798149834759 0.003560528338545978 0.0042712103983606736 -0.0010363288012703914 0.017680862815428522 -0.001015027611955839 0.027740515007023004 0.0094923704626824756 0.016060052344663591 0.015055059112176743 -0.013482215654684215 -0.02707569731591989 0.011792221209801597 -0.00025196173140704635 -0.022284381125213457
leaf_weight=883.99225163459778 2033.9908241331577 3524.2132373452187 1771.7620792388916 731.28968113660812 1412.464004278183 1501.2377356290817 5347.0747030377388 388.45883685350418 1136.3626373708248 726.55506509542465 296.02063837647438 322.83283028006554 1450.7255008220673 516.27045151591301 2593.9912897050381 100.14145359396935 1449.9602388143539 766.58112695813179 1331.0094459354877 1767.399833381176 423.99504405260086 1293.7622383534908 1909.0534473061562 3488.0101873278618 495.60825562477112 1425.6381963193417 1064.7109323441982 559.91233313083649 370.633386105299 1190.4377955794334
leaf_count=2976 6732 13281 6346 2660 5228 5110 17669 1297 4069 2576 1016 1143 4966 1675 9563 339 5005 2604 4617 5865 1502 4223 6434 11598 1657 5119 3926 1916 1239 4378
internal_value=-5.05986e-05 -0.00780495 -0.0114219 -0.0178282 -0.0122294 0.00311529 0.0150029 -0.000284056 -0.0167656 0.0082058 -0.00630347 -0.0114606 0.0103748 0.0181166 -0.0277821 -0.00125491 0.00741491 -0.00336686 -0.00665135 0.0128174 -0.0125355 0.0203913 0.00549951 0.0141213 0.0155334 -0.0221763 -0.0192939 0.00613095 0.00850574 -0.0193021
internal_weight=42274.1 27901.5 24485 16995.4 10877.2 7489.61 14372.6 2993.7 7883.46 4861.92 2627.7 3980.64 7731.78 3416.5 6118.2 1593.28 1838.42 1493.14 2467.37 3268.64 1155.28 6640.84 3359.78 4372 2900.23 3902.81 2490.35 855.933 866.242 1513.27
internal_count=146729 98863 87560 61788 38944 25772 47866 10464 28480 16494 9278 14207 25974 11303 22844 5519 6302 5180 8686 10975 4162 21892 11400 14574 9628 14273 9045 2932 2896 5521
is_linear=0
shrinkage=0.05


Tree=12
num_leaves=31
num_cat=0
split_feature=22 24 15 22 22 22 31 31 15 15 22 24 14 22 22 37 31 31 22 31 31 27 31 34 15 22 15 15 26 35
split_gain=1560.94 816.085 527.865 262.02 331.548 241.939 163.754 188.441 123.782 97.0547 75.4474 61.4228 58.1293 50.2894 59.107 49.26 35.6658 46.2422 34.1771 32.2704 33.5152 25.301 24.2842 22.2125 21.9125 21.1073 21.002 20.6026 19.5037 19.7043
threshold=-0.41827584803104395 -0.11002837494015692 -0.12893654406070706 -0.3786234557628631 -0.40989206731319422 2.391140460968018 -0.54526427388191212 -0.54869693517684925 -0.7652524709701537 0.70669168233871471 -0.41279751062393183 -0.060573069378733628 -0.18581615388393399 2.6582129001617436 2.4396792650222783 -0.4692756831645965 1.8225664496421816 1.8339731693267824 2.4290481805801396 1.8225664496421816 1.8339731693267824 -0.42834529280662531 -0.52100145816802967 0.5572263002395631 -0.048681383952498429 -0.41279751062393183 -0.75613817572593678 -0.42832270264625544 -0.2614466249942779 1.7796550393104555
decision_type=2 2 2 2 2 2 2 2 2 2 2 2 2 2 2 2 2 2 2 2 2 2 2 2 2 2 2 2 2 2
left_child=12 24 3 4 8 -5 7 -4 25 11 -10 -8 21 14 18 -9 22 -18 26 28 -21 27 -13 -12 -2 -3 -7 -1 -11 -30
right_child=1 2 6 5 -6 13 9 15 10 19 23 16 -14 -15 -16 -17 17 -19 -20 20 -22 -23 -24 -25 -26 -27 -28 -29 29 -31
leaf_value=0.010768596213536145 0.016457786514019197 -0.03214629091989709 0.01524318494322744 0.011861190133803495 -0.02895407135988648 -0.023643661605227819 -0.0070077789728790127 -0.006043863756797439 -0.014152821893525833 -0.0097447385761284776 -0.0029731104188082252 0.0056199384316463373 0.017407681320552541 0.016531198368777068 -0.0260378854415814 -0.017439392256304521 -0.017778301022972662 0.0054735205656740111 0.027465125313793498 -0.0093413777823349881 0.011827252456631354 0.0076435999107379712 0.021117550639778902 0.011566051357563568 0.025834617766205287 -0.018708653103291239 -0.006761184669197267 0.019012795079322853 0.018137918855741113 0.00017421109305567904
leaf_weight=1973.0082485377789 1630.7779514193535 606.32867407798767 694.78626778721809 1440.244256824255 5018.7056452333927 243.95761814713478 2235.1825925409794 1558.6252680122852 2118.0306408405304 75.479707568883896 1963.4996237754822 1510.5121586918831 6930.3532827198505 120.85737335681915 910.3406198322773 2422.0114842653275 361.66776949167252 523.09858167171478 61.657455831766129 327.98639467358589 434.9249694943428 3188.4609371125698 303.57611757516861 303.27511823177338 1008.2513367533684 564.11928015947342 752.26151555776596 1230.4070246219635 1456.1102345883846 170.53249409794807
leaf_count=6542 5365 2349 2277 4777 19356 918 7936 5622 7745 257 6846 5140 22691 405 3481 8913 1338 1791 204 1169 1454 10598 995 1054 3274 2089 2678 4055 4843 567
internal_value=8.25805e-05 -0.00646057 -0.00913216 -0.0157018 -0.0196391 -0.00390535 -0.00145871 -0.00878376 -0.0112238 0.00316993 -0.00736774 -0.000877688 0.0142358 -0.0147751 -0.0166974 -0.0129775 0.00419923 -0.00403117 -0.00865961 0.0112717 0.00272656 0.0107967 0.00821337 -0.00102789 0.0200402 -0.0256698 -0.0108954 0.0139351 0.0151017 0.0162547
internal_weight=42139 28816.8 26177.8 14103.3 10574 3529.32 12074.5 4675.42 5555.25 7399.07 4384.81 4934.04 13322.2 2089.07 1968.22 3980.64 2698.85 884.766 1057.88 2465.03 762.911 6391.88 1814.09 2266.77 2639.03 1170.45 996.219 3203.42 1702.12 1626.64
internal_count=146729 102843 94204 51902 39439 12463 42302 16812 20083 25490 15645 17200 43886 7686 7281 14535 9264 3129 3800 8290 2623 21195 6135 7900 8639 4438 3596 10597 5667 5410
is_linear=0
shrinkage=0.05


Tree=13
num_leaves=31
num_cat=0
split_feature=32 31 17 31 31 24 31 17 31 17 31 31 31 31 17 32 24 17 15 41 32 16 17 24 35 11 15 15 22 15
split_gain=6079.42 2630.38 1857.67 825.472 575.802 426.71 290.602 258.965 255.7 235.089 185.251 182.336 174.966 140.886 130.151 128.12 112.417 70.1126 63.4731 55.6626 55.0318 52.51 52.468 49.7931 46.711 42.1532 40.8651 40.2324 38.9013 38.2559
threshold=-0.55043593049049366 -0.54869693517684925 -0.027945538982748982 -0.54526427388191212 -0.54526427388191212 -0.11002837494015692 1.8225664496421816 -0.62474665045738209 1.8225664496421816 -0.072261396795511232 1.8339731693267824 -0.54124015569686879 1.8339731693267824 -0.54124015569686879 0.906740963459015 -0.56480154395103443 -0.062893170863389955 0.47519361972808843 -0.4512247741222381 -0.49799011647701258 -0.56480154395103443 0.63516113162040722 0.41626481711864477 -0.067175310105085359 0.4237141907215119 -0.21752375364303586 1.0324622988700869 -0.83893945813179005 -0.42406351864337916 -0.50479483604431141
decision_type=2 2 2 2 2 2 2 2 2 2 2 2 2 2 2 2 2 2 2 2 2 2 2 2 2 2 2 2 2 2
left_child=9 19 3 18 14 -5 13 16 11 15 26 -9 -10 17 24 -1 -7 -6 -3 -2 -11 -12 23 -15 -4 28 -8 -18 29 -17
right_child=1 2 4 5 6 7 10 8 12 20 21 -13 -14 22 -16 25 27 -19 -20 -21 -22 -23 -24 -25 -26 -27 -28 -29 -30 -31
leaf_value=-0.027456039832563336 -0.03004166304919419 0.043911089676173992 0.015940808927442551 -0.023156013883238125 0.0042919677909478565 0.039935944685538224 0.023259350324568329 0.017765685589629203 0.036641392874132026 -0.037165013165114259 0.00098514535920467793 -0.0014683542315243713 0.012838801419271413 -0.038341486408066033 0.00017545260582710158 0.007935935579809112 0.031916525753673604 -0.012948328249466024 0.034609892891044124 -0.017818198200546861 -0.027959837734299255 -0.019276281183857668 -0.027898440747300621 -0.0099035194387441326 0.028325942994872677 -0.020678310678834882 0.0018936984951404747 0.018439900834124275 -0.016223136056427025 -0.010384503496713327
leaf_weight=3178.6614732444286 2753.3604376614094 3502.709982842207 2378.7797423601151 599.68278294801712 1077.8360324203968 1728.7821843624115 1106.0232884287834 2363.7718828618526 1729.7369849383831 2353.1698209047318 792.49714347720146 2573.8445323705673 1394.4512828886509 180.23390871286392 1098.3917542397976 356.79970395565033 859.76442724466324 1302.1998118460178 3850.6413473784924 1407.433018386364 5237.2061792612076 536.08273157477379 1535.4769708514214 1054.5441841185093 1119.6289365887642 2390.2192718982697 280.57329869270325 1556.1935142576694 2709.5942379534245 1415.0044595003128
leaf_count=8643 7491 9477 6353 1623 2877 4660 2956 6310 4653 6457 2118 6877 3722 490 2932 956 2305 3498 10366 3812 14248 1445 4164 2832 2994 6461 749 4159 7300 3801
internal_value=-4.0967e-05 0.011532 0.0163072 0.0256884 0.00113173 0.0180216 -0.00708452 0.0200446 0.0148227 -0.0241718 0.00615199 0.00773951 0.0260173 -0.0140627 0.0151903 -0.0191557 0.0302015 -0.00514079 0.0390404 -0.0259069 -0.0308136 -0.00719035 -0.0217278 -0.0140545 0.0199045 -0.0153161 0.0189361 0.0232358 -0.0124561 -0.0066952
internal_weight=54423.3 36782.6 32621.8 20159.6 12462.3 12806.2 7865.47 12206.5 8061.8 17640.7 2715.18 4937.62 3124.19 5150.29 4596.8 10050.3 4144.74 2380.04 7353.35 4160.79 7590.38 1328.58 2770.26 1234.78 3498.41 6871.62 1386.6 2415.96 4481.4 1771.8
internal_count=146729 98863 87560 54152 33408 34309 21129 32686 21562 47866 7268 13187 8375 13861 12279 27161 11124 6375 19843 11303 20705 3563 7486 3322 9347 18518 3705 6464 12057 4757
is_linear=0
shrinkage=0.05


Tree=14
num_leaves=31
num_cat=0
split_feature=32 31 17 31 37 31 31 11 15 41 17 32 15 22 31 32 16 24 36 17 17 11 14 22 32 32 15 16 28 15
split_gain=1752.78 937.648 837.456 363.195 234.576 118.161 102.124 101.303 90.1153 68.6925 65.4076 55.5773 51.0634 43.5826 39.4706 39.1923 37.6954 35.9605 35.929 32.5134 27.3232 26.6059 27.1241 25.8784 25.49 25.373 22.2841 21.2046 19.6207 19.5491
threshold=-0.55043593049049366 -0.54869693517684925 0.18826775252819064 -0.54526427388191212 -0.24363890290260312 -0.54526427388191212 -0.54124015569686879 0.015001581050455572 -0.37827077507972712 -0.29915663599967951 0.906740963459015 -0.56722325086593617 -0.26293703913688654 -0.41168570518493647 -0.53261977434158314 -0.52605235576629628 -0.2120389714837074 -0.061224816367030137 -0.91753289103507985 -0.350371703505516 0.40261681377887731 1.0230459570884707 -0.15077107399702069 -0.40989206731319422 -0.54039704799652089 -0.56097197532653797 -0.922773778438568 1.585748076438904 -0.88338494300842274 -0.98165336251258839
decision_type=2 2 2 2 2 2 2 2 2 2 2 2 2 2 2 2 2 2 2 2 2 2 2 2 2 2 2 2 2 2
left_child=7 18 3 12 6 10 16 11 17 -7 -4 -1 -3 24 -8 20 -5 -6 -2 25 -11 22 -9 26 -10 29 -19 -17 -16 -13
right_child=1 2 5 4 8 9 14 21 13 15 -12 19 -14 -15 28 27 -18 23 -20 -21 -22 -23 -24 -25 -26 -27 -28 -29 -30 -31
leaf_value=0.017751711004963051 0.022915151066190787 -0.030319907980361369 -0.011290457113524775 -0.018392913129584111 -0.026023982544298836 0.016070434553918034 0.02132712248388352 0.025367877893986753 -0.01169516392818043 -0.0029573649786671947 0.0058087146295884851 -0.0015206109847065946 -0.020961784062172036 -0.017351906430024645 0.02215771852837066 -0.0088143015519869302 1.4729222439818644e-05 -0.028542408278992626 0.01259425617114128 0.011855812900284498 0.010396537021911182 0.025236468897556735 0.015434271370760248 -0.024009444373272081 -0.00107099261769636 0.00035206851743745408 -0.010914651856850052 0.015610519613930103 0.0019281914093817285 0.011898996442204197
leaf_weight=2041.0930182337761 1456.5492135286331 3715.6992150247097 1601.0408198237419 721.04916667938232 1889.0752169489861 1745.6684436202049 404.56985357403755 839.81174367666245 1042.1095285415649 505.9025910794735 859.50029999017715 341.63593438267708 2398.7865958809853 1323.3424246907234 131.47433596849442 714.16809457540512 452.75425681471825 205.37862375378609 2002.5995740294456 3235.2848789095879 1577.3781396150589 1342.1267777383327 3781.5235374867916 831.49290034174919 1232.0474315881729 1624.8097269833088 1411.0254213809967 101.48786294460297 1357.1479259133339 1319.7819403707981
leaf_count=6683 4719 14409 5798 2667 7141 5803 1334 2744 3761 1713 2932 1147 8983 4897 441 2538 1607 769 6584 10692 5258 4330 12343 3110 4268 5550 5098 346 4687 4377
internal_value=-2.96235e-05 -0.00741094 -0.0108886 -0.0168788 -0.0114489 0.00354142 0.000294359 0.0140359 -0.0159881 0.00823454 -0.00531749 0.0105513 -0.0266486 -0.0101375 0.00747855 0.00351595 -0.0112928 -0.0208412 0.0169401 0.0082977 0.00715368 0.0190392 0.0172395 -0.0168416 -0.00593941 0.00479475 -0.0131544 -0.00577525 0.00371485 0.00913953
internal_weight=42206.3 27680.2 24221.1 17116 11001.5 7105.15 3067 14526.1 7934.47 4644.61 2460.54 8562.61 6114.49 3597.5 1893.19 2898.94 1173.8 4336.97 3459.15 6521.51 2083.28 5963.46 4621.34 2447.9 2274.16 3286.23 1616.4 815.656 1488.62 1661.42
internal_count=146729 98863 87560 63172 39780 24388 10736 47866 29044 15658 8730 28449 23392 12926 6462 9855 4274 16118 11303 21766 6971 19417 15087 8977 8029 11074 5867 2884 5128 5524
is_linear=0
shrinkage=0.05


Tree=15
num_leaves=31
num_cat=0
split_feature=32 22 22 22 17 22 15 15 15 22 15 22 22 22 32 22 37 15 35 17 26 15 37 22 26 41 35 24 23 15
split_gain=1826.16 602.283 431.937 271.66 281.632 233.632 224.425 135.972 106.436 81.7776 46.8963 39.63 35.5944 42.594 35.3612 31.2601 30.5627 28.2391 24.5562 23.9412 23.1419 21.5635 20.5458 19.9348 18.9664 17.5154 17.5124 17.4129 17.8984 16.9743
threshold=-0.55043593049049366 -0.40989206731319422 -0.3786234557628631 -0.41827584803104395 -0.70181003212928761 2.391140460968018 -0.018189112655818459 0.70669168233871471 -0.1061229109764099 -0.41279751062393183 -0.28866988420486445 2.4396792650222783 2.6582129001617436 2.4396792650222783 -0.56480154395103443 -0.41279751062393183 -0.50010281801223744 -0.41259889304637903 -2.107345342636108 -0.74019941687583912 -0.24252786487340924 -0.065932735800743089 -0.67679938673973072 -0.41168570518493647 0.28856773674488073 -0.82846057415008534 -1.56621778011322 -0.15817306935787198 2.7617641687393193 0.72742068767547619
decision_type=2 2 2 2 2 2 2 2 2 2 2 2 2 2 2 2 2 2 2 2 2 2 2 2 2 2 2 2 2 2
left_child=10 3 6 22 15 -4 17 9 12 21 27 24 13 19 18 -5 -8 -3 -12 -7 -9 -6 -2 -11 -10 -19 -22 -1 -29 -16
right_child=1 2 5 4 7 8 16 20 11 23 14 -13 -14 -15 29 -17 -18 25 -20 -21 26 -23 -24 -25 -26 -27 -28 28 -30 -31
leaf_value=0.017602205728577437 0.017142076408450464 -0.030881277100931488 0.015951966405269136 -0.029921265547064119 -0.012240920727488015 -0.023571252939837348 -0.0045343658477391977 -0.014596588675391448 -0.0047791762859792008 0.00081145046394912566 -0.0092227730018267368 -0.0073686755430488506 0.022278779907445409 -0.025501465996163292 0.013246297974720395 -0.015902065159926215 -0.014489001001572077 -0.01025935633313789 0.022207056998296539 -0.0063336552845143146 0.022241389693245239 -0.0040751493917763225 0.0087954922614603675 0.015977941026986991 0.013849817642604491 -0.024957993193646916 0.010498949684576665 0.0093169677763349484 0.035157615286347726 0.019777053782897611
leaf_weight=803.92616426944733 1622.7336232364178 2876.2811992317438 1259.3853108882904 821.88307259976864 2029.8858757317066 271.63523170351982 1085.6694962084293 76.309059113264084 180.82830312848091 3508.4866495132446 63.695594370365143 688.93280082941055 57.36517333984375 924.67973741889 5062.0514185130596 770.32615500688553 2660.6718022227287 220.93395248055458 2555.3013984560966 779.425577044487 429.9700790643692 1343.6112552285194 1351.2534064054489 230.92151248455048 558.99159252643585 2452.8112750947475 1214.0749015212059 4899.3065246641636 67.940654367208481 1238.3656052947044
leaf_count=2618 5270 11479 4113 3262 7449 1046 3917 261 625 12080 212 2516 194 3625 16518 2874 9843 853 8130 2769 1408 4755 4441 752 1878 9592 4023 16144 223 4003
internal_value=6.23933e-05 -0.00755959 -0.0148051 2.01292e-05 -0.0037823 -0.002489 -0.0210599 -0.000293287 -0.00919762 -0.00334413 0.0142873 0.00126068 -0.0165471 -0.0176744 0.0165597 -0.0231386 -0.0116042 -0.0274426 0.0214427 -0.0107885 0.0123206 -0.00898862 0.0133497 0.00174803 0.00929648 -0.0237434 0.01357 0.0107753 0.00967041 0.0145299
internal_weight=42107.7 27417.1 14017.6 13399.5 10425.5 4721.24 9296.37 8833.26 3461.86 7112.91 14690.6 1428.75 2033.11 1975.74 8919.41 1592.21 3746.34 5550.03 2619 1051.06 1720.35 3373.5 2973.99 3739.41 739.82 2673.75 1644.04 5771.17 4967.25 6300.42
internal_count=146873 99025 52450 46575 36864 16766 35684 30728 12653 25036 47848 5019 7634 7440 28863 6136 13760 21924 8342 3815 5692 12204 9711 12832 2503 10445 5431 18985 16367 20521
is_linear=0
shrinkage=0.05


Tree=16
num_leaves=31
num_cat=0
split_feature=32 37 22 32 17 17 22 22 22 32 17 22 32 32 15 17 32 32 22 15 22 17 17 17 15 22 17 22 17 22
split_gain=5405.66 1961.61 1169.46 603.938 525.576 482.095 303.045 297.324 332.869 277.407 228.442 203.971 198.138 166.098 126.97 111.673 109.582 105.617 104.977 102.471 90.1149 88.0551 80.9545 73.0706 67.1583 64.6468 62.7252 62.3278 60.2457 54.3488
threshold=-0.55043593049049366 -0.61308032274246205 -0.40989206731319422 1.9011231660842898 -0.32414448261260981 0.083397664129734053 -0.41827584803104395 -0.3786234557628631 2.391140460968018 1.0000000180025095e-35 -0.066201712936162935 -0.41279751062393183 1.8167446851730349 -0.54039704799652089 0.39459976553916937 0.52194744348526012 -0.52605235576629628 -0.56480154395103443 -0.3786234557628631 -0.79500123858451832 2.4396792650222783 0.46005089581012731 -0.71635499596595753 1.1440440416336062 -0.26293703913688654 2.4396792650222783 0.52194744348526012 -0.41827584803104395 -0.70181003212928761 2.6582129001617436
decision_type=2 2 2 2 2 2 2 2 2 2 2 2 2 2 2 2 2 2 2 2 2 2 2 2 2 2 2 2 2 2
left_child=10 3 4 9 6 7 -3 24 -9 16 17 22 -11 15 -5 -6 -2 -1 23 -13 28 -14 -8 -7 -4 -20 27 -15 -10 -22
right_child=1 2 5 14 13 18 11 8 20 12 -12 19 21 26 -16 -17 -18 -19 25 -21 29 -23 -24 -25 -26 -27 -28 -29 -30 -31
leaf_value=-0.025521424842375143 -0.012196660577175606 -0.012591356518412065 0.040491902051775719 0.024403310228264086 0.012750575318858003 0.019713940703373962 0.040572843177683511 -0.019932882703457735 0.03201479019680465 -0.029863407422933461 -0.029522450370750693 0.028390490222952869 -0.0015385807838624972 -0.02098744275563634 -0.0043908010939461796 -0.008909395375932919 0.013050672251223396 -0.014510025881800302 -0.015575319687681409 0.005973586925840723 0.03712124871490316 -0.02473515028408179 0.023167118447883561 9.0745383064925997e-05 0.030690906602169356 0.012452628851519999 -0.021196027912246188 -0.0027685270823115549 0.0093351900804240998 -0.028784680883875154
leaf_weight=3177.3882189691067 843.6323002576828 787.68881472945213 5363.7924332618713 1268.5541822016239 1847.222622692585 2605.2151522040367 1117.7226505875587 466.29067426919937 437.09403759241104 3297.6577639877796 7436.5838339328766 663.19887015223503 1214.4565345048904 594.03742471337318 548.34758216142654 877.88601914048195 876.10776141285896 6921.0039519965649 485.7669238448143 2203.7938287854195 1239.3788069486618 616.94946932792664 1660.4137654602528 580.01657667756081 2592.671056419611 356.87998548150063 992.69929134845734 2238.0527632832527 887.09848716855049 32.090985417366028
leaf_count=8695 2275 2137 14625 3426 4931 6969 3038 1263 1177 9029 20445 1781 3250 1616 1464 2361 2350 18708 1313 5886 3360 1674 4454 1548 6992 954 2699 5997 2370 86
internal_value=-3.58269e-05 0.0108767 0.0173047 -0.00991433 0.00630979 0.0267917 0.0164611 0.0322029 0.018963 -0.016713 -0.0228721 0.0205149 -0.0225398 -0.00366006 0.0157131 0.00577288 0.00066539 -0.0179747 0.0119889 0.0111591 0.0259503 -0.00935286 0.0301699 0.0161406 0.0372982 -0.00370485 -0.0103809 -0.00658999 0.0168214 0.0354578
internal_weight=54229.7 36694.7 28029 8665.71 12982.7 15046.3 6432.82 11018.4 3061.95 6848.8 17535 5645.13 5129.06 6549.9 1816.9 2725.11 1719.74 10098.4 4027.88 2866.99 2595.66 1831.41 2778.14 3185.23 7956.46 842.647 3824.79 2832.09 1324.19 1271.47
internal_count=146873 99025 75557 23468 34900 40657 17296 29873 8256 18578 47848 15159 13953 17604 4890 7292 4625 27403 10784 7667 6993 4924 7492 8517 21617 2267 10312 7613 3547 3446
is_linear=0
shrinkage=0.05


Tree=17
num_leaves=31
num_cat=0
split_feature=32 31 17 31 37 12 31 31 15 2 17 15 31 31 32 12 17 31 17 17 17 33 37 23 31 37 15 12 24 17
split_gain=1532.45 820.764 764.177 331.894 217.09 117.207 102.613 87.3596 74.8696 70.9134 69.5256 58.2237 54.7925 47.5475 46.967 41.4225 41.0134 38.7373 36.0813 34.5291 32.3429 23.8041 22.5484 22.4305 22.3816 22.1109 22.0699 22.0632 22.0267 20.5565
threshold=-0.55043593049049366 -0.54869693517684925 0.18826775252819064 -0.54526427388191212 -0.24363890290260312 -0.13056355714797971 -0.54526427388191212 -0.54124015569686879 -0.60875511169433583 -0.50699356198310841 1.1440440416336062 -0.26293703913688654 1.8225664496421816 1.8775747418403628 -0.56097197532653797 0.50818371772766124 2.3294630050659184 -0.54124015569686879 0.55549210309982311 -0.48479837179183954 -0.053355436772108071 0.58788573741912853 -0.45002558827400202 2.6350198984146123 -0.54124015569686879 3.3502184152603154 0.52463257312774669 -0.76149523258209217 -0.061224816367030137 -1.3278285861015318
decision_type=2 2 2 2 2 2 2 2 2 2 2 2 2 2 2 2 2 2 2 2 2 2 2 2 2 2 2 2 2 2
left_child=5 15 3 11 7 14 10 20 28 24 -4 -3 17 -14 23 22 -7 -10 21 -9 -5 -11 -2 29 -8 26 -20 -16 -6 -1
right_child=1 2 6 4 8 16 9 19 12 18 -12 -13 13 -15 27 -17 -18 -19 25 -21 -22 -23 -24 -25 -26 -27 -28 -29 -30 -31
leaf_value=-0.0083684896060697966 0.015794967924989314 -0.029531138917991129 -0.0097557092620246515 -0.014466181346893078 -0.027991814001253064 0.016735476434041774 0.0097029867746993032 -0.0026840674482835666 -0.013560075913195781 0.0036198799221820567 0.0096346086531927302 -0.019426651531204674 -0.020795901375031678 -0.0049469151687315908 -0.010050108179524932 0.028048984663487916 0.035193239057625336 -0.0015352702346673581 0.021260299566698351 0.011530488707072841 0.0065749402681183544 -0.010229317180055297 0.0058746640784939829 -0.013178571280997128 0.021976780762431911 0.030918550814513657 0.0045328269380960585 0.0052082974427327747 -0.018454515906170893 0.013148185143412608
leaf_weight=114.15152761340141 2191.5053069889545 3613.0593599677086 1811.8464190661907 953.27882558107376 1053.9709462821484 6983.7566591501236 648.30525788664818 637.90802943706512 1225.6915280818939 644.27359735965729 620.64787232875824 2354.8069086074829 2033.4645408987999 616.74958348274231 258.17760851979256 558.16836860775948 314.51313465833664 1476.6104103028774 225.76697957515717 1293.5747478604317 225.91577950119972 598.50077870488167 775.49785220623016 86.448132812976837 869.68617275357246 99.071307688951492 1557.7147980630398 2876.4584543406963 1422.4372400045395 4026.0341466963291
leaf_count=381 7082 14430 6576 3540 4118 22491 2174 2220 4521 2187 2102 8991 7736 2196 879 1758 994 5158 749 4351 800 2081 2549 282 2821 328 5230 9673 5327 13148
internal_value=-1.62292e-05 -0.00697447 -0.0102856 -0.0160594 -0.0108853 0.0130408 0.0035107 0.000288824 -0.0153251 0.00786877 -0.00480829 -0.0255441 -0.0119993 -0.0171076 0.00858918 0.0155529 0.0175309 -0.0069894 0.00356244 0.00683587 -0.010435 -0.00304968 0.0132021 0.0120286 0.0167349 0.00792746 0.00665032 0.00395157 -0.0225136 0.0125549
internal_weight=42168 27508.5 23983.3 16907.5 10939.6 14659.5 7075.81 3110.68 7828.92 4643.32 2432.49 5967.87 5352.52 2650.21 7361.27 3525.17 7298.27 2702.3 3125.33 1931.48 1179.19 1242.77 2967 4226.63 1517.99 1882.55 1783.48 3134.64 2476.41 4140.19
internal_count=146873 99025 87636 63388 39967 47848 24248 10911 29056 15570 8678 23421 19611 9932 24363 11389 23485 9679 10575 6571 4340 4268 9631 13811 4995 6307 5979 10552 9445 13529
is_linear=0
shrinkage=0.05


Tree=18
num_leaves=31
num_cat=0
split_feature=32 22 22 22 17 15 22 15 15 22 15 22 32 22 22 22 34 15 35 17 26 15 22 37 3 26 8 17 35 37
split_gain=1626.77 547.968 399.078 241.193 258.227 213.235 207.848 121.897 97.983 74.5951 42.2501 35.2048 31.9922 31.9289 39.8022 29.6671 29.3805 27.5499 22.3328 22.038 21.4399 19.8406 18.2469 18.2454 18.1943 17.389 17.03 18.3229 18.7176 16.7522
threshold=-0.55043593049049366 -0.40989206731319422 -0.3786234557628631 -0.41827584803104395 -0.70181003212928761 -0.018189112655818459 2.391140460968018 0.70669168233871471 -0.1061229109764099 -0.41279751062393183 -0.28866988420486445 2.4396792650222783 -0.56480154395103443 2.6582129001617436 2.4396792650222783 -0.41279751062393183 -0.62861770391464222 -0.41259889304637903 -2.107345342636108 -0.74019941687583912 -0.24252786487340924 -0.065932735800743089 -0.41168570518493647 -0.67679938673973072 0.20030379295349124 0.28856773674488073 2.0265775918960576 0.40261681377887731 2.0085384845733647 -0.4692756831645965
decision_type=2 2 2 2 2 2 2 2 2 2 2 2 2 2 2 2 2 2 2 2 2 2 2 2 2 2 2 2 2 2
left_child=10 3 5 23 15 17 -4 9 13 21 -1 25 18 14 19 -5 -7 -3 -12 -8 -9 -6 -11 -2 -13 -10 27 28 -18 -19
right_child=1 2 6 4 7 16 8 20 11 22 12 24 -14 -15 -16 -17 26 29 -20 -21 -22 -23 -24 -25 -26 -27 -28 -29 -30 -31
leaf_value=0.010086126440429303 0.016065197409800842 -0.030067029097891676 0.014912470620765962 -0.029084099075245246 -0.01173303176992639 -0.0039265382335105011 -0.022750812495658173 -0.014353705943356207 -0.0047132711497252996 0.00078126937343353856 -0.0091081226744304192 -0.00011833102612471656 0.013629272984378923 0.02053846030598622 -0.024667264556111609 -0.015278457385008862 -0.018799033327818272 -0.015033831015358202 0.02088651096505683 -0.0060632870767681202 0.012808681603262199 -0.0038772688058557334 0.015238504835708551 0.0082336219837300471 -0.016700136138665615 0.013113127969881412 0.012522866019971393 -0.0099048453130657702 0.051650545976741839 -0.024954247820061747
leaf_weight=5816.4843776226044 1640.941329061985 2789.3521843999624 1273.3449908792973 797.52536219358444 2009.8662535250187 1043.6382777988911 265.5550906509161 75.977600872516632 180.63988849520683 3509.9025969207287 63.582635492086411 402.71882498264313 6361.3782629668713 58.422835975885391 901.66128069162369 759.92786878347397 1389.9345660805702 535.24543249607086 2587.3781291246414 775.95360663533211 1657.9778420627117 1339.3546598553658 232.72273907065392 1360.1123073399067 280.76083412766457 563.68737116456032 59.94815456867218 1202.2405977845192 9.4927087724208814 2076.473856896162
leaf_count=18985 5270 11479 4113 3262 7449 3777 1046 261 625 12080 212 1464 20521 194 3625 2874 5254 2111 8130 2769 5431 4755 752 4441 1052 1878 225 4468 36 8334
internal_value=8.62058e-05 -0.00717845 -0.0141661 3.09675e-05 -0.00357751 -0.0202744 -0.00233808 -0.000265176 -0.00874326 -0.00317073 0.0134083 0.00126341 0.0155524 -0.0158814 -0.0169764 -0.0223479 -0.0110368 -0.0266116 0.0201671 -0.0103181 0.0116185 -0.00859151 0.00168024 0.0125158 -0.00692983 0.00878686 -0.0138248 -0.0144319 -0.0183212 -0.0229212
internal_weight=42022.2 27193.4 13809.1 13384.3 10383.3 9106.33 4702.74 8825.8 3429.4 7091.85 14828.8 1427.81 9012.34 2001.59 1943.17 1557.45 3705.25 5401.07 2650.96 1041.51 1733.96 3349.22 3742.63 3001.05 683.48 744.327 2661.62 2601.67 1399.43 2611.72
internal_count=146873 99025 52450 46575 36864 35684 16766 30728 12653 25036 47848 5019 28863 7634 7440 6136 13760 21924 8342 3815 5692 12204 12832 9711 2516 2503 9983 9758 5290 10445
is_linear=0
shrinkage=0.05


Tree=19
num_leaves=31
num_cat=0
split_feature=32 31 17 31 24 31 15 31 17 31 2 31 17 32 17 15 24 17 31 32 32 32 35 2 22 31 12 22 12 15
split_gain=4856.6 2120.78 1551.79 733.873 400.725 347.454 262.282 228.607 211.533 172.21 163.74 150.104 99.818 98.2158 95.3286 86.3853 77.5597 61.7961 53.1083 48.1812 47.1907 54.7031 43.1686 42.4927 39.4648 37.1493 34.1772 48.2002 52.418 37.0084
threshold=-0.55043593049049366 -0.54869693517684925 0.083397664129734053 -0.54526427388191212 -0.11213024333119391 -0.54526427388191212 -0.60875511169433583 1.8225664496421816 -0.066201712936162935 -0.54124015569686879 -0.55018988251686085 1.8477053046226504 0.53880113363266002 -0.56480154395103443 1.1440440416336062 -0.4229228794574737 -0.061224816367030137 -0.2036410719156265 -0.54124015569686879 -0.56480154395103443 -0.52605235576629628 1.0000000180025095e-35 0.4237141907215119 -0.3277027010917663 -0.40989206731319422 1.8339731693267824 -0.24872229248285291 -0.42406351864337916 -0.6469457447528838 -1.1448308229446409
decision_type=2 2 2 2 2 2 2 2 2 2 2 2 2 2 2 2 2 2 2 2 2 2 2 2 2 2 2 2 2 2
left_child=8 17 3 15 -5 14 16 9 13 -8 18 25 24 -1 22 -3 -6 -2 -7 -10 -14 -22 -4 -18 -12 -9 27 28 -15 -29
right_child=1 2 5 4 6 10 7 11 19 -11 12 -13 20 26 -16 -17 23 -19 -20 -21 21 -23 -24 -25 -26 -27 -28 29 -30 -31
leaf_value=-0.024380815292772487 -0.017243451917603528 0.039837804654726514 0.010678593666179029 -0.022394536782444442 0.035454405992832803 -0.010841666488065295 0.015269536578240782 0.031971205582930172 -0.034274083320735248 -0.0022815291262627728 -0.00033072542337106523 0.0030903395974871354 -0.014303966362966873 0.027732709157221914 -0.0047432574176543285 0.029395166500318384 0.0059737634091620992 -0.029462661921611646 -0.027316243689054255 -0.025523934634889639 0.0087566249588871357 -0.026616785764093882 0.023403269309620681 0.024455843267106508 0.013502078462597811 0.018977372617978747 -0.018771372997545707 0.00096208560442409086 -0.0070039288254294899 -0.017173239209408667
leaf_weight=3156.3482723534107 2049.020521402359 3733.4812757074833 2074.4105153679848 672.45929619669914 1762.7111415266991 868.28493541479111 2684.4437130689621 1877.7991106510162 2275.4056330323219 2915.6082341074944 1448.8024336695671 769.87324547767639 1763.1267982721329 116.44408750534058 787.36588943004608 4217.7332059144974 365.00971579551697 2090.1905657351017 1120.4269679486752 5097.861959695816 522.78617617487907 138.18325859308243 982.0665191411972 2101.5563892126083 800.52046355605125 777.95550054311752 2262.3230257034302 315.54626521468163 1612.9582133293152 2593.0300944149494
leaf_count=8695 5608 10322 5548 1838 4826 2340 7186 5118 6370 7797 3885 2054 4781 312 2102 11491 978 5781 3067 14075 1397 376 2636 5661 2149 2084 6169 853 4346 7028
internal_value=-7.60218e-05 0.010287 0.0145944 0.0221789 0.0152597 -0.00120019 0.01717 0.0123555 -0.0217913 0.00613176 -0.00810699 0.0225297 -0.00299359 -0.0170749 0.0107706 0.0342985 0.0274448 -0.0234138 -0.0201233 -0.0282242 -0.0100325 0.00136141 0.0147671 0.0217208 0.00459229 0.0281649 -0.013733 -0.0112754 -0.00466504 -0.0152058
internal_weight=53953.7 36523.8 32384.6 21878.6 13927.4 10506 13255 9025.68 17429.9 5600.05 6662.13 3425.63 4673.42 10056.6 3843.84 7951.21 4229.28 4139.21 1988.71 7373.27 2424.1 660.969 3056.48 2466.57 2249.32 2655.75 6900.3 4637.98 1729.4 2908.58
internal_count=146873 99025 87636 59355 37542 28281 35704 24239 47848 14983 17995 9256 12588 27403 10286 21813 11465 11389 5407 20445 6554 1773 8184 6639 6034 7202 18708 12539 4658 7881
is_linear=0
shrinkage=0.05


Tree=20
num_leaves=31
num_cat=0
split_feature=32 31 17 31 37 12 17 31 15 31 31 6 15 31 31 32 17 12 2 35 17 12 15 29 15 37 31 17 23 37
split_gain=1363.72 736.109 701.14 305.615 188.154 105.13 103.499 88.2513 71.2465 57.759 56.5831 56.3598 51.3544 49.9572 42.5137 42.1616 38.0553 37.4948 34.0216 36.4548 27.1723 26.948 24.2507 22.4102 22.2103 22.0874 22.0351 20.5603 20.5483 20.0019
threshold=-0.55043593049049366 -0.54869693517684925 0.15088993310928348 -0.54526427388191212 -0.38637581467628473 -0.13056355714797971 0.88067278265953075 -0.54526427388191212 -0.60875511169433583 1.8225664496421816 -0.54124015569686879 0.077014185488224043 -0.26293703913688654 -0.54124015569686879 1.8775747418403628 -0.56097197532653797 1.6235178709030154 0.50818371772766124 -0.6890442669391631 2.0085384845733647 -0.17161194980144498 2.111241459846497 0.47754582762718206 -0.7425892949104308 -0.22683454304933545 -0.96800151467323292 -0.54124015569686879 -0.95386213064193714 2.6350198984146123 -0.45002558827400202
decision_type=2 2 2 2 2 2 2 2 2 2 2 2 2 2 2 2 2 2 2 2 2 2 2 2 2 2 2 2 2 2
left_child=5 17 3 12 10 15 7 -4 23 13 20 22 -3 -10 -11 28 24 29 26 -20 -5 -21 -9 -6 -7 -12 -8 -17 -1 -2
right_child=1 2 6 4 8 16 18 11 9 14 25 -13 -14 -15 -16 27 -18 -19 19 21 -22 -23 -24 -25 -26 -27 -28 -29 -30 -31
leaf_value=0.011773081290124712 0.014778568577066621 -0.02871538413635932 -0.010927419861487514 -0.01438079385711755 -0.01299143556587491 0.022436267011619881 0.011798138009321052 0.016539220296083425 -0.013472300477501984 -0.020037734712265963 0.020105236219424016 -0.0031343456944965399 -0.01892799175443366 -0.00079143110830100076 -0.0047957428434313209 -0.01458353743801391 0.028181186798421451 0.026383342867445397 0.0028332979184184153 0.011538881113244756 0.0048466869987506839 0.043157971974932555 0.0030352139839493458 -0.023416393904800957 0.014200452448347417 0.0051320803762618192 0.026491914070582368 0.004540191305913187 -0.01290631879931782 0.0054651273224626696
leaf_weight=4175.894394993782 2214.8033950328827 3508.8943190574646 1677.9031805098057 547.94175043702126 695.34844708442688 953.40923726558685 692.46700540184975 791.69251272082329 1378.776187852025 1945.4596293866634 321.56019461154938 1517.632469534874 2168.5231846272945 1778.5429453253746 598.15577691793442 147.45709076523781 633.61423283815384 566.36943307518959 1501.6536984145641 209.96961921453476 276.45487621426582 99.23231104016304 573.1424588561058 1993.2121320515871 5790.2911207675934 1052.292412340641 404.0044464468956 2999.59241938591 86.081131041049957 779.34088817238808
leaf_count=13529 7082 14430 6209 2054 2606 3041 2330 2618 5150 7560 1077 5243 8455 6183 2139 503 1981 1758 5021 701 988 326 1880 7816 18463 3559 1291 10049 282 2549
internal_value=1.13858e-05 -0.0066138 -0.00979429 -0.0156175 -0.0105987 0.0122405 0.00288903 -0.00181089 -0.0140106 -0.0108463 0.00242263 0.00349589 -0.024977 -0.00632907 -0.0164534 0.0080335 0.0164656 0.014586 0.0102612 0.00605245 -0.00793301 0.0216864 0.0108684 -0.0207202 0.0153648 0.00863666 0.0172122 0.00364414 0.0112746 0.0123544
internal_weight=42079.7 27293.4 23732.9 16265.2 10587.7 14786.3 7467.7 4560.37 8389.5 5700.93 2198.25 2882.47 5677.42 3157.32 2543.62 7409.03 7377.31 3560.51 2907.33 1810.86 824.397 309.202 1364.83 2688.56 6743.7 1373.85 1096.47 3147.05 4261.98 2994.14
internal_count=146873 99025 87636 62017 39132 47848 25619 15950 31454 21032 7678 9741 22885 11333 9699 24363 23485 11389 9669 6048 3042 1027 4498 10422 21504 4636 3621 10552 13811 9631
is_linear=0
shrinkage=0.05


Tree=21
num_leaves=31
num_cat=0
split_feature=32 31 15 31 31 17 31 31 14 31 32 32 37 15 24 32 35 35 32 17 24 4 17 32 17 32 35 27 22 35
split_gain=1449.81 577.935 453.297 230.479 181.441 85.6467 82.8003 87.1197 74.8346 66.9051 59.96 77.5682 45.5917 37.8853 34.6931 30.8705 30.7277 26.4154 23.1564 22.0795 21.3794 20.9662 20.7418 18.2069 19.174 17.7939 23.0291 18.8853 17.7883 17.1567
threshold=-0.55043593049049366 -0.54869693517684925 -0.16069260239601132 -0.54526427388191212 -0.54526427388191212 -0.77663916349411 1.8225664496421816 1.8339731693267824 1.2099369764328005 -0.54124015569686879 1.0000000180025095e-35 -0.52605235576629628 -0.45978444814682001 -0.060792837291955941 -0.11213024333119391 1.8167446851730349 0.94623616337776195 1.6889176964759829 -0.54039704799652089 0.099717784672975554 -0.060643412172794335 -0.66209483146667469 -0.61353585124015797 -0.56480154395103443 1.3791292905807497 -0.56480154395103443 0.50522008538246166 -0.404692992568016 2.6582129001617436 -1.0997733473777769
decision_type=2 2 2 2 2 2 2 2 2 2 2 2 2 2 2 2 2 2 2 2 2 2 2 2 2 2 2 2 2 2
left_child=13 -2 3 21 12 14 9 -8 10 22 11 18 -4 25 -5 -12 -10 -13 -6 -14 -16 -3 -7 24 -15 -1 27 -27 -22 -24
right_child=1 2 4 5 8 6 7 -9 16 -11 15 17 19 23 20 -17 -18 -19 -20 -21 28 -23 29 -25 -26 26 -28 -29 -30 -31
leaf_value=0.013678751094021946 0.011981047928132985 -0.016387716900143064 -0.0045921513917654023 0.016715265403156546 -0.0035831706454815394 -0.021829515902171876 -0.026562698812041985 -0.0066270887848578017 0.018104636341337042 0.00045175853703151173 0.01887294507187819 -0.017756716846474462 -0.02172671413972432 0.021679905010322187 -0.03097471817396924 0.0036024950725248106 0.00059259356478613906 0.0088860501895308055 0.0044016614022453614 -0.011820726718358689 -0.01967032383777086 -0.02756684730488216 0.031602440889924359 0.013718491338760897 0.0085021981021721638 0.010746613217915485 0.014314373894193653 0.0040669355051094792 0.03260675162099673 -0.010019562687365079
leaf_weight=2803.9186136126518 3552.4094503521919 475.78354388475418 1602.5642816722393 55.029364675283432 1814.0146140158176 432.35839241743088 1129.7930921912193 1064.2486474514008 898.99154713749886 2442.5068549513817 478.99748593568802 932.40744830667973 890.09962882101536 1653.3154168128967 598.83628281950951 1070.9058583825827 347.25100812315941 103.34473192691803 1817.934157371521 1528.4365721344948 838.60216560959816 3540.1046177148819 25.233058631420135 4437.4371664226055 331.36704605817795 1881.3890108168125 1429.9986619055271 2418.319917678833 16.594439089298248 1316.851131528616
leaf_count=8915 11389 1948 5924 174 6389 1730 4698 3883 2921 8425 1527 3594 3547 5109 2530 3664 1158 388 6115 5780 3301 14900 93 14114 1041 6134 4617 7918 56 4891
internal_value=0.000111816 -0.00681137 -0.00966174 -0.0164851 -0.00257048 -0.0115376 -0.00901496 -0.0168927 0.00204232 -0.00491625 -0.000199134 -0.00302851 -0.0111326 0.0125981 -0.0222545 0.00832183 0.0132251 -0.0150984 0.000413554 -0.0154665 -0.0237294 -0.0262424 -0.0123053 0.0154989 0.0194797 0.010415 0.00881777 0.00698971 -0.0186559 -0.00923701
internal_weight=41929 26973.3 23420.9 11935.9 11484.9 7920.05 6410.99 2194.04 7463.85 4216.95 6217.6 4667.7 4021.1 14955.7 1509.06 1549.9 1246.24 1035.75 3631.95 2418.54 1454.03 4015.89 1774.44 6422.12 1984.68 8533.63 5729.71 4299.71 855.197 1342.08
internal_count=146873 99025 87636 46629 41007 29781 23720 8581 25756 15139 21677 16486 15251 47848 6061 5191 4079 3982 12504 9327 5887 16848 6714 20264 6150 27584 18669 14052 3357 4984
is_linear=0
shrinkage=0.05


Tree=22
num_leaves=31
num_cat=0
split_feature=32 31 17 31 31 24 17 31 31 17 31 31 31 31 17 32 15 17 17 31 26 32 35 24 22 15 32 26 32 32
split_gain=4365.56 1905.51 1403.23 612.183 381.697 323.963 207.91 219.009 197.723 197.218 170.433 152.436 137.925 117.164 106.326 91.7014 60.4135 57.7937 55.0322 52.3362 48.1296 45.5351 41.0254 37.4367 34.5864 33.896 33.6716 33.484 32.3304 32.0949
threshold=-0.55043593049049366 -0.54869693517684925 -0.027945538982748982 -0.54526427388191212 -0.54526427388191212 -0.11213024333119391 -0.70181003212928761 1.8225664496421816 1.8225664496421816 -0.066201712936162935 -0.54124015569686879 1.8339731693267824 1.8339731693267824 -0.54124015569686879 0.59146308898925792 -0.56480154395103443 -0.47721654176712031 -0.21412163972854611 0.52194744348526012 -0.53261977434158314 0.95773831009864818 -0.56480154395103443 0.43211278319358831 -0.084581729024648653 2.6582129001617436 1.0324622988700869 -0.54039704799652089 0.72932687401771557 1.0000000180025095e-35 -0.54039704799652089
decision_type=2 2 2 2 2 2 2 2 2 2 2 2 2 2 2 2 2 2 2 2 2 2 2 2 2 2 2 2 2 2
left_child=9 17 3 16 14 -5 19 10 13 15 -8 -9 25 18 22 -1 -3 -2 -6 -7 23 -11 -4 -15 -21 -10 -13 -16 -12 -14
right_child=1 2 4 5 8 6 7 11 12 21 28 26 29 20 27 -17 -18 -19 -20 24 -22 -23 -24 -25 -26 -27 -28 -29 -30 -31
leaf_value=-0.023306903462017938 -0.016265464463386708 0.038943410225309338 0.014013062427127002 -0.02023504320248122 0.0039834279137217835 0.037502026494867564 0.016518699607745164 0.032820729045247937 0.020096574630080296 -0.032942983582453213 0.0028651898670050656 0.01934135266906244 0.00072363400185570788 -0.033694698820590223 0.0080877231022183239 -0.012988126185748329 0.029680151823185487 -0.028126374479218286 -0.011216797279818162 0.024531017884503972 -0.030983931741663487 -0.024390990662102641 0.027075294989426769 -0.01288992872634101 -0.032176460625308441 0.00012337914535216947 0.0046906381950154018 -0.0060607052102334483 -0.0081746101900473291 -0.015032269040053517
leaf_weight=3134.312467366457 2007.953752219677 3130.8296662867069 1956.203258395195 605.48131811618805 1162.20413595438 1070.2899188995361 2688.0060004591942 1912.5583045184612 1078.3844821751118 2248.308364033699 1960.847659945488 761.65325623750687 686.20669159293175 244.70454487204552 1018.8719725310802 6877.4605005383492 4020.372399777174 2102.3446184694767 1221.1139034330845 1918.2647586166859 638.59447011351585 5058.5614226460457 867.76964908838272 1858.0952256023884 27.270651042461395 264.52430379390717 808.465177744627 709.29465937614441 1002.0901766419411 611.0057689845562
leaf_count=8695 5522 8783 5257 1661 3104 2964 7222 5270 2902 6370 5237 2049 1844 680 2725 18708 11094 5867 3305 5215 1762 14075 2345 5054 73 706 2157 1895 2683 1649
internal_value=-0.000118571 0.00972835 0.0138179 0.0220254 0.00055336 0.0154599 0.0172388 0.0134803 -0.00618601 -0.0207768 0.0074021 0.0233427 0.00493016 -0.0119128 0.0120491 -0.0162186 0.0337356 -0.0223321 -0.00380454 0.0286215 -0.0189619 -0.0270224 0.0180269 -0.015311 0.0237361 0.0161623 0.0117976 0.00228076 -0.000868562 -0.00669762
internal_weight=53652 36333.4 32223.1 19906.1 12317 12754.9 12149.4 9133.62 7764.83 17318.6 5650.94 3482.68 2640.12 5124.71 4552.14 10011.8 7151.2 4110.3 2383.32 3015.83 2741.39 7306.87 2823.97 2102.8 1945.54 1342.91 1570.12 1728.17 2962.94 1297.21
internal_count=146873 99025 87636 54408 33228 34531 32870 24618 21006 47848 15142 9476 7101 13905 12222 27403 19877 11389 6409 8252 7496 20445 7602 5734 5288 3608 4206 4620 7920 3493
is_linear=0
shrinkage=0.05


Tree=23
num_leaves=31
num_cat=0
split_feature=32 31 17 31 17 37 31 31 12 38 32 16 17 28 12 31 17 32 17 34 14 32 17 12 32 37 33 11 9 31
split_gain=1214.18 660.798 643.736 231.719 166.063 124.456 115.061 98.4441 94.7411 90.4905 39.0962 38.5158 38.0428 34.7411 33.6887 29.2728 27.3518 25.4743 25.0722 22.284 22.1147 21.0953 19.7017 19.2187 22.6895 18.4939 18.1605 17.9903 17.8243 17.2367
threshold=-0.55043593049049366 -0.54869693517684925 -0.1035650111734867 -0.54526427388191212 0.55549210309982311 -0.1453837454319 -0.54526427388191212 -0.54124015569686879 -0.23814254254102704 -0.1493214666843414 -0.56722325086593617 2.1114348173141484 1.6235178709030154 -0.74893552064895619 0.50818371772766124 -0.54526427388191212 -0.49523739516735071 -0.52605235576629628 -0.48479837179183954 -0.14204671978950498 -0.89134147763252247 -0.52605235576629628 1.703682065010071 -0.89586970210075367 -0.56097197532653797 -0.45002558827400202 -1.1803714036941526 -0.25748451054096216 0.18621055781841281 1.7240150570869448
decision_type=2 2 2 2 2 2 2 2 2 2 2 2 2 2 2 2 2 2 2 2 2 2 2 2 2 2 2 2 2 2
left_child=8 14 3 -3 6 7 -4 27 10 19 -1 15 -10 20 25 26 -15 -18 -9 -8 -7 -11 -13 -12 -25 -2 -6 -5 -17 -20
right_child=1 2 4 5 11 13 9 18 12 21 23 22 -14 16 -16 28 17 -19 29 -21 -22 -23 -24 24 -26 -27 -28 -29 -30 -31
leaf_value=0.013424177962689099 0.013909292844619609 -0.026184897795767999 -0.014256434720247716 -0.019944532703173246 0.0085753028006957319 -0.028207997680940386 0.012734428871068529 -0.002753988261960712 0.013946959034059379 -0.0034006404695549452 -0.0033815310421260953 -0.003228033491524525 0.026569489469006804 -0.022070462525679208 0.024805116396575424 0.012425471667680399 -0.0099920980514905337 -0.021061108016859995 0.010605540992504577 0.00062705169262451937 -0.0059040252737285349 -0.013720009112765523 0.022342952759579059 0.010340045261050231 0.0026116217497689147 0.0049833043956847914 -0.0048777409774372 -0.006457957213020938 0.0039791619403424048 -0.021680202653809516
leaf_weight=1644.0702421069145 2234.7006488144398 4374.9172797054052 2318.6579274982214 723.44011937081814 353.02369612455368 125.28486850857735 1102.1437097340822 815.89997099339962 8015.2029390931129 1518.6434232890606 670.73294898867607 87.568054854869843 644.95652776956558 2328.1189746856689 574.10507428646088 1330.0617144107819 1340.0830379724503 849.15149974822998 920.71097588539124 580.06239028275013 984.13273364305496 734.9044122248888 538.83605507016182 1608.2582310736179 2319.1975842118263 783.85646235942841 866.80817249417305 375.68037098646164 1177.6913480162621 43.283699944615364
leaf_count=5239 7082 18292 8930 2815 1233 492 3679 2897 25398 5291 2235 287 1988 9306 1758 4332 4937 3375 3080 1994 3573 2800 1762 5187 7801 2549 3076 1404 3920 161
internal_value=3.98537e-05 -0.00626765 -0.00932216 -0.016834 -0.000201307 -0.0120244 -0.00542084 -0.00356912 0.0115023 -0.000215551 0.00680659 0.00729644 0.014887 -0.0163506 0.0137029 0.00536865 -0.0182977 -0.0142855 0.00369643 0.00855953 -0.00842278 -0.00676589 0.0187683 0.00444049 0.00577634 0.0115914 -0.000984382 -0.0153348 0.00845891 0.0091559
internal_weight=41984.2 27081.8 23489.1 12880.7 10608.4 8505.79 6254.41 2879.02 14902.4 3935.75 6242.26 4353.99 8660.16 5626.77 3592.66 3727.58 4517.35 2189.23 1779.89 1682.21 1109.42 2253.55 626.404 4598.19 3927.46 3018.56 1219.83 1099.12 2507.75 963.995
internal_count=146873 99025 87636 50332 37304 32040 22694 10357 47848 13764 20462 14610 27386 21683 11389 12561 17618 8312 6138 5673 4065 8091 2049 15223 12988 9631 4309 4219 8252 3241
is_linear=0
shrinkage=0.05


Tree=24
num_leaves=31
num_cat=0
split_feature=22 24 15 22 22 22 17 22 22 22 14 22 15 22 22 15 35 34 22 22 11 35 35 33 35 31 22 36 17 37
split_gain=953.079 554.941 403.919 189.125 254.403 184.14 116.39 112.993 198.321 67.1734 57.6157 49.7024 36.5363 36.1183 39.8702 33.9589 32.8436 26.6892 23.307 23.1849 20.774 20.744 20.4871 20.0939 17.8689 18.719 17.4462 16.8883 16.1845 16.028
threshold=-0.41827584803104395 -0.11002837494015692 -0.12893654406070706 -0.3786234557628631 -0.40989206731319422 2.391140460968018 -0.77663916349411 -0.3786234557628631 -0.40989206731319422 2.4396792650222783 1.2533975243568423 -0.41279751062393183 -0.28866988420486445 2.6582129001617436 2.4396792650222783 0.36967641115188604 1.7796550393104555 -0.7159113585948943 2.4290481805801396 -0.42728608846664423 0.089744947850704207 -0.44006110727787012 0.45885373651981359 -0.51604774594306935 -1.7835367321968076 -0.54124015569686879 -0.41279751062393183 0.33149634301662451 -0.74019941687583912 -0.093998294323682771
decision_type=2 2 2 2 2 2 2 2 2 2 2 2 2 2 2 2 2 2 2 2 2 2 2 2 2 2 2 2 2 2
left_child=12 -2 3 4 6 -5 26 8 10 -9 24 -8 17 14 18 16 21 19 28 -1 -18 -10 -13 -6 -4 -26 -3 -19 -7 -17
right_child=1 2 7 5 23 13 11 9 15 -11 -12 22 -14 -15 -16 29 20 27 -20 -21 -22 -23 -24 -25 25 -27 -28 -29 -30 -31
leaf_value=0.028855746370189207 0.016015504490901691 -0.030561445658364585 0.01578696480342414 0.0098717213816249816 -0.017206330007351493 -0.021275498928758727 -0.011707732670148414 0.012396394025562746 -0.0083685243799444531 -0.0051867010889395443 0.015405773299004036 -0.0032406496890272801 0.012912656454058029 0.012863053298159908 -0.023249934597256008 -0.0018034506258418983 0.062266593822276908 0.0044259485343761127 0.020945830797222217 0.0077990670554186365 -0.013623564163454199 -0.019323886876431846 0.0087181272196341208 -0.027085969742134005 -0.0042967516596103253 0.0029135350630419251 -0.017804811532646948 0.010896231592905757 -0.0065811287289338884 -0.010781072552222276
leaf_weight=261.52618011832237 2787.3088263571262 552.3462281525135 192.21124672889709 1485.2019383907318 592.80559335649014 254.68516832590103 1998.3081271201372 2114.9820204377174 588.70797915756702 730.89798925817013 827.23314070701599 1831.7532086670399 8548.7259813845158 122.75102552771568 835.34518061578274 916.05236315727234 21.859010711312294 3263.5394600331783 62.915526002645493 261.38165020942688 15.349939361214636 1624.2427363097668 445.17326903343201 3904.2105414420366 1455.4764997959137 2359.2753223180771 520.67164118587971 1459.5404326319695 709.14270567893982 1087.2181234359741
leaf_count=826 8764 2411 630 4773 2488 1046 7665 6814 2245 2721 2654 6415 26958 397 3539 3357 84 10560 202 838 59 6437 1542 16895 5137 7959 2068 4702 2568 4119
internal_value=0.000137479 -0.00515652 -0.00749377 -0.0134807 -0.0170184 -0.00344346 -0.00964831 -0.000813588 -0.00353625 0.00788059 0.00339221 -0.00595304 0.0108969 -0.0134069 -0.0151386 -0.0114107 -0.0156262 0.00761207 -0.00853932 0.0183303 0.0309594 -0.0164094 -0.000902529 -0.0257836 0.000912023 0.00016253 -0.0243714 0.00642541 -0.010464 -0.0066758
internal_weight=41830.8 28036.1 25248.8 13315.3 9845.27 3470.04 5348.25 11933.5 9087.63 2845.88 4834.2 4275.23 13794.7 1984.84 1862.09 4253.43 2250.16 5245.99 1026.74 522.908 37.209 2212.95 2276.93 4497.02 4006.96 3814.75 1073.02 4723.08 963.828 2003.27
internal_count=146873 102989 94225 52009 39484 12525 20101 42216 32681 9535 16380 15622 43884 7752 7355 16301 8825 16926 3816 1664 143 8682 7957 19383 13726 13096 4479 15262 3614 7476
is_linear=0
shrinkage=0.05


Tree=25
num_leaves=31
num_cat=0
split_feature=32 31 17 31 31 24 31 12 17 31 31 31 31 31 15 32 17 17 37 32 35 15 28 12 16 32 15 31 26 17
split_gain=3926.2 1713.84 1266.69 512.278 395.718 273.996 196.303 183.952 169.308 178.598 145.346 143.984 135.583 131.861 116.624 85.3913 63.6986 54.4644 54.0309 51.7681 48.7121 48.4937 39.7997 39.2529 35.2431 33.0994 31.8605 31.8401 30.311 28.2891
threshold=-0.55043593049049366 -0.54869693517684925 -0.091195050626993165 -0.54526427388191212 -0.54526427388191212 -0.11213024333119391 1.8225664496421816 -0.15933211892843244 -0.74019941687583912 1.8225664496421816 -0.54124015569686879 1.8339731693267824 1.8339731693267824 -0.54124015569686879 0.59177088737487804 -0.56097197532653797 0.52194744348526012 -0.2036410719156265 -0.76766091585159291 -0.56480154395103443 0.4237141907215119 -0.47721654176712031 -0.74893552064895619 -1.0122237801551817 0.63516113162040722 -0.54039704799652089 1.0324622988700869 -0.52100145816802967 0.55754953622818004 -0.51599815487861622
decision_type=2 2 2 2 2 2 2 2 2 2 2 2 2 2 2 2 2 2 2 2 2 2 2 2 2 2 2 2 2 2
left_child=7 17 3 21 14 -5 13 15 22 10 29 -11 26 16 20 23 -6 -2 -15 -9 -4 -3 -7 -1 -14 -13 -8 -12 -16 -10
right_child=1 2 4 5 6 8 12 19 9 11 27 25 24 18 28 -17 -18 -19 -20 -21 -22 -23 -24 -25 -26 -27 -28 -29 -30 -31
leaf_value=-0.0076111533553193033 -0.01550908034909724 0.037355685241812694 0.014146365797318622 -0.018898590297165507 0.0051042204796519532 0.01861097962282459 0.019418795366300305 -0.030848737036916568 0.023971305877815874 0.032422591746005022 0.0016140378501936438 0.019245812882835681 0.00037175849279194893 -0.026716700798631862 0.0085969617157678167 -0.0088241080679959515 -0.010612918498486213 -0.027062088913557814 -0.012724982076299933 -0.02241790305252991 0.027427733312379646 0.028755284517189429 0.032512607345362148 -0.020737779931419974 -0.015971057530053605 0.0045517966780097207 0.00027543023281937517 -0.025232350669994175 -0.0045570522802148841 0.013038688922754615
leaf_weight=659.45316568017006 2028.767374008894 3082.5009010732174 2277.2122488319874 554.96407672762871 1369.2858137190342 721.95443078875542 1219.7603588998318 2592.4994719624519 904.31742718815804 1821.9227240681648 2769.8765141367912 740.02611994743347 904.25861969590187 1068.2787178754807 898.74550533294678 3659.5949228405952 1218.1372366845608 2051.9483162760735 1948.4824297130108 6116.881206870079 990.75297343730927 3500.1336185336113 1794.8458658754826 4175.8506470322609 519.34589520096779 794.92703455686569 264.47425019741058 115.03080308437347 854.18611404299736 1711.738822966814
leaf_count=1806 5608 8783 6153 1528 3658 1958 3301 7411 2469 5079 7402 2001 2420 2960 2406 9947 3305 5781 5313 17095 2696 9778 4996 11589 1415 2122 706 310 2283 4594
internal_value=-0.000162414 0.00919981 0.0130861 0.0215855 0.00145933 0.0154071 -0.00510729 -0.0198214 0.0170808 0.0138292 0.00828304 0.0229178 0.00543386 -0.0105768 0.0125918 -0.0145864 -0.00229528 -0.0213184 -0.0176797 -0.0249275 0.0181729 0.0327827 0.0285249 -0.0189475 -0.00559027 0.011636 0.0160077 0.000543583 0.00218714 0.0168179
internal_weight=53330.2 36125.9 32045.2 18512.2 13532.9 11929.6 8512.02 17204.3 11374.6 8857.84 5500.96 3356.88 2907.84 5604.18 5020.9 8494.9 2587.42 4080.72 3016.76 8709.38 3267.97 6582.63 2516.8 4835.3 1423.6 1534.95 1484.23 2884.91 1752.93 2616.06
internal_count=146873 99025 87636 51020 36616 32459 23078 47848 30931 23977 14775 9202 7842 15236 13538 23342 6963 11389 8273 24506 8849 18561 6954 13395 3835 4123 4007 7712 4689 7063
is_linear=0
shrinkage=0.05


Tree=26
num_leaves=31
num_cat=0
split_feature=32 31 17 31 17 33 31 39 11 31 15 32 31 31 17 31 35 31 0 35 2 15 15 31 40 15 35 35 15 28
split_gain=1081.6 592.824 590.343 218.045 149.14 114.417 104.065 82.5948 77.5047 62.0479 41.3509 38.3703 33.4578 34.4874 33.4202 33.2523 32.1645 30.575 28.3237 25.2373 31.3035 24.7051 24.2024 23.9858 21.6698 20.3971 19.4291 18.8942 18.6055 22.9181
threshold=-0.55043593049049366 -0.54869693517684925 -0.1035650111734867 -0.54526427388191212 0.55549210309982311 -0.25230002403259272 -0.54526427388191212 -0.27831397950649256 0.015001581050455572 -0.54124015569686879 -0.60875511169433583 -0.56722325086593617 1.8225664496421816 1.8638918995857241 2.0129292011260991 -0.54124015569686879 -2.4675980806350704 -0.54526427388191212 -1.8990857601165769 1.6889176964759829 -1.076663553714752 0.47754582762718206 -1.0600287914276121 -0.53651306033134449 -0.54324373602867115 -0.48896229267120356 0.4237141907215119 1.3811109662055971 -0.922773778438568 -0.74893552064895619
decision_type=2 2 2 2 2 2 2 2 2 2 2 2 2 2 2 2 2 2 2 2 2 2 2 2 2 2 2 2 2 2
left_child=8 18 3 25 6 9 26 -8 11 -5 28 -1 15 27 17 -12 -10 -6 -2 20 -16 -19 -13 -11 -24 -3 -4 -14 -7 -30
right_child=1 2 4 5 14 10 7 -9 16 23 12 22 13 -15 19 -17 -18 21 -20 -21 -22 -23 24 -25 -26 -27 -28 -29 29 -31
leaf_value=0.01366420309150293 0.029878478413085816 -0.029179785760275995 -0.010580004323247008 -0.012156624996348626 -0.0016632843215782954 -0.028825050752336174 0.0089053343343802726 -0.0059666878478456392 0.040381578713065663 0.024959977243253315 -0.014772652683627242 -0.006655710663567193 -0.021428361084066472 -0.0045934412415853795 0.025337946412822124 -0.0019342005564388363 0.014594277374801033 0.022856759334782178 0.011729364917182988 0.034899167667492216 0.0021926606022079687 0.0064122147583546346 0.019673885635685399 0.0029978922300404279 0.0060105603615635368 -0.022225100685262292 -0.02061660833262742 0.021715816220160437 -0.0081278250634942394 -0.02090916750989168
leaf_weight=2124.3445127010345 229.51191249489784 1928.0122150927782 1595.1401045322418 828.83844915032387 1183.1898369789124 481.60710640251637 1524.9835907667875 2407.3321204781532 123.37990641593933 139.24116408824921 871.78674617409706 360.20438733696938 1336.1001679301262 446.283695936203 252.51059940457344 1196.661552965641 6069.4474941194057 255.04632633924484 3392.909473747015 149.70038861036301 346.61170610785484 2185.4972673654556 304.86879515647888 1160.2871319651604 6026.9728201627731 2326.3964358568192 691.10285644233227 25.867278948426247 461.86727085709572 1457.4789058119059
leaf_count=6689 701 8469 6209 3206 4188 1980 5105 8659 374 448 3364 1207 5432 1619 815 4199 18981 819 10688 481 1138 7169 980 3973 19617 9823 2721 105 1750 5964
internal_value=6.9496e-05 -0.00593527 -0.00886644 -0.0161533 -0.000155805 -0.0114852 -0.00513111 -0.000199198 0.010821 -0.00146686 -0.0148818 0.00780971 -0.0116883 -0.0166563 0.00691997 -0.00734521 0.015108 0.00493288 0.0128793 0.016536 0.0119476 0.00813073 0.00595125 0.00535107 0.00666843 -0.0253768 -0.0136139 -0.0206089 -0.0200383 -0.0178335
internal_weight=41883.2 26874 23251.5 12660.4 10591.1 8406.02 6218.56 3932.32 15009.2 2128.37 6277.65 8816.39 3876.7 1808.25 4372.56 2068.45 6192.83 3623.73 3622.42 748.823 599.122 2440.54 6692.05 1299.53 6331.84 4254.41 2286.24 1361.97 2400.95 1919.35
internal_count=146873 99025 87636 50332 37304 32040 22694 13764 47848 7627 24413 28493 14719 7156 14610 7563 19355 12176 11389 2434 1953 7988 21804 4421 20597 18292 8930 5537 9694 7714
is_linear=0
shrinkage=0.05


Tree=27
num_leaves=31
num_cat=0
split_feature=22 24 15 22 22 22 17 22 22 22 14 22 22 22 15 15 35 34 22 22 34 33 35 11 22 35 31 36 17 3
split_gain=846.515 499.15 368.38 175.39 239.061 165.418 108.456 102.248 178.058 59.2016 52.7599 44.8258 32.9889 37.0981 32.9195 31.3932 31.0139 24.6175 21.2749 21.0907 19.935 19.7942 19.0142 18.7427 17.0064 16.3041 18.2197 15.356 15.2565 15.1485
threshold=-0.41827584803104395 -0.11002837494015692 -0.12893654406070706 -0.3786234557628631 -0.40989206731319422 2.391140460968018 -0.77663916349411 -0.3786234557628631 -0.40989206731319422 2.4396792650222783 1.2533975243568423 -0.41279751062393183 2.6582129001617436 2.4396792650222783 -0.28866988420486445 0.36967641115188604 1.7796550393104555 -0.7159113585948943 2.4290481805801396 -0.42728608846664423 -0.74919793009757985 -0.51604774594306935 0.45885373651981359 0.21096713095903399 -0.41279751062393183 -1.3097031116485593 -0.54124015569686879 0.33149634301662451 -0.61353585124015797 0.20030379295349124
decision_type=2 2 2 2 2 2 2 2 2 2 2 2 2 2 2 2 2 2 2 2 2 2 2 2 2 2 2 2 2 2
left_child=14 -2 3 4 6 -5 24 8 10 -9 25 28 13 18 17 16 20 19 -7 -1 -10 -6 -13 -18 -3 -4 -27 -19 -8 -11
right_child=1 2 7 5 21 12 11 9 15 29 -12 22 -14 -15 -16 -17 23 27 -20 -21 -22 -23 -24 -25 -26 26 -28 -29 -30 -31
leaf_value=0.027330512952908899 0.015106662087693895 -0.029848670305986164 0.01048878225775261 0.0093141189937683468 -0.016396574416332358 -0.0099724376602248529 -0.019109236451340203 0.011706238761589756 -0.0049419173862381843 0.0013583153461803488 0.014631112610829054 -0.0031273799744779987 0.01221842193314784 -0.022428655543354103 0.012150463036277495 -0.0063154745844355778 0.057856658952036358 0.0040908657741574178 0.019909078166604401 0.0073398546082694893 -0.01786237736884333 -0.02631286156405916 0.008375543227218266 -0.014827237963492676 -0.017099604312647475 -0.0048247840675378628 0.0025045571144389172 0.010241654090952486 -0.0087324370982764486 -0.013259974428198868
leaf_weight=265.04074823856354 2812.0736113488674 535.20361033082008 392.42798712849617 1494.2855490446091 580.25482901930809 954.15500262379646 462.45739641785622 2130.3880222737789 357.07386946678162 418.915641695261 833.83503869175911 1828.4243297576904 123.59910637140274 813.72001984715462 8614.9622572958469 1990.0861069858074 23.207302957773209 3276.534843981266 63.532641857862473 262.7289117872715 1821.122455611825 3791.8548723310232 447.10291090607643 14.356024861335753 511.62882576882839 1355.7980116009712 2263.5167680680752 1470.002825319767 1513.3551144003868 307.16733400523663
leaf_count=826 8764 2411 1296 4773 2488 3614 1926 6814 1356 1545 2654 6415 397 3539 26958 7476 87 10560 202 838 7326 16895 1542 56 2068 4810 7620 4702 5739 1176
internal_value=0.000163497 -0.00486662 -0.00711081 -0.01289 -0.0163427 -0.00321019 -0.00920123 -0.000743556 -0.00334633 0.00750395 0.00318717 -0.00565138 -0.012783 -0.0144703 0.0102458 -0.0108736 -0.0149675 0.00713482 -0.00810698 0.017379 -0.0157443 -0.0249968 -0.000867249 0.0300782 -0.0236177 0.000808568 -0.00024102 0.00599577 -0.0111612 -0.00482591
internal_weight=41728.8 27839.5 25027.5 13119.6 9670.28 3449.29 5298.17 11907.9 9051.42 2856.47 4845.58 4251.34 1955.01 1831.41 13889.3 4205.85 2215.76 5274.31 1017.69 527.77 2178.2 4372.11 2275.53 37.5633 1046.83 4011.74 3619.31 4746.54 1975.81 726.083
internal_count=146873 102989 94225 52009 39484 12525 20101 42216 32681 9535 16380 15622 7752 7355 43884 16301 8825 16926 3816 1664 8682 19383 7957 143 4479 13726 12430 15262 7665 2721
is_linear=0
shrinkage=0.05


Tree=28
num_leaves=31
num_cat=0
split_feature=32 31 14 31 31 24 31 12 31 31 24 14 32 31 31 14 14 32 26 37 32 31 10 26 12 12 18 31 14 3
split_gain=3533.42 1543.04 1080.67 421.562 403.114 231.113 220.128 171.854 159.906 149.521 122.288 109.914 80.1447 67.7649 98.0989 69.5538 62.279 56.1367 51.7972 50.5302 49.753 47.2227 37.2111 36.9788 36.3295 35.2351 26.4374 26.2599 26.0728 25.8558
threshold=-0.55043593049049366 -0.54869693517684925 -0.17100917547941205 -0.54526427388191212 -0.54526427388191212 -0.10647905245423316 1.8225664496421816 -0.15933211892843244 1.8339731693267824 -0.54124015569686879 -0.061224816367030137 0.50344219803810131 -0.56097197532653797 1.8225664496421816 1.8775747418403628 -0.72976604104042042 -0.61342626810073841 1.0000000180025095e-35 0.43861731886863714 -0.67679938673973072 -0.56480154395103443 -0.52100145816802967 0.9988493323326112 0.32559412717819219 -1.0122237801551817 0.68200683593750011 0.50332486629486095 -0.52100145816802967 0.68320170044898998 2.1807823181152348
decision_type=2 2 2 2 2 2 2 2 2 2 2 2 2 2 2 2 2 2 2 2 2 2 2 2 2 2 2 2 2 2
left_child=7 19 4 11 -3 -6 9 12 29 18 16 26 24 15 -15 21 -7 25 -5 -2 -9 -12 -10 -13 -1 -11 -4 -17 -22 -8
right_child=1 2 3 6 5 10 8 20 22 17 13 23 -14 14 -16 27 -18 -19 -20 -21 28 -23 -24 -25 -26 -27 -28 -29 -30 -31
leaf_value=-0.0071815780104779797 -0.025135433426247401 0.03181333192870358 0.015557939979245395 0.0042454773511747214 -0.018414855971684671 0.031491237120880526 0.019743002904878442 -0.02972767349726739 -0.00042524131146643037 -0.0060020705912384852 0.022860033057813586 0.013040473793550984 -0.0082705295655536824 0.030340109271884394 0.0081005674452055924 0.005458482513905097 0.019014002954910209 -0.023578461748955754 -0.0097483549561357564 -0.013827244953691585 -0.019644030287101703 -0.024429651781534178 -0.019240498638155912 -0.0013617487336322347 -0.019827981350851686 -0.020171336970836694 0.024392603972939585 -0.023166810124229928 -0.027471671818568938 -0.0021917559582491082
leaf_weight=657.93971824645996 2342.310290902853 5836.2882733345032 2442.537570387125 1887.6701573729515 480.16886729001999 1538.8174998760223 1519.9421063363552 2561.661806255579 1270.1181850135326 1343.1157519817352 911.50887280702591 702.72441959381104 3650.7119708955288 1051.7492068707943 938.14607080817223 2830.3078316450119 2856.7625902295113 1442.5422027111053 1017.8018251955509 1708.4172597527504 4693.7931316196918 56.036125600337982 331.33056461811066 1218.5114331543446 4149.2895234525204 651.61497923731804 1296.1570199429989 82.452518910169601 1375.5780826807022 147.37492340803146
leaf_count=1806 6647 16697 6649 5067 1328 4344 4147 7411 3415 3633 2495 1888 9947 2944 2521 7587 7820 3994 2761 4742 13184 150 903 3262 11589 1810 3603 223 3911 395
internal_value=-0.000206527 0.00870067 0.012397 0.00280039 0.021235 0.0154898 -0.00357447 -0.0189208 0.00696597 -0.00900654 0.0170756 0.013626 -0.0138557 0.0123534 0.0198552 0.00850634 0.0233821 -0.0160646 -0.000656634 -0.0203661 -0.0238844 0.0201212 -0.00431801 0.00390611 -0.0180971 -0.0106307 0.0186208 0.00464818 -0.0214181 0.0178042
internal_weight=52993.4 35904.4 31853.7 15271.4 16582.2 10745.9 9611.51 17089 3268.77 6342.74 10265.8 5659.93 8457.94 5870.2 1989.9 3880.31 4395.58 3437.27 2905.47 4050.73 8631.03 967.545 1601.45 1921.24 4807.23 1994.73 3738.69 2912.76 6069.37 1667.32
internal_count=146873 99025 87636 41527 46109 29412 26125 47848 8860 17265 28084 15402 23342 15920 5465 10455 12164 9437 7828 11389 24506 2645 4318 5150 13395 5443 10252 7810 17095 4542
is_linear=0
shrinkage=0.05


Tree=29
num_leaves=31
num_cat=0
split_feature=22 16 31 31 31 31 17 12 15 22 22 22 22 17 31 35 15 1 40 26 12 14 24 12 15 15 1 14 35 22
split_gain=942.279 548.636 264.701 295.354 206.757 118.738 98.5814 75.6868 72.8629 58.7841 57.753 126.196 48.1456 46.065 33.437 32.1787 28.0086 26.7651 25.2636 25.5487 23.604 23.372 22.5178 22.1681 25.3697 21.8946 20.9419 20.3906 20.3763 19.1996
threshold=-0.41827584803104395 0.096864044666290297 -0.54124015569686879 -0.54869693517684925 1.8225664496421816 1.8477053046226504 1.1440440416336062 -0.13056355714797971 -0.24210099130868909 -0.41168570518493647 -0.3786234557628631 -0.40989206731319422 2.4396792650222783 -0.48479837179183954 -0.54526427388191212 2.0085384845733647 -0.78463357686996449 -1.7891601324081419 -0.54324373602867115 -0.4213194847106933 -0.92298763990402211 -0.72976604104042042 -0.078191857784986482 0.55573725700378429 -0.19222407788038251 -0.27410610020160669 -0.30484025180339808 0.26723612844944006 1.3370198011398318 2.6582129001617436
decision_type=2 2 2 2 2 2 2 2 2 2 2 2 2 2 2 2 2 2 2 2 2 2 2 2 2 2 2 2 2 2
left_child=7 2 3 -2 9 25 10 18 14 13 11 27 -12 -4 -5 17 -16 -8 -1 20 -20 -11 -10 24 -9 28 -15 -3 -6 -14
right_child=1 6 4 8 5 -7 15 23 22 21 12 -13 29 26 16 -17 -18 -19 19 -21 -22 -23 -24 -25 -26 -27 -28 -29 -30 -31
leaf_value=0.013746856491692397 0.0093167121339721524 0.012031397464451287 -0.010759094891936305 -0.026184880938003155 -0.024186699063524716 -0.0018939620103857865 0.021875493287891973 0.019561653413731644 -0.0055987238745144642 -0.0030392939345617732 0.012000744315746865 -0.010506564816635639 -0.0089096839930552663 0.010327899422131671 -0.028706324357177793 0.027052678348180328 -0.014575117402992541 0.0079510306948855341 0.00087226455289535784 0.0032427623594153947 0.013330222884507324 0.0090212138916474505 -0.015816604530144562 0.018492957914979385 0.010563956029715438 -0.01379628177958927 -0.0020417460037017092 0.0026345074420579856 0.041012774313970629 0.019330423978166998
leaf_weight=1167.0671304762363 988.23501455783844 864.87714442610741 1194.4692396819592 3289.2845604121685 1517.8067850321531 1435.7234444022179 427.94255998730659 992.74117660522461 744.40272206068039 486.5146214812994 1739.3266379386187 2201.9518514424562 460.36424449086189 536.43348318338394 459.09158675372601 345.59583041071892 1484.4843723475933 1782.8340761363506 507.29767301678658 3758.2763028740883 1517.8102544546127 2304.3350688815117 1955.9344180673361 2251.821603000164 3715.4036976397038 886.41380047798157 944.85175502300262 1736.2111488282681 12.078664407134054 69.238504409790039
leaf_count=3670 3135 2893 4494 14742 6406 5060 1364 3087 2724 1675 5531 8444 1773 1804 1978 1098 5936 5767 1646 12222 4796 7518 7905 6880 11583 3525 3251 5697 50 219
internal_value=9.86635e-05 -0.00520646 -0.0103035 -0.0164594 -0.00440997 -0.0132823 0.00444945 0.0107271 -0.0196704 0.0018419 0.00140763 -0.00169793 0.0079817 -0.00345335 -0.0231126 0.0128644 -0.017913 0.0106464 0.00703637 0.00568222 0.0102095 0.00691877 -0.0129998 0.0144127 0.0124612 -0.0200491 0.0024378 0.00575903 -0.0236719 -0.00521767
internal_weight=41778.8 27868.4 18240.1 8921.43 9318.63 3852.02 9628.34 13910.4 7933.2 5466.6 7071.97 4803.04 2268.93 2675.75 5232.86 2556.37 1943.58 2210.78 6950.45 5783.38 2025.11 2790.85 2700.34 6959.97 4708.14 2416.3 1481.29 2601.09 1529.89 529.603
internal_count=146873 102989 70203 36420 33783 15041 32786 43884 33285 18742 24557 17034 7523 9549 22656 8229 7914 7131 22334 18664 6442 9193 10629 21550 14670 9981 5055 8590 6456 1992
is_linear=0
shrinkage=0.05


Tree=30
num_leaves=31
num_cat=0
split_feature=32 31 31 15 14 34 17 31 31 34 31 24 28 15 15 24 32 15 10 15 32 17 15 17 15 12 31 32 15 36
split_gain=1059.55 382.941 340.518 223.448 142.567 73.1485 71.9764 57.4087 89.8861 41.3644 36.9449 36.7217 36.2977 31.6172 26.3944 23.9832 21.9643 19.1794 18.5245 17.9672 17.0265 17.3836 17.4969 16.8325 16.1766 21.6486 15.6543 15.6379 17.7724 14.7579
threshold=-0.55043593049049366 -0.54869693517684925 -0.54526427388191212 -0.17132965475320813 -0.10886156931519507 -1.0463346242904661 -0.77663916349411 1.8225664496421816 1.8339731693267824 -0.7159113585948943 -0.54124015569686879 -0.11213024333119391 -0.88338494300842274 -0.060792837291955941 0.99852281808853161 -0.063553389161825166 -0.52605235576629628 -0.55645433068275441 -1.0806810259819029 0.36967641115188604 -0.56480154395103443 1.3791292905807497 1.6996892094612124 -0.61353585124015797 0.49250797927379614 -0.3646321296691894 -0.52100145816802967 1.7705337405204775 -0.23689915984869001 -0.33436690270900721
decision_type=2 2 2 2 2 2 2 2 2 2 2 2 2 2 2 2 2 2 2 2 2 2 2 2 2 2 2 2 2 2
left_child=13 27 4 6 17 24 12 10 -9 -6 23 -7 29 -1 15 -13 -16 -3 -14 -11 21 22 -15 -8 25 -5 -12 -2 -29 -4
right_child=1 2 3 5 9 11 7 8 -10 19 26 14 18 20 16 -17 -18 -19 -20 -21 -22 -23 -24 -25 -26 -27 -28 28 -30 -31
leaf_value=0.0087004619488826405 0.013864004583075074 -0.028068828991762603 -0.00030914467652422268 0.041819356654534373 -0.0023300571908307969 0.017938593529140737 -0.018726918378323847 -0.02507608489472159 -0.0040809634500389644 -0.01730998213998107 -0.0014108917753249705 -0.0063362048107382454 0.081975057517704703 0.018113787022050434 0.0102959750520522 0.00068244579406522357 -0.0054252094308698262 -0.020833253927247948 -0.02233528903050494 -0.0084717012358348758 0.01157798140900769 0.0066808204592990958 0.044535170280500101 -0.0070914412383535977 0.01684809830488334 0.0011206159035524786 0.014121309016913967 0.0021014489037024797 0.010771961905537912 0.050627658019688861
leaf_weight=8771.4218451678753 1219.6316179931164 1422.0952882319689 43.387756615877151 35.865985631942749 1247.0079227387905 270.47306942939758 412.44021047651768 1015.7991741448641 1023.4099944829941 1365.838453412056 2218.7775920033455 2210.4591737687588 4.2698893249034873 1642.1348974108696 817.72413995862007 2708.5192753076553 305.05137318372726 2572.8054605126381 1337.0033529549837 993.133499532938 4530.5073491036892 336.03921186923981 65.145575553178787 1261.6276426613331 875.12787446379662 367.18192471563816 175.01721113920212 1066.2965960204601 1325.9285187423229 21.152722775936127
leaf_count=27796 3822 6630 139 121 4671 830 1744 4578 3814 5635 7698 8135 14 4940 2633 9392 1075 11396 5800 3815 14089 1033 196 4818 2778 1231 553 3388 4133 66
internal_value=0.00022315 -0.00586579 -0.00827148 -0.00392754 -0.0169031 0.00212298 -0.0100405 -0.00769243 -0.0145393 -0.0096955 -0.00426009 -8.57539e-05 -0.0202408 0.0106653 -0.000892655 -0.00247155 0.00602462 -0.023409 -0.0220032 -0.013589 0.0132869 0.0170759 0.019122 -0.00995807 0.0130308 0.00474227 -0.000275288 0.00925635 0.00690722 0.0163851
internal_weight=41661.3 26316 22704.2 15103.3 7600.88 7590.4 7512.89 6107.07 2039.21 3605.98 4067.86 6312.23 1405.81 15345.2 6041.75 4918.98 1122.78 3994.9 1341.27 2358.97 6573.83 2043.32 1707.28 1674.07 1278.18 403.048 2393.79 3611.86 2392.23 64.5405
internal_count=146963 98909 87566 55419 32147 26195 29224 23205 8392 14121 14813 22065 6019 48054 21235 17527 3708 18026 5814 9450 20258 6169 5136 6562 4130 1352 8251 11343 7521 205
is_linear=0
shrinkage=0.05


Tree=31
num_leaves=31
num_cat=0
split_feature=32 31 17 31 24 31 17 31 17 31 31 17 32 24 15 16 2 32 17 32 32 32 37 31 31 31 31 24 12 22
split_gain=3202.57 1342.57 1017.63 545.009 257.41 222.638 185.394 167.271 166.784 122.974 104.985 93.7264 82.3978 77.8458 77.1618 60.0753 58.155 42.0726 41.7456 40.1496 45.0905 37.3291 33.8391 32.4824 31.0963 30.5706 30.5596 29.2482 28.7326 36.5807
threshold=-0.55043593049049366 -0.54869693517684925 0.14201267063617709 -0.54526427388191212 -0.10647905245423316 -0.54526427388191212 -0.62474665045738209 1.8225664496421816 -0.027945538982748982 1.8339731693267824 -0.54124015569686879 0.69143059849739086 -0.56480154395103443 -0.061224816367030137 -0.48896229267120356 1.1456941366195681 0.077447738498449339 -0.56480154395103443 -0.17161194980144498 1.0000000180025095e-35 -0.52605235576629628 -0.52605235576629628 -0.61308032274246205 -0.56003680825233448 -0.52100145816802967 1.8477053046226504 -0.54124015569686879 -0.13039750605821607 -0.23814254254102704 -0.42406351864337916
decision_type=2 2 2 2 2 2 2 2 2 2 2 2 2 2 2 2 2 2 2 2 2 2 2 2 2 2 2 2 2 2
left_child=8 18 3 14 -5 15 13 10 12 -9 -8 16 -1 -6 -3 -4 27 -10 23 20 -13 -18 -16 -2 -12 -11 -15 -7 29 -14
right_child=1 2 5 4 6 11 7 9 17 25 24 19 28 26 22 -17 21 -19 -20 -21 -22 -23 -24 -25 -26 -27 -28 -29 -30 -31
leaf_value=-0.020893304296043084 -0.018407014694355222 0.034548081151256675 0.011479452117725312 -0.018243509766112432 0.030596322997171826 -0.034113836228213228 0.011148328786231912 0.026168575383554955 -0.030309326374379844 0.014321261595281937 -0.0011902138683663028 -0.014089804095267739 -0.0033140586214335539 0.032809317483396432 0.016374371499578173 -0.0044204832391722838 -0.00060524241699224475 -0.021725252716985929 -0.02449703717736626 -0.024185434997707651 0.0039627451851158976 0.01533779193679018 0.026403305514942011 -0.0048994394362810263 -0.026542481062986224 0.00059732930146279761 0.014383833365921046 -0.0069896227660821049 -0.015690611592883673 -0.012399010839694909
leaf_weight=3222.7348693013191 1455.1008025109768 2871.6281866431236 2737.8357139229774 686.66472700238228 1630.9185639321804 107.63674527406693 2801.0163152217865 1984.4612187147141 2069.7432299852371 830.39915719628334 2952.9464162886143 1879.5746430158615 1771.668320119381 252.19605281949043 1067.3583344519138 758.71360617876053 1083.6235909163952 4599.5516355037689 1908.0499591529369 735.53597936034203 423.91014641523361 555.29638683795929 3967.9017033278942 641.20185661315918 126.11850276589394 793.54282549023628 2089.4606026411057 1296.5437012314796 2424.1318471729755 2957.9507250487804
leaf_count=9151 4078 8469 7381 1919 4683 307 7551 5617 6087 2245 7907 5175 4807 705 2989 2028 2917 13123 5480 2059 1135 1503 11280 1785 344 2118 5709 3525 6763 8123
internal_value=-0.000395149 0.00813067 0.0115835 0.0174936 0.0116176 -0.00202433 0.0131409 0.00934411 -0.0182201 0.0178187 0.00414357 -0.00780408 -0.014255 0.0222095 0.0280075 0.00802934 -0.00160136 -0.0243892 -0.019146 -0.0140151 -0.0107676 0.00479655 0.0242774 -0.0142754 -0.00222864 0.00761503 0.0163683 -0.00906882 -0.0112645 -0.00899588
internal_weight=52683.4 35637.6 31633.3 22054.6 14147.7 9578.67 13461.1 9488.48 17045.8 3608.4 5880.08 6082.12 10376.5 3972.58 7906.89 3496.55 3043.1 6669.29 4004.35 3039.02 2303.48 1638.92 5035.26 2096.3 3079.06 1623.94 2341.66 1404.18 7153.75 4729.62
internal_count=146963 98909 87566 61536 38798 26030 36879 25782 48054 9980 15802 16621 28844 11097 22738 9409 8252 19210 11343 8369 6310 4420 14269 5863 8251 4363 6414 3832 19693 12930
is_linear=0
shrinkage=0.05


Tree=32
num_leaves=31
num_cat=0
split_feature=32 37 17 22 32 32 17 22 32 16 15 22 32 22 15 17 22 34 17 22 10 13 32 17 15 15 1 31 11 32
split_gain=841.608 489.478 299.445 226.922 125.294 95.79 61.5798 59.0123 58.1114 55.7146 53.5326 48.9947 47.2649 46.7266 40.9189 40.4862 38.9431 28.7927 28.687 26.9845 25.3372 25.8419 22.7192 22.6169 20.7779 20.2271 19.4654 19.185 18.9308 18.862
threshold=-0.55043593049049366 -0.58839493989944447 0.37577587366104132 -0.40989206731319422 1.9011231660842898 -0.54039704799652089 0.12460758164525033 -0.3786234557628631 1.0000000180025095e-35 0.44698679447174078 -0.26873028278350825 -0.41827584803104395 1.8167446851730349 2.4396792650222783 -0.922773778438568 -0.48993861675262446 -0.40989206731319422 3.3355153799057011 0.12460758164525033 -0.41279751062393183 0.34563466906547552 0.81583705544471752 -0.56097197532653797 -0.40785193443298334 -0.41259889304637903 -0.060792837291955941 -0.21513595432043073 -0.54526427388191212 0.69495356082916271 -0.54039704799652089
decision_type=2 2 2 2 2 2 2 2 2 2 2 2 2 2 2 2 2 2 2 2 2 2 2 2 2 2 2 2 2 2
left_child=6 4 3 5 8 15 20 10 18 -6 -5 -7 28 24 -13 -3 29 -18 27 -16 21 22 -1 -24 -9 -22 -8 -2 -10 -4
right_child=1 2 16 7 9 11 26 13 12 -11 -12 14 -14 -15 19 -17 17 -19 -20 -21 25 -23 23 -25 -26 -27 -28 -29 -30 -31
leaf_value=0.0101791091462016 -0.020625559530379811 -0.021324778563789826 0.0031229475459665884 -0.025318675060374492 -0.015494436712000959 0.0072758521233400736 0.019154554306099459 -0.011560314582381191 0.013734551511272137 0.0067724123273061017 -0.015550745378577278 -0.026231234996252985 0.0045800242051953818 -0.020504914709522801 -0.016043232293618301 -0.0087512997057179309 -0.0028071694354522697 0.034919154295521886 0.005001487452409829 -0.0020061605602279303 0.018381338370362581 0.00027312255041806431 -0.0012359386651473857 0.0074075189421562776 0.00063665138149167919 0.0054059998907840523 0.012221249501350921 0.00036569241030623336 0.024671727351041742 0.01316601933722355
leaf_weight=4054.4805045127869 225.66302008926868 1070.1339025050402 860.98655053973198 3133.8462475389242 857.13564865291119 1096.9547007977962 1417.2208356559277 733.16355669498444 2555.7459829449654 417.88837397098541 2539.1500354409218 208.64559650421143 1503.4426068216562 870.37397612631321 382.17366562783718 1593.6859794706106 1744.2153363376856 52.084959357976913 946.19956235587597 3287.7166069746017 864.93449392914772 1417.2865534722805 1105.2187617123127 2400.9279088973999 666.67879773676395 460.14615440368652 3543.4287812411785 210.27615728974342 468.10201853513718 1023.0023235082626
leaf_count=12746 975 4635 2840 14334 3660 3488 4337 2795 7917 1480 10451 878 5075 3759 1526 6020 6231 166 3208 11741 2686 4575 3722 7691 2350 1432 10865 734 1410 3236
internal_value=0.000276212 -0.00511938 -0.00927354 -0.0123032 0.00601867 -0.00615055 0.00962513 -0.0182204 0.00908575 -0.00819649 -0.0209467 -0.00205382 0.0118253 -0.0114078 -0.0046925 -0.0138024 0.00355411 -0.00171327 0.000112055 -0.00346795 0.00742146 0.00646888 0.00763031 0.0046829 -0.00575148 0.0138755 0.014202 -0.0105004 0.0154277 0.00857632
internal_weight=41710.9 26447.3 19262.8 15582.5 7184.45 7639.31 15263.6 7943.21 5909.43 1275.02 5673 4975.49 4527.29 2270.22 3878.54 2663.82 3680.29 1796.3 1382.14 3669.89 10303 8977.91 7560.63 3506.15 1399.84 1325.08 4960.65 435.939 3023.85 1883.99
internal_count=146963 98909 74450 61977 24459 28288 48054 33689 19319 5140 24785 17633 14402 8904 14145 10655 12473 6397 4917 13267 32852 28734 24159 11413 5145 4118 15202 1709 9327 6076
is_linear=0
shrinkage=0.05


Tree=33
num_leaves=31
num_cat=0
split_feature=22 24 14 22 22 22 16 24 24 14 22 22 22 34 22 14 26 22 25 35 14 14 22 22 22 8 26 40 12 35
split_gain=672.38 382.146 287.893 149.465 239.359 124.759 92.4396 76.624 41.4543 36.5192 31.6241 38.5972 29.2204 28.4958 25.9897 24.9061 27.538 24.7943 23.4436 21.7351 20.7485 20.3846 18.3616 19.0845 39.929 17.8667 16.3227 15.6515 15.1796 14.552
threshold=-0.41827584803104395 -0.11002837494015692 -0.063004076480865465 -0.3786234557628631 -0.40989206731319422 2.391140460968018 -0.7260582149028777 -0.060573069378733628 -0.077351827174425111 0.74883809685707103 2.6582129001617436 2.4396792650222783 -0.41279751062393183 0.50746527314186107 -0.41279751062393183 -0.18581615388393399 -0.40620653331279749 2.4290481805801396 1.3584620356559756 -0.80696669220924366 -0.47706991434097284 1.2533975243568423 2.4396792650222783 -0.3786234557628631 -0.40989206731319422 -1.0924623012542722 3.4315838813781743 0.23049277067184451 -0.86968737840652455 -1.0691384673118589
decision_type=2 2 2 2 2 2 2 2 2 2 2 2 2 2 2 2 2 2 2 2 2 2 2 2 2 2 2 2 2 2
left_child=15 -2 3 4 6 -5 14 8 21 18 11 17 29 -14 -3 16 -1 -7 22 -10 -6 -4 23 24 -9 -11 -21 -18 -16 -8
right_child=1 2 7 5 20 10 12 9 19 25 -12 -13 13 -15 28 -17 27 -19 -20 26 -22 -23 -24 -25 -26 -27 -28 -29 -30 -31
leaf_value=0.010050575866576865 0.012953778149814302 -0.027154742718038267 -0.0013583821023970314 0.0081474023436423123 -0.026480170004872253 -0.0083404053348888046 0.022052970623790046 0.0032093491186887869 -0.00093488084371334519 0.018692692046260288 0.013187250266021905 -0.021391284538046111 -0.0027818104848869258 0.011374857797750182 -0.02205305217787808 0.011151044242478425 0.0012861039049802234 0.023740834959794073 0.020353388878404682 -0.010307154020285404 -0.019702636994466959 0.010302999150271847 -0.0092369275238232042 0.0077746800672037486 -0.013460381770880209 0.0071243562940674372 0.044122082769504051 0.008716422272142416 -0.00589416301630666 -0.0088654343526883787
leaf_weight=3456.1701200604439 2872.8939616680145 586.24387982487679 1846.4787735193968 1599.0010939538479 1939.6239833980799 915.7916561961174 38.767822802066803 1434.5547149032354 891.68643520772457 465.86855062842369 126.44498646259308 734.28909420967102 1989.1621875762939 432.80994088947773 242.81941157579422 7342.0119763016701 2229.0155743062496 64.466477543115616 154.72381561994553 2522.9857381731272 2702.755127415061 470.17548990249634 426.62484392523766 927.31682902574539 479.23508831858635 1177.0442102998495 13.849832504987715 1039.1299242675304 362.02313749492168 2073.8960840851068
leaf_count=10876 8823 2713 6439 5037 9261 3517 143 4793 3292 1503 401 3341 6988 1486 1018 22643 7101 202 477 9983 12124 1484 1677 2967 1931 3844 47 3290 1408 8154
internal_value=0.000246368 -0.0043029 -0.00631668 -0.0111009 -0.0140973 -0.00206971 -0.00725662 -0.000205909 -0.00415851 0.00427715 -0.0109438 -0.0127235 -0.00400062 -0.000251993 -0.0196527 0.00913755 0.00693911 -0.00623059 0.00133569 -0.00764975 -0.0225343 0.00100835 0.000435222 0.00188761 -0.000964944 0.0104047 -0.01001 0.00364863 -0.0123813 -0.00829808
internal_weight=41557.9 27491.5 24618.6 13808.1 10368.1 3439.99 5725.72 10810.5 5745.18 5065.37 1840.99 1714.55 4534.64 2421.97 1191.09 14066.3 6724.32 980.258 3422.46 3428.52 4642.38 2316.65 3267.73 2841.11 1913.79 1642.91 2536.84 3268.15 604.843 2112.66
internal_count=146963 103053 94230 55793 43295 12498 21910 38437 21245 17192 7461 7060 16771 8474 5139 43910 21267 3719 11845 13322 21385 7923 11368 9691 6724 5347 10030 10391 2426 8297
is_linear=0
shrinkage=0.05


Tree=34
num_leaves=31
num_cat=0
split_feature=32 37 22 32 17 17 22 22 17 22 32 32 22 32 17 32 32 17 17 32 22 16 26 15 17 15 17 22 17 32
split_gain=2882.74 1083.14 681.017 292.962 283.266 274.306 178.061 160.411 156.958 151.72 139.409 123.195 121.279 105.888 68.4899 67.7935 66.4991 65.0773 63.8105 60.0952 56.5139 55.4574 55.3152 54.1386 44.8701 44.2992 43.9326 34.0503 32.9661 32.8827
threshold=-0.55043593049049366 -0.61308032274246205 -0.40989206731319422 1.9011231660842898 -0.32414448261260981 0.0518911611288786 -0.3786234557628631 2.391140460968018 -0.21945004165172574 -0.41827584803104395 1.0000000180025095e-35 1.8167446851730349 -0.41279751062393183 -0.54039704799652089 0.50604578852653515 -0.56097197532653797 -0.56480154395103443 0.37577587366104132 -0.80533674359321583 -0.52605235576629628 2.4396792650222783 0.61429861187934887 0.59641999006271373 -0.83893945813179005 -0.7481451928615569 -0.35223308205604548 0.53880113363266002 2.6582129001617436 0.80447515845298778 1.7705337405204775
decision_type=2 2 2 2 2 2 2 2 2 2 2 2 2 2 2 2 2 2 2 2 2 2 2 2 2 2 2 2 2 2
left_child=8 3 4 10 9 6 25 -8 15 29 19 -12 18 17 -5 -1 -10 -6 -11 -2 24 -13 -7 -14 -9 -4 -15 -22 -21 -3
right_child=1 2 5 14 13 22 7 20 16 12 11 21 23 26 -16 -17 -18 -19 -20 28 27 -23 -24 -25 -26 -27 -28 -29 -30 -31
leaf_value=-0.016086938696455094 -0.0099992644464213885 -0.024108156493577587 0.032052759076487358 0.015901265257273988 0.01047238526364643 0.013241839624992952 -0.013529494684067569 0.027826603091230463 -0.028685763930685296 0.035139256719963922 -0.023028764947846992 -0.00086976624023669133 0.022531009739593735 -0.00546860395778225 -0.0062229926469255471 -0.00666154751166078 -0.019191450968391779 -0.0053816081817613104 0.017651631093489963 0.015454524254686883 0.028511005664625302 -0.020037433960270107 0.00091521792174803723 0.0042571683777699034 0.0062308544544264488 0.024113338147638341 -0.017924289619051341 -0.024875598930719157 -0.0056702981528549143 -0.0019311544067715375
leaf_weight=4708.0391326844692 833.00479102134705 246.91840463876724 4188.5881247520447 1309.9163654744625 1672.4859403967857 2864.8284298181534 447.08796069025993 323.44952580332756 2587.1554261445999 713.79275697469711 3143.0673906505108 1258.4829787015915 491.16201943159103 2812.6525408625603 477.25641602277756 3207.5386317670345 6423.0255953073502 1055.950177103281 1937.7377505302429 590.50398573279381 1120.4827527105808 538.98159912228584 1333.8662838339806 2318.8020722270012 938.18048521876335 3026.40272757411 946.04859653115273 30.685263872146606 268.72416016459465 517.38808551430702
leaf_count=13258 2284 688 12480 3687 4491 7794 1240 913 7676 2104 9041 3400 1367 7632 1277 8765 18355 2862 5383 1630 3248 1511 3612 6221 2528 8641 2641 83 718 1433
internal_value=-0.000431762 0.00768198 0.0125668 -0.00797431 0.00415058 0.0200629 0.0245375 0.0139796 -0.0174046 0.0117691 -0.0128156 -0.017058 0.0146891 -0.00316107 0.00999308 -0.0122676 -0.0219176 0.00433663 0.0223593 -0.000429742 0.019077 -0.00661732 0.00932585 0.00745131 0.0117674 0.0287225 -0.00860365 0.0270879 0.00884772 -0.0090957
internal_weight=52332.2 35406.4 26986.5 8419.94 12712.9 14273.6 10074.9 2859.89 16925.8 6225.8 6632.76 4940.53 5461.49 6487.14 1787.17 7915.58 9010.18 2728.44 2651.53 1692.23 2412.8 1797.46 4198.69 2809.96 1261.63 7214.99 3758.7 1151.17 859.228 764.306
internal_count=146963 98909 75361 23548 34822 40539 29133 8012 48054 17196 18584 13952 15075 17626 4964 22023 26031 7353 7487 4632 6772 4911 11406 7588 3441 21121 10273 3331 2348 2121
is_linear=0
shrinkage=0.05


Tree=35
num_leaves=31
num_cat=0
split_feature=32 37 17 22 32 22 22 12 22 32 14 17 32 22 17 22 12 35 12 17 32 14 32 12 32 25 22 22 12 37
split_gain=749.925 445.675 273.536 216.835 111.814 83.9047 73.8991 72.9891 51.7583 51.4277 48.5834 44.2265 41.9488 40.5398 35.6314 35.0188 32.6269 32.1697 27.2372 26.3538 27.2679 25.0378 23.8266 25.8826 21.259 21.2552 19.5102 17.8182 16.7585 16.7459
threshold=-0.55043593049049366 -0.58839493989944447 0.20819934457540515 -0.40989206731319422 1.9011231660842898 -0.41827584803104395 -0.41279751062393183 0.096237517893314375 -0.3786234557628631 1.0000000180025095e-35 0.27720260620117193 -0.48993861675262446 1.8167446851730349 2.4396792650222783 -0.38202536106109614 -0.41168570518493647 0.58806386590003978 3.3563998937606816 1.2441371083259585 0.88067278265953075 -0.52605235576629628 -0.89134147763252247 -0.56722325086593617 -0.88240441679954518 -0.54039704799652089 0.81175261735916149 -0.3786234557628631 2.3404433727264409 1.0113947391510012 -0.049764672294259064
decision_type=2 2 2 2 2 2 2 2 2 2 2 2 2 2 2 2 2 2 2 2 2 2 2 2 2 2 2 2 2 2
left_child=7 4 3 5 9 -3 11 22 14 19 -6 -7 16 27 -5 24 -11 26 -14 20 -2 -8 -1 -24 -4 28 -17 -10 -9 -23
right_child=1 2 15 8 10 6 21 25 13 12 -12 -13 18 -15 -16 17 -18 -19 -20 -21 -22 29 23 -25 -26 -27 -28 -29 -30 -31
leaf_value=0.010805301115568945 0.0039172866645319727 0.0068600207942060096 0.0006512108677855415 -0.025470132170634735 -0.016073008593492765 -0.021164611708422452 -0.022487287496264014 0.014112730051981996 0.0060438354167296612 0.012104909537532469 0.0038102529293385528 -0.008590200849449189 0.0018665722300903285 -0.020712849427971032 -0.017105529789975798 -0.0059816389225029855 0.025400942163497919 0.038916227699296591 0.022366124671520861 0.0092719036213447636 -0.013749410542855245 0.0024990801812077418 -0.0040070411366016851 0.0060694024910855739 0.010162528789172613 0.0097530538161998831 0.0050584755493790776 -0.0091392767596334273 0.022192087541982881 -0.0051046190290608695
leaf_weight=2446.4809120595455 429.24715729057789 1064.7147256731987 1071.3982574939728 2444.411332577467 733.6127737313509 1274.4432290643454 159.58956676721573 2499.0031152963638 235.15459816157818 2480.8828428387642 528.58138673007488 1549.4278937280178 1322.0670415461063 797.44243690371513 2657.090142339468 1810.7100641727448 566.80913689732552 45.486895620822906 184.67047625780106 505.39743214845657 444.68379899859428 1178.6649380475283 703.618088722229 6759.7922062277794 1300.7440595626831 2075.427896052599 513.71224325895309 1083.9323949217796 863.64696311950684 1877.5708477646112
leaf_count=7551 1439 3371 3557 11571 3221 5633 670 7643 785 7645 1919 5973 4498 3552 11495 6713 1682 144 577 1645 1833 4147 2325 21633 4122 6318 1746 4116 2584 6855
internal_value=0.000296972 -0.00483474 -0.00883658 -0.0122828 0.00576747 -0.00608164 -0.00836308 0.00907736 -0.0183863 0.00864204 -0.0077463 -0.0142652 0.0112037 -0.0118129 -0.0211135 0.00157196 0.0145777 -0.00272679 0.00437906 0.000183669 -0.00507209 -0.00318035 0.00652312 0.00511944 0.00586666 0.013732 -0.0035417 -0.00643257 0.0161878 -0.00217218
internal_weight=41608.4 26260.4 19064.5 14322.4 7195.95 7104.41 6039.7 15348 7218.03 5933.76 1262.19 2823.87 4554.43 2116.53 5101.5 4742.05 3047.69 2369.91 1506.74 1379.33 873.931 3215.83 9909.89 7463.41 2372.14 5438.08 2324.42 1319.09 3362.65 3056.24
internal_count=146963 98909 74450 58168 24459 26649 23278 48054 31519 19319 5140 11606 14402 8453 23066 16282 9327 8603 5075 4917 3272 11672 31509 23958 7679 16545 8459 4901 10227 11002
is_linear=0
shrinkage=0.05


Tree=36
num_leaves=31
num_cat=0
split_feature=32 31 31 17 17 17 31 31 35 34 31 24 28 32 5 24 16 17 35 16 27 17 29 17 29 35 31 22 35 17
split_gain=846.131 311.568 286.662 181.513 114.514 71.2152 54.1745 92.8868 47.3373 36.2309 33.9319 32.3959 31.4361 26.157 22.8468 20.3099 20.074 19.5257 18.0508 17.9708 19.1537 16.694 16.5473 16.179 15.3352 15.135 14.867 14.722 14.6685 13.3153
threshold=-0.55043593049049366 -0.54869693517684925 -0.54526427388191212 -0.084670040756463991 0.14201267063617709 -0.77663916349411 1.8225664496421816 1.8339731693267824 -1.7007161974906919 -0.53970927000045765 -0.54124015569686879 -0.11213024333119391 -0.88338494300842274 -0.56480154395103443 0.25425609946250921 -0.063553389161825166 -0.64153134822845448 0.69143059849739086 -2.2696633338928218 -0.1003880128264427 -0.42834529280662531 -0.5108141005039214 -0.73537117242813099 -0.61353585124015797 -0.17276657372713086 0.35120424628257757 -0.52100145816802967 -0.42728608846664423 0.60661745071411144 3.2608360052108769
decision_type=2 2 2 2 2 2 2 2 2 2 2 2 2 2 2 2 2 2 2 2 2 2 2 2 2 2 2 2 2 2
left_child=13 27 4 5 9 12 10 -8 -5 -3 23 -10 -4 16 -6 17 -1 -13 -18 20 -15 -11 -14 -7 25 -22 28 -2 -12 -19
right_child=1 2 3 8 14 6 7 -9 11 21 26 15 22 19 -16 -17 18 29 -20 -21 24 -23 -24 -25 -26 -27 -28 -29 -30 -31
leaf_value=0.0057547178823048259 0.013614753537194151 -0.011190147479786618 0.014825346703411974 0.015154497254493082 -0.0033730808406122188 -0.01743545575110321 -0.023151330605679723 -0.0029369382352193744 0.017756928369500002 -0.026498207677082525 -0.0019758090040854774 -0.0060871305850217668 -0.012175737051372801 0.0094926165456515835 -0.013658643673864318 0.0030931597644169046 -0.014525712357994828 0.0016740568102715143 0.014341603123742325 0.010345087481149463 0.0027265503575009654 -0.01969531725172954 -0.024472670640766275 -0.0060796705661958755 -0.0028485120027711896 0.010916647666856313 0.013353033279145941 0.006393796647907863 0.011421388736026413 0.030995791591433272
leaf_weight=911.39762201905251 956.79634231328964 941.1124724894762 65.468557268381119 675.61059030890465 1643.7107397019863 397.87162999808788 1102.5952831804752 1172.7412507236004 281.57113412022591 1398.0164833664894 2319.382822111249 1681.1098140031099 394.95584481954575 2485.4785438776016 803.96809887886047 3142.5843216627836 54.885774344205856 884.58864162862301 4057.6879180967808 4779.0225736796856 1679.4438929259777 2540.7598860114813 890.15002527832985 1481.9011944234371 707.85810631513596 849.36708456277847 200.28623151779175 2691.3218820989132 224.05021265149117 40.490158379077911
leaf_count=2817 2961 4132 205 2126 6199 1744 5195 4387 850 6954 8038 6227 1660 7819 3210 10632 176 2972 12245 14739 5347 11652 4154 5710 2245 2666 622 8382 764 133
internal_value=0.000269524 -0.00525764 -0.00747524 -0.00350561 -0.0155772 -0.00847204 -0.00641654 -0.0127325 0.0026039 -0.020004 -0.00330828 0.00119779 -0.0189717 0.00950133 -0.00675149 0.000386736 0.0124685 -0.00287671 0.0139563 0.00808177 0.0061915 -0.0221099 -0.0206934 -0.00848323 0.00365653 0.00547741 0.000237173 0.00828765 -0.000795654 0.00295745
internal_weight=41456.2 25931 22282.9 14955.4 7327.57 8249.4 6898.83 2275.34 6705.95 4879.89 4623.49 6030.34 1350.57 15525.1 2447.68 5748.77 5023.97 2606.19 4112.57 10501.2 5722.15 3938.78 1285.11 1879.77 3236.67 2528.81 2743.72 3648.12 2543.43 925.079
internal_count=146963 98909 87566 55419 32147 32479 26460 9582 22940 22738 16878 20814 6019 48054 9409 19964 15238 9332 12421 32816 18077 18606 5814 7454 10258 8013 9424 11343 8802 3105
is_linear=0
shrinkage=0.05


Tree=37
num_leaves=31
num_cat=0
split_feature=32 37 22 32 17 17 22 17 22 22 32 32 15 32 22 32 17 17 32 22 16 26 15 15 17 32 22 32 17 22
split_gain=2596.7 977.978 616.173 262.769 255.834 252.148 163.925 147.694 145.342 135.977 126.5 113.076 110.752 95.5721 88.882 74.133 61.603 59.0051 53.8558 51.8625 50.6813 50.0241 42.5043 41.9269 40.1926 38.6402 31.5768 30.9122 29.4476 29.0413
threshold=-0.55043593049049366 -0.61308032274246205 -0.40989206731319422 1.9011231660842898 -0.32414448261260981 0.0518911611288786 -0.3786234557628631 -0.027945538982748982 2.391140460968018 -0.41827584803104395 1.0000000180025095e-35 1.8167446851730349 -0.922773778438568 -0.54039704799652089 -0.41279751062393183 -0.56480154395103443 0.57416906952857982 0.37577587366104132 -0.52605235576629628 2.4396792650222783 0.61429861187934887 0.59641999006271373 -0.7748909294605254 -0.35223308205604548 0.53880113363266002 -0.56480154395103443 2.6582129001617436 1.7705337405204775 0.80447515845298778 -0.41827584803104395
decision_type=2 2 2 2 2 2 2 2 2 2 2 2 2 2 2 2 2 2 2 2 2 2 2 2 2 2 2 2 2 2
left_child=7 3 4 10 9 6 23 15 -8 27 18 -12 -11 17 -14 -1 -5 -6 -2 22 -13 -7 -10 -4 29 -9 -21 -3 -20 -15
right_child=1 2 5 16 13 21 8 25 19 12 11 20 14 24 -16 -17 -18 -19 28 26 -22 -23 -24 -25 -26 -27 -28 -29 -30 -31
leaf_value=-0.019248821969196733 -0.009517459256610291 -0.023222396084799823 0.030768521614554786 0.01469836690005248 0.0099344762125801733 0.012539601205928659 -0.012946558843158019 -0.028273240069107426 0.028838118216978927 0.034777583741238474 -0.022082648593042105 -0.00083827642846911457 0.018643732736424945 -0.015348418640157785 0.0051003672671965233 -0.010056739512338018 -0.0069438977524614908 -0.0051694415621566072 0.014619294231589607 0.027292331279022714 -0.019204793840775277 0.00080927602691706043 0.0063843301055196023 0.022989016446336639 -0.017160969404353188 -0.019945249765755634 -0.02418745113844592 -0.0016658134606728093 -0.0053638651213254182 -0.0026691877524942604
leaf_weight=3173.8289490938187 831.04133147001266 245.26886367797852 4110.0095813572407 1342.6886997818947 1670.3541305363178 2856.4840890169144 445.50604566931725 2013.1492163836956 267.7604606449604 571.20363554358482 3112.8573572635651 1258.1783110797405 2297.6830348968506 565.39834469556808 2562.4889183044434 7100.743798583746 435.43424239754677 1055.0500858724117 587.64586335420609 1104.7521626651287 535.45999735593796 1332.9894547760487 990.10285103321075 2993.2619226574898 940.79655948281288 4520.238192230463 30.612967908382416 516.57514032721519 268.63421496748924 2244.1721833050251
leaf_count=9151 2284 688 12480 3799 4491 7794 1240 6087 763 1675 9041 3400 6498 1594 6902 19693 1165 2862 1630 3248 1511 3612 2678 8641 2641 13123 83 1433 718 6038
internal_value=-0.000467608 0.00725773 0.0119176 -0.00765962 0.00391056 0.019096 0.0234316 -0.0166337 0.0132756 0.0111761 -0.0122596 -0.0163209 0.0139508 -0.00303794 0.0115031 -0.0128962 0.00939852 0.00408749 -0.000450034 0.0181569 -0.00632129 0.00880729 0.0111641 0.0274903 -0.00821601 -0.0225114 0.0259043 -0.00860576 0.00835013 -0.00522076
internal_weight=51980.4 35172.4 26800.5 8371.94 12669 14131.5 9942.01 16808 2838.73 6193.22 6593.82 4906.5 5431.38 6475.77 4860.17 10274.6 1778.12 2725.4 1687.32 2393.23 1793.64 4189.47 1257.86 7103.27 3750.37 6533.39 1135.37 761.844 856.28 2809.57
internal_count=146963 98909 75361 23548 34822 40539 29133 48054 8012 17196 18584 13952 15075 17626 13400 28844 4964 7353 4632 6772 4911 11406 3441 21121 10273 19210 3331 2121 2348 7632
is_linear=0
shrinkage=0.05


Tree=38
num_leaves=31
num_cat=0
split_feature=32 37 15 22 32 22 12 32 15 32 16 32 22 31 35 15 32 22 12 12 15 32 35 15 12 35 32 12 24 32
split_gain=667.563 401.617 236.746 124.798 110.966 94.0833 65.9712 63.896 57.173 57.1016 55.1434 42.8851 40.0205 37.4081 31.3614 29.6185 28.9607 28.9554 28.5799 26.6086 24.9023 24.8805 24.4785 22.1197 24.4978 22.6416 21.4433 24.1459 19.1479 18.2174
threshold=-0.55043593049049366 -0.53136354684829701 -0.24210099130868909 -0.40989206731319422 1.9011231660842898 -0.40989206731319422 0.096237517893314375 -0.54039704799652089 0.6452847719192506 1.0000000180025095e-35 0.089079048484563841 1.8167446851730349 -0.3786234557628631 -0.56003680825233448 1.3370198011398318 -0.922773778438568 -0.52605235576629628 2.391140460968018 0.58806386590003978 1.2441371083259585 0.6669713854789735 -0.54039704799652089 3.3563998937606816 -0.060792837291955941 1.0113947391510012 -1.5065899491310117 -0.56722325086593617 -0.88240441679954518 -0.14170987159013745 -0.52605235576629628
decision_type=2 2 2 2 2 2 2 2 2 2 2 2 2 2 2 2 2 2 2 2 2 2 2 2 2 2 2 2 2 2
left_child=6 4 3 7 9 21 26 -3 29 16 -6 18 14 -9 -5 -15 -2 -14 -11 -13 -18 -4 -10 -8 -25 -26 -1 -28 -17 -7
right_child=1 2 5 12 10 8 23 13 22 11 -12 19 17 15 -16 28 20 -19 -20 -21 -22 -23 -24 24 25 -27 27 -29 -30 -31
leaf_value=0.010184170611603675 0.005662100132428626 -0.016883106687081574 -0.0022571215807605459 -0.023993460514197384 -0.018564994218368682 0.00038268990427720191 0.020353383208714892 0.011143456683916367 0.00020557533988372953 0.01138394088219811 0.0016974484968090295 0.0012874914099951277 0.002152779894142978 -0.024863532933678486 0.04800880544686853 0.014111832825537424 -0.014709213934589325 -0.016715621464720675 0.023580970650946942 0.0212669065133885 0.0044780348372842919 0.0052886337939756639 0.03772160607672824 0.0092133469680177223 0.031131298971980883 0.014238511849132924 -0.0040116782015915424 0.0057189946872788265 -0.0059035410353357916 -0.012224575729413751
leaf_weight=2461.4032437503338 847.35270030796528 1546.8082561641932 1860.7401734143496 2997.6114976704121 654.93524464964867 314.51003427803516 855.5836064517498 343.27072313427925 1121.7822339832783 2707.8264698386192 689.03511179983616 1432.4004121124744 245.86702221632004 200.63000074028969 15.199875190854071 125.81889092922211 475.53942659497261 1175.2178117334843 583.82952597737312 188.58734127879143 262.42248243093491 2645.7262738645077 45.233413100242615 3230.6858128905296 239.70672458410263 1149.8432405292988 703.6263302564621 6786.2264521420002 2375.753375262022 3221.8534934669733
leaf_count=7551 2788 6736 6583 14482 2985 1123 2584 1079 3924 8297 2579 4892 815 879 68 408 2026 5052 1716 583 902 8685 141 9834 704 3423 2325 21633 8826 13340
internal_value=0.00031642 -0.00456078 -0.00862977 -0.0143844 0.00490144 -0.00298986 0.00856085 -0.00860746 -0.00793654 0.00760639 -0.00817672 0.010269 -0.0203678 -0.00440423 -0.0236302 -0.00637931 -0.00064459 -0.0134511 0.0135473 0.00361192 -0.00788614 0.00217296 0.00165969 0.0129686 0.0116011 0.0171526 0.00613541 0.00480486 -0.00489685 -0.0111033
internal_weight=41505 26078 18236 9026.18 7841.93 9209.85 15427.1 4592.28 4703.38 6497.96 1343.97 4912.64 4433.9 3045.47 3012.81 2702.2 1585.31 1421.08 3291.66 1620.99 737.962 4506.47 1167.02 5475.82 4620.24 1389.55 9951.26 7489.85 2501.57 3536.36
internal_count=146963 98909 72141 38345 26768 33796 48054 17928 18528 21204 5564 15488 20417 11192 14550 10113 5716 5867 10013 5475 2928 15268 4065 16545 13961 4127 31509 23958 9234 14463
is_linear=0
shrinkage=0.05


Tree=39
num_leaves=31
num_cat=0
split_feature=32 22 22 15 15 22 22 16 32 22 26 33 15 15 22 32 33 32 22 14 34 35 8 24 6 12 22 16 35 15
split_gain=755.453 282.415 242.195 132.522 105.162 93.2621 68.8626 66.8857 39.8276 36.2728 44.4048 33.6565 30.2584 25.701 24.269 22.0119 21.8062 20.5451 19.8121 25.3763 18.714 18.2686 16.8028 15.1395 14.7884 14.7626 14.3028 17.5383 14.2678 14.2325
threshold=-0.55043593049049366 -0.40989206731319422 -0.3786234557628631 -0.018189112655818459 -0.23210459947586057 2.4396792650222783 -0.41827584803104395 -0.7260582149028777 -0.54039704799652089 2.358141422271729 0.68526184558868419 -0.88786378502845753 0.70669168233871471 -0.28866988420486445 -0.41279751062393183 1.7826924324035647 -0.69486635923385609 -0.56480154395103443 -0.42406351864337916 0.98872205615043651 -0.68508848547935475 -2.2696633338928218 2.0265775918960576 -0.16594397276639936 -1.8769857883453367 -0.86968737840652455 2.6582129001617436 -0.34203448891639704 -0.67225417494773854 -0.59582045674324025
decision_type=2 2 2 2 2 2 2 2 2 2 2 2 2 2 2 2 2 2 2 2 2 2 2 2 2 2 2 2 2 2
left_child=13 4 3 16 6 9 15 14 12 -4 -11 -7 -6 -1 -8 28 -3 21 -10 23 -5 -15 -22 -20 -12 -16 27 -13 -2 -18
right_child=1 2 5 20 8 11 7 -9 18 10 24 26 -14 17 25 -17 29 -19 19 -21 22 -23 -24 -25 -26 -27 -28 -29 -30 -31
leaf_value=0.006445878017970242 0.018987178501206861 -0.0097083936785051714 0.011361741312607615 -0.0023520061564420718 -0.0056534283251069763 0.0026115737197500832 -0.025811720520619426 -0.0042967306108465065 0.012098869690469093 -0.0054779519032217422 0.039300290666966747 -0.025198696067342236 0.0069306388657518429 -0.015209280260245039 -0.020986974391103471 -0.0042693298607091659 -0.027106755818353756 0.009087622491041487 0.027371600891366504 0.012873908563262438 -0.011191006787944189 0.014730288752950686 0.015312554101071268 0.0022795050468901027 0.0082719817846228488 -0.0047952985567771261 0.009274932379100825 -0.01199797992144218 0.0053282447649474823 -0.020520834286081365
leaf_weight=6122.7087296843529 260.00601452589035 373.16217303276062 1048.2098455429077 960.92579919099808 1452.6508909463882 327.29664252698421 553.29367204010487 3381.410038203001 1233.0018993318081 1325.7866908758879 40.768765956163406 397.70505057275295 711.73432955145836 51.906596779823303 233.44479560852051 464.15857210755348 1131.3279725015163 6663.3697722554207 61.335189968347549 780.18889218568802 2467.7727194726467 2767.8254343867302 61.286869913339615 3019.5577893555164 661.28354233503342 354.61370038986206 55.067035615444183 684.96004588901997 722.36752796173096 2984.1158667206764
leaf_count=19167 796 1672 3226 3593 5345 1242 2706 12769 3781 4897 130 1929 2292 168 1017 1472 5798 20511 184 2422 10004 8208 241 10051 2144 1398 174 2956 2265 14405
internal_value=0.000290676 -0.00497065 -0.0103533 -0.0155998 0.000123838 -0.0011352 -0.00479222 -0.00782934 0.00416676 0.00380984 -9.38171e-05 -0.0115181 -0.0015153 0.00897113 -0.0182952 0.00470372 -0.0212819 0.0106016 0.00658096 0.00481886 -0.00829187 0.0141792 -0.0105487 0.00277904 0.0100738 -0.011223 -0.0155828 -0.0168471 0.00894337 -0.0223313
internal_weight=41353.2 25747.4 12519.7 7978.59 13227.8 4541.08 5969.29 4522.76 7258.47 3076.05 2027.84 1465.03 2164.39 15605.8 1141.35 1446.53 4488.61 9483.1 5094.08 3861.08 3489.99 2819.73 2529.06 3080.89 702.052 588.058 1137.73 1082.67 982.374 4115.44
internal_count=146963 98909 52411 35713 46498 16698 22423 17890 24075 10397 7171 6301 7637 48054 5121 4533 21875 28887 16438 12657 13838 8376 10245 10235 2274 2415 5059 4885 3061 20203
is_linear=0
shrinkage=0.05


Tree=40
num_leaves=31
num_cat=0
split_feature=22 24 17 31 31 17 17 15 31 31 24 22 22 31 17 24 22 12 25 22 17 35 17 34 31 31 31 31 15 24
split_gain=1953.42 818.56 772.607 398.239 481.565 181.693 126.783 103.492 102.019 111.753 97.9105 94.2844 155.004 93.6478 46.0309 42.9195 42.0364 41.3112 39.1288 36.4804 35.4777 35.3454 31.6048 31.5862 32.8227 35.759 91.8697 53.9696 39.4427 30.4587
threshold=-0.41827584803104395 -0.10647905245423316 0.40261681377887731 -0.54869693517684925 -0.54526427388191212 -0.3767267763614654 -0.19823592156171796 -0.29363717138767237 1.8225664496421816 -0.54124015569686879 -0.062094893306493752 -0.3786234557628631 -0.40989206731319422 1.8477053046226504 -0.1035650111734867 -0.051932087168097489 -0.41168570518493647 -0.40124577283859247 1.3322411179542544 2.4396792650222783 -0.80533674359321583 0.4237141907215119 1.1440440416336062 -0.56399971246719349 -0.54124015569686879 1.8225664496421816 1.8477053046226504 -0.52100145816802967 -0.86315050721168507 -0.10576791688799857
decision_type=2 2 2 2 2 2 2 2 2 2 2 2 2 2 2 2 2 2 2 2 2 2 2 2 2 2 2 2 2 2
left_child=6 14 3 -3 7 10 15 -5 9 -7 20 12 -4 -10 -2 29 -11 -17 23 -13 -6 -9 -14 -12 -25 27 -27 28 -26 -1
right_child=1 2 11 4 5 8 -8 21 13 16 18 19 22 -15 -16 17 -18 -19 -20 -21 -22 -23 -24 24 25 26 -28 -29 -30 -31
leaf_value=-0.0094325581054354873 -0.013829571791218945 -0.015033288081740091 -0.011404208458979444 0.028271441747465639 0.030073603215327035 0.0071470926873801275 -0.019895609684909554 0.014663920681684484 0.015562817855126069 -0.0035106187634041473 -0.0063969195534179322 -0.02271288249681877 0.009443197993177185 -0.0050076517624454602 -0.026275359255400782 0.00033631133214332158 -0.016359458150894093 -0.012188899378162777 -0.016299770649369726 -0.0051314850918871948 0.017577510736070081 0.024858525353005912 -0.0020743777901918413 0.025338426292159755 0.023470708885179041 0.028285338541102819 0.0039177599942157026 -0.013759575363450648 0.0058134104247022957 -0.017539174098613209
leaf_weight=2222.8458915650845 1884.08713555336 1292.0776289999485 2984.4578169882298 4416.8900853991508 743.47798481583595 2261.057729780674 7956.3760884702206 3172.5408081710339 2226.0126250386238 1963.6687853634357 276.24686133861542 1067.3409579694271 1661.1230497360229 736.294373691082 1226.5851198136806 1372.476053237915 941.88693976402283 1265.1759257316589 145.6110572218895 407.76923462748528 2406.5211091339588 1161.4941855072975 928.57977414131165 367.60107585787773 379.84176802635193 751.77324998378754 796.73541766405106 301.1227710545063 1889.7126255631447 2420.3701792657375
leaf_count=6215 5329 3704 8285 13648 2257 6081 23431 8973 6249 5287 745 3101 4493 1994 3644 3777 2650 3520 408 1104 6883 3319 2481 1041 1080 2219 2165 831 5082 6967
internal_value=-0.000502392 0.005791 0.00808365 0.012033 0.0134353 0.00832677 -0.0155327 0.0228852 0.00305249 -0.00118888 0.013647 -0.00661205 -0.00363737 0.0104499 -0.0187371 -0.0107649 -0.0076758 -0.00567153 0.00923207 -0.0178528 0.0205269 0.017396 0.00531339 0.0100126 0.0110229 0.00974539 0.0157478 0.00612971 0.00876861 -0.0136583
internal_weight=51627.8 36390.5 33279.8 26230.6 24938.5 16187.6 15237.2 8750.93 8128.92 5166.61 8058.64 7049.27 5574.16 2962.31 3110.67 7280.87 2905.56 2637.65 4908.64 1475.11 3150 4334.03 2589.7 4763.03 4486.79 4119.19 1548.51 2570.68 2269.55 4643.22
internal_count=146963 103053 94080 74616 70912 44972 43910 25940 22261 14018 22711 19464 15259 8243 8973 20479 7937 7297 13571 4205 9140 12292 6974 13163 12418 11377 4384 6993 6162 13182
is_linear=0
shrinkage=0.05


Tree=41
num_leaves=31
num_cat=0
split_feature=32 17 22 37 22 32 32 12 22 32 22 32 17 15 22 12 32 32 12 32 15 32 32 12 15 25 23 23 14 32
split_gain=595.24 365.643 278.77 101.726 103.587 68.8335 63.5858 60.4256 60.0525 55.1401 42.455 42.1213 36.8648 32.9538 32.3999 29.8185 29.4264 32.5664 25.8506 24.3819 22.3872 20.7836 20.6478 20.0267 25.4728 15.7508 15.7077 15.355 15.2017 14.963
threshold=-0.55043593049049366 0.14201267063617709 -0.41827584803104395 -0.55406460165977467 -0.40989206731319422 1.9011231660842898 1.0000000180025095e-35 -0.23814254254102704 -0.41279751062393183 -0.52605235576629628 -0.3786234557628631 1.7972702980041506 -0.48993861675262446 -0.47141261398792261 2.4396792650222783 1.4559254646301272 1.0000000180025095e-35 1.8167446851730349 1.2441371083259585 -0.56097197532653797 -0.922773778438568 -0.52605235576629628 -0.54039704799652089 1.0113947391510012 -0.24210099130868909 0.7208557426929475 -1.1410427093505857 1.0785264968872073 -1.0184851884841917 -0.54039704799652089
decision_type=2 2 2 2 2 2 2 2 2 2 2 2 2 2 2 2 2 2 2 2 2 2 2 2 2 2 2 2 2 2
left_child=7 2 -2 5 8 16 9 19 12 22 13 27 -5 -6 29 26 21 -18 -13 -1 -10 -4 -3 24 -9 -25 -11 -8 -21 -12
right_child=1 6 3 4 10 -7 11 23 20 15 14 18 -14 -15 -16 -17 17 -19 -20 28 -22 -23 -24 25 -26 -27 -28 -29 -30 -31
leaf_value=0.0068360859375557696 0.0078061113187437251 0.0012376287425954532 0.0021792301026789516 -0.019946882116720688 -0.025213062804690874 -0.015814772327443744 0.021669130067766461 0.01568972905054071 -0.021783299539741788 0.010853585453007629 -0.015172218719179368 0.0031096113632482179 -0.0080298024798191852 -0.016513418454397449 -0.01943809041752485 0.0060323581727469381 0.013933003297247332 -0.00083710640883531164 0.016597575552059731 -0.017639284653664929 -0.0022431609798749166 -0.01804398823053131 0.0094165173803776626 0.020434435742401461 0.0083087581544748681 0.0097023328972385414 -0.0085381694612753304 0.0061305830437107444 0.0013649924317340086 -0.0027640487000404178
leaf_weight=3953.2626586258411 2264.4274776726961 1553.7149504125118 253.29535259306431 1213.776252835989 1775.6056504696608 695.2182604521513 761.70420518517494 1441.8671735823154 154.42343534529209 110.57285207509995 333.45166878402233 1735.674580425024 1394.5609911978245 2813.115223005414 728.70061841607094 515.5389439612627 690.86334964632988 811.64730948209763 446.65282927453518 110.06937807798386 2887.1442298591137 254.89346545934677 1533.0601028800011 858.56085586547852 6175.2472047805786 568.0977500975132 1879.3316970765591 200.93002757430077 2392.1647424995899 895.35081762075424
leaf_count=12327 6985 5161 880 5595 8981 3206 2263 4401 685 427 1398 5774 5504 12926 3405 1736 2132 2898 1410 377 10467 1162 4840 2527 18834 1679 7220 598 7909 3256
internal_value=0.000336135 -0.00430128 -0.0085393 -0.0110231 -0.0129689 -0.00225271 0.00402543 0.00808656 -0.00800886 0.000826682 -0.0172498 0.00971329 -0.0135754 -0.0198797 -0.0110848 -0.00468421 0.0024365 0.00595428 0.00587017 0.00439139 -0.00323523 -0.00796418 0.00529971 0.0107242 0.00970592 0.0161609 -0.00746063 0.0184258 0.000529024 -0.00613117
internal_weight=41402.9 25903.7 17166.5 14902 12196.1 2705.92 8737.18 15499.3 5649.9 5592.22 6546.22 3144.96 2608.34 4588.72 1957.5 2505.44 2010.7 1502.51 2182.33 6455.5 3041.57 508.189 3086.78 9043.77 7617.11 1426.66 1989.9 962.634 2502.23 1228.8
internal_count=146963 98909 69480 62495 52217 10278 29429 48054 22251 19384 29966 10045 11099 21907 8059 9383 7072 5030 7184 20613 11152 2042 10001 27441 23235 4206 7647 2861 8286 4654
is_linear=0
shrinkage=0.05


Tree=42
num_leaves=31
num_cat=0
split_feature=32 32 32 32 17 17 14 14 32 17 32 34 14 35 32 17 34 25 33 7 26 7 31 14 34 23 8 23 35 31
split_gain=675.04 257.453 279.283 167.579 109.924 108.14 78.3455 58.5 29.0188 24.9233 24.9186 24.8699 24.2172 23.8739 19.5116 17.2518 15.7004 15.0937 14.8641 15.6292 14.8102 14.685 14.2073 13.5748 13.5123 13.4635 16.3575 13.3082 15.9616 13.2936
threshold=-0.55043593049049366 1.0000000180025095e-35 -0.52605235576629628 1.8167446851730349 -0.053355436772108071 -0.77663916349411 -0.063004076480865465 0.34878545999526983 -0.54039704799652089 -0.62474665045738209 1.9011231660842898 0.46981404721736914 0.1313678324222565 -1.7007161974906919 -0.56480154395103443 -0.5108141005039214 0.37721538543701177 -0.88397857546806324 -0.0444404799491167 1.8529434204101565 -0.39558479189872736 -1.2995544672012327 -0.53261977434158314 -0.53552016615867604 0.73658719658851635 1.6985836625099184 -1.1838905215263364 -0.97495156526565541 -0.10766129940748213 -0.53261977434158314
decision_type=2 2 2 2 2 2 2 2 2 2 2 2 2 2 2 2 2 2 2 2 2 2 2 2 2 2 2 2 2 2
left_child=12 2 5 17 15 -2 9 8 -7 29 -11 -10 14 22 -1 -4 20 -3 -6 -20 -16 25 -8 24 -13 -17 -27 28 -9 -5
right_child=1 3 4 6 18 7 13 27 11 10 -12 23 -14 -15 16 21 -18 -19 19 -21 -22 -23 -24 -25 -26 26 -28 -29 -30 -31
leaf_value=0.01027784621893927 -0.019365881859423312 0.0033317949905690689 -0.025740938098242707 -0.024426606349464253 -0.004466365326132744 -0.0072791817545732416 0.0067154792292138596 0.034662965359292149 -0.0030484478057121456 -0.0024513104605918259 -0.014357510833985794 0.015316204822436622 0.011419608246348995 -0.00077544863361646917 0.0071004425429741268 -0.0081081945955879583 0.0088388636152955079 0.009785340173928507 -0.012631992195877313 0.0064184441594652758 0.001509242635789586 -0.019827257763408202 0.026777937827963717 0.0047034358962459487 0.062002928846117661 0.0062086092231186741 0.12046845177854659 0.004927139468321573 0.0037808953304883266 -0.010060586590764264
leaf_weight=3439.6091594099998 871.08737863600254 1197.1000959575176 1500.227658867836 440.10571351647377 1138.8754984140396 2689.0632818341255 322.68501952290535 85.658897936344147 2147.161631450057 945.05404099822044 821.42640513181686 80.895930245518684 4842.1114865839481 1753.9335596859455 2149.0095690488815 110.27826924622059 2610.9989431798458 3726.1673429608345 1951.6487751305103 113.94911386072636 2638.5806195735931 2317.9859505742788 121.4579312056303 783.08671942353249 19.171002581715584 9.5819796323776227 4.653623402118682 2083.4350395202637 81.794952124357224 253.94780510663986
leaf_count=10399 4131 3709 7834 2212 4450 10527 1106 273 7510 3468 3936 286 14580 6386 6699 517 8081 11474 8036 458 8295 11359 370 2660 67 43 21 6768 266 1042
internal_value=0.000311921 -0.0046968 -0.00858073 0.00178401 -0.0159306 -0.00263923 -0.00501354 -0.000811139 -0.00349842 -0.0111421 -0.00798778 -0.000143429 0.00847982 0.00184675 0.00716643 -0.0215208 0.00571993 0.00821615 -0.00905249 -0.0115811 0.00401897 -0.0189287 0.0122019 0.00691938 0.0242605 -0.00220098 0.0435602 0.0060171 0.0195782 -0.0191702
internal_weight=41250.7 25570.4 15988.6 9581.88 7147.2 8841.35 4658.61 7970.27 5719.38 2460.53 1766.48 3030.32 15680.3 2198.08 10838.2 3942.73 7398.59 4923.27 3204.47 2065.6 4787.59 2442.5 444.143 883.154 100.067 124.514 14.2356 2250.89 167.454 694.054
internal_count=146963 98909 65206 33703 32718 32488 18520 28357 21050 10658 7404 10523 48054 7862 33474 19774 23075 15183 12944 8494 14994 11940 1476 3013 353 581 64 7307 539 3254
is_linear=0
shrinkage=0.05


Tree=43
num_leaves=31
num_cat=0
split_feature=32 31 17 31 31 17 24 32 32 17 31 31 31 32 17 17 32 32 32 15 17 35 28 17 33 17 31 32 12 14
split_gain=2107.3 887.912 699.538 302.787 243.225 131.329 127.81 113.397 110.794 97.1807 97.324 107.314 84.3954 72.21 72.2059 71.7169 60.686 58.3475 42.1102 40.4258 34.7079 31.6216 28.4829 27.4353 26.8876 26.4839 25.9187 25.6517 24.8078 24.2215
threshold=-0.55043593049049366 -0.54869693517684925 -0.1035650111734867 -0.54526427388191212 -0.54526427388191212 -0.21945004165172574 -0.11672714725136756 1.0000000180025095e-35 -0.52605235576629628 -0.82656124234199513 1.8225664496421816 1.8339731693267824 -0.54124015569686879 1.8167446851730349 0.53880113363266002 0.53880113363266002 -0.56480154395103443 -0.56097197532653797 -0.54039704799652089 -0.48896229267120356 -0.16616346687078473 0.44074283540248876 -0.74281468987464894 -0.61353585124015797 -1.1803714036941526 0.69143059849739086 -0.56003680825233448 -0.54039704799652089 -0.99149015545845021 0.62556126713752758
decision_type=2 2 2 2 2 2 2 2 2 2 2 2 2 2 2 2 2 2 2 2 2 2 2 2 2 2 2 2 2 2
left_child=5 20 3 19 15 17 -5 8 14 22 12 -12 23 -9 18 21 -7 28 -6 -3 26 -4 -8 -11 -17 -15 -2 -16 -1 -18
right_child=1 2 4 6 7 16 9 13 -10 10 11 -13 -14 25 27 24 29 -19 -20 -21 -22 -23 -24 -25 -26 -27 -28 -29 -30 -31
leaf_value=-0.0053589621574049728 -0.015372355749132838 0.029760009377087504 0.010952332233318917 -0.01301405453620213 0.0065452173066420302 -0.026010159526436684 0.013873676009489336 -0.030101006484487648 0.011024432210867727 0.021166622053911677 0.025888426229153178 0.0081377153407421448 0.00094953314343973439 -0.0036542038342886568 -0.006248833281936852 -0.0069324399445137748 -0.015036608169443228 -0.0052806283346660751 -0.0055972778283099271 0.021442236186404076 -0.021085725173398993 0.021977154434095512 0.028774758724952443 0.0099265177092681643 0.0059037018049508672 -0.01741825560935743 -0.0032633038897247179 -0.017054226360396416 -0.015611278171059754 -0.022309286362650196
leaf_weight=694.14284098148346 1424.6910057663918 2654.6955482363701 2236.4266654551029 519.33975079655647 1470.5400821566582 2489.8095377385616 463.84597513079643 549.1628774702549 1464.3328424692154 742.09145557880402 1739.1671508848667 1668.1709271371365 3123.8596500456333 920.68152824044228 1152.6689371168613 598.02474567294121 4765.1415106654167 3184.5651894211769 1387.9327473938465 3248.0696877241135 1820.7817705273628 917.11916893720627 1039.1052587330341 2022.3922124803066 1283.6607327461243 563.3177695274353 640.61251205205917 1049.214296579361 3934.4912185966969 1506.9036414921284
leaf_count=1941 4097 8469 6212 1472 3940 7676 1308 1605 4039 2178 5257 4570 8386 2502 3157 1601 13862 8765 3754 9810 5438 2599 3146 5522 3456 1608 1808 2975 11317 4493
internal_value=-0.000536692 0.00646889 0.00930925 0.0160025 0.000829763 -0.0152029 0.0112145 -0.00430053 -0.00108765 0.0123797 0.0104724 0.017198 0.00658064 -0.0146111 -0.00459257 0.00954918 -0.0194057 -0.0104898 0.000649423 0.0251831 -0.0160531 0.0141586 0.0241759 0.0129438 0.0018242 -0.00887896 -0.0116164 -0.0113977 -0.0140738 -0.0167839
internal_weight=51275 34699.9 30813.8 17220.7 13593.1 16575.1 11318 8557.85 6524.69 10798.6 9295.68 3407.34 5888.34 2033.16 5060.36 5035.23 8761.85 7813.2 2858.47 5902.77 3886.09 3153.55 1502.95 2764.48 1881.69 1484 2065.3 2201.88 4628.63 6272.05
internal_count=146963 98909 87566 50118 37448 48054 31839 23580 17865 30367 25913 9827 16086 5715 13826 13868 26031 22023 7694 18279 11343 8811 4454 7700 5057 4110 5905 6132 13258 18355
is_linear=0
shrinkage=0.05


Tree=44
num_leaves=31
num_cat=0
split_feature=32 37 17 32 31 31 17 12 32 14 38 15 32 17 12 15 32 12 35 15 12 32 35 24 35 26 28 32 17 32
split_gain=531.278 332.684 219.197 89.7779 83.06 124.815 63.5587 55.7415 45.1814 42.3656 42.002 41.19 34.3321 25.8837 25.2679 24.6137 22.6291 22.4787 21.0863 20.2459 20.6333 20.1406 20.1401 19.9399 20.8768 21.4048 19.2288 19.0654 22.1724 18.2385
threshold=-0.55043593049049366 -0.53136354684829701 0.40261681377887731 1.9011231660842898 -0.54869693517684925 -0.54526427388191212 -0.46434479951858515 0.096237517893314375 1.0000000180025095e-35 0.27720260620117193 0.30494621396064764 -0.47141261398792261 1.8167446851730349 0.88067278265953075 0.58806386590003978 -0.922773778438568 -0.52605235576629628 1.2441371083259585 0.25097377598285681 -0.060792837291955941 1.0113947391510012 -0.52605235576629628 -1.5065899491310117 -0.078191857784986482 2.7096775770187382 1.0722112059593203 -0.74281468987464894 -0.56097197532653797 -0.38720710575580591 -0.52605235576629628
decision_type=2 2 2 2 2 2 2 2 2 2 2 2 2 2 2 2 2 2 2 2 2 2 2 2 2 2 2 2 2 2
left_child=7 3 4 8 -3 11 15 27 13 -5 18 -6 14 16 -10 -7 -2 -14 -8 -9 -21 -4 -22 -23 -25 -26 -17 -1 -29 -12
right_child=1 2 21 9 5 6 10 19 12 -11 29 -13 17 -15 -16 26 -18 -19 -20 20 22 23 -24 24 25 -27 -28 28 -30 -31
leaf_value=0.0073779637635204356 0.00222236608360005 0.0033769934966447856 0.0071267210122718866 -0.014834551650228057 -0.02545324587569843 -0.023967348261413151 0.0044045342454187555 0.018687136558353509 0.010150349141413634 0.0033962571011374276 -0.0058251682091873015 -0.015070863761051401 0.0011625344590172097 0.0084053043143264283 0.021537294420545389 -0.0053509337202337429 -0.01256748244589494 0.019391073854147799 -0.0052420813299619926 0.0081859237803483514 0.028487801213536713 0.019967536955813457 0.0126902007909462 -0.0033616470438775064 -0.0015079735379449853 0.049048480747250926 -0.013982089716411905 -0.001863289378828948 0.0055461469082568639 -0.013877857147293508
leaf_weight=5557.3989375829697 523.47673590481281 998.39186996221542 1804.4325093328953 779.22307866811752 1477.4394902139902 469.93821090459824 1319.7966542690992 867.5028965473175 2739.5697192847729 539.16730317473412 2006.6546618044376 2703.0653153061867 1434.0232977718115 541.76912170648575 592.56320622563362 870.09686842560768 511.19097159802914 191.73792490363121 992.48423399031162 3262.4075304567814 244.02022212743759 110.99091145396233 1164.7701102495193 1465.0034864246845 44.526861071586609 39.516647666692734 2497.5286813080311 1540.972475528717 2928.4672816097736 1082.45031927526
leaf_count=17143 1751 3135 5744 3609 7810 2184 4729 2584 8297 1955 7411 12416 4892 1747 1716 3305 2218 583 3612 9834 704 342 3423 5317 149 124 11065 5144 9222 4798
internal_value=0.000354762 -0.00405558 -0.00782281 0.00452319 -0.0105364 -0.0115715 -0.00832784 0.00764654 0.0069246 -0.0073789 -0.00483224 -0.0187401 0.00926904 -0.000448665 0.0121753 -0.0132479 -0.00508475 0.00331236 0.000263985 0.0116724 0.0103696 0.00347013 0.0154265 -0.000504521 -0.00197137 0.0222633 -0.011752 0.00542272 0.00299152 -0.0086469
internal_weight=41300.6 25735 17882.3 7852.72 14417.8 13419.5 9238.95 15565.5 6534.33 1318.39 5401.39 4180.5 4957.89 1576.44 3332.13 3837.56 1034.67 1625.76 2312.28 5538.7 4671.2 3464.47 1408.79 1660.04 1549.05 84.0435 3367.63 10026.8 4469.44 3089.1
internal_count=146963 98909 72141 26768 60465 57330 37104 48054 21204 5564 20550 20226 15488 5716 10013 16554 3969 5475 8341 16545 13961 11676 4127 5932 5590 273 14370 31509 14366 12209
is_linear=0
shrinkage=0.05


Tree=45
num_leaves=31
num_cat=0
split_feature=32 37 22 22 15 15 22 31 22 14 32 0 22 31 22 31 23 31 15 35 22 3 15 16 15 27 35 32 26 12
split_gain=586.453 241.846 210.622 100.031 103.154 74.1992 55.4987 37.9053 31.7771 31.2748 30.0994 26.7165 26.709 25.8621 22.7668 22.2912 20.6352 19.2951 20.2027 18.2885 17.2883 15.5803 14.3308 14.2622 13.6666 15.3179 18.0965 17.3856 13.5811 13.5419
threshold=-0.55043593049049366 -0.73530647158622731 -0.40989206731319422 -0.3786234557628631 -0.095169562846422182 -0.60875511169433583 2.4396792650222783 -0.56003680825233448 -0.42406351864337916 1.2533975243568423 -0.54039704799652089 0.41689196228981024 -0.41279751062393183 -0.54124015569686879 2.391140460968018 1.8477053046226504 2.1801403760910039 -0.54869693517684925 -0.43875919282436365 -0.72010931372642506 2.6582129001617436 -1.155986964702606 -0.66108307242393483 -0.79820287227630604 -0.19222407788038251 -0.404692992568016 0.35878767073154455 -0.56097197532653797 -0.42626312375068659 -0.6469457447528838
decision_type=2 2 2 2 2 2 2 2 2 2 2 2 2 2 2 2 2 2 2 2 2 2 2 2 2 2 2 2 2 2
left_child=11 8 5 4 -4 7 14 -3 28 10 -7 24 23 16 -5 -16 17 -10 -19 -6 22 -15 -8 -9 25 -1 27 -27 -2 -29
right_child=1 2 3 6 19 9 20 12 13 -11 -12 -13 -14 21 15 -17 -18 18 -20 -21 -22 -23 -24 -25 -26 26 -28 29 -30 -31
leaf_value=0.0069563283059659239 0.024367052319192319 0.0047809179506827296 -0.021499819207798442 0.007855598019907541 -1.2872975446162427e-05 -0.0051247034165480335 -0.030581118514553907 -0.02767158421756899 0.0051609238778508064 0.011566620641762995 0.0015831997051019746 0.010608680097919499 -0.0074866063157324417 0.014834986506886534 -0.0071302338281567304 0.008664493541894757 0.013194367288190413 -0.020568898579025253 -0.0020417235327801152 -0.010673263511467175 0.020740550158098003 0.0039650249971095062 -0.013123965726420822 -0.014448320409820511 0.0082147736354220013 0.0052594380856695929 0.0083386982749085667 -0.021316139159611877 0.0097337290229638444 -0.0031626092062656931
leaf_weight=2961.8834044635296 195.60041654109955 348.21912735700607 3642.5038219690323 641.70617568492889 479.31986299157143 2552.2359315007925 137.17398031055927 336.4523252248764 943.34845200181007 555.97509464621544 4850.7862861156464 5489.3543409705162 954.61983692646027 580.95749658346176 1014.6145958900452 286.44760793447495 289.66981399059296 159.29287673532963 1928.6872146427631 2504.4067257940769 33.844603091478348 762.0920472741127 822.24202477931976 517.6524550318718 4820.6960027217865 647.96808698773384 703.2096566259861 115.27314829826355 837.25426787137985 944.11413878202438
leaf_count=9150 590 1089 18953 1962 1867 9638 709 1790 2889 1726 16230 16643 3837 1803 3838 1021 1019 735 7229 10561 105 2479 3795 2406 14508 1991 2178 370 2533 3010
internal_value=0.000195216 -0.00450257 -0.00712898 -0.0124495 -0.0158536 -0.00209969 -0.00476684 -0.0103255 0.00456955 0.000129547 -0.00072939 0.00779648 -0.0132338 0.00281224 0.000148484 -0.0036528 0.000444515 -0.000773844 -0.00345517 -0.00896073 -0.014381 0.008667 -0.0156199 -0.0196573 0.00628202 0.00454776 0.00158832 -0.00119196 0.012505 -0.00513792
internal_weight=41057.6 25375.1 19678.2 9562.26 6626.23 10115.9 2936.03 2156.94 5696.9 7959 7403.02 15682.5 1808.72 4664.05 1942.77 1301.06 3321 3031.33 2087.98 2983.73 993.261 1343.05 959.416 854.105 10193.1 5372.45 2410.57 1707.36 1032.85 1059.39
internal_count=146654 98804 79527 42811 31381 36716 11430 9122 19277 27594 25868 47850 8033 16154 6821 4859 11872 10853 7964 12428 4609 4282 4504 4196 31207 16699 7549 5371 3123 3380
is_linear=0
shrinkage=0.05


Tree=46
num_leaves=31
num_cat=0
split_feature=32 31 17 31 31 37 16 31 31 31 32 31 17 15 32 16 17 35 32 15 32 41 15 17 37 31 31 32 37 15
split_gain=1928.51 776.596 670.864 281.754 194.472 136.376 125.558 102.301 100.498 80.5234 80.2793 78.8528 64.6499 52.3516 52.4237 44.5895 43.9852 41.9879 39.3443 38.2697 37.3179 32.6807 31.9047 30.5749 30.1707 26.5977 26.556 25.9758 25.4966 24.8523
threshold=-0.55043593049049366 -0.54869693517684925 -0.078600399196147905 -0.54526427388191212 -0.54526427388191212 -0.1453837454319 -0.11788574978709219 -0.54124015569686879 1.8225664496421816 -0.54124015569686879 -0.56480154395103443 1.8477053046226504 1.2293374538421633 -0.60875511169433583 -0.52605235576629628 -0.15579990297555921 -0.64242482185363758 0.20482400804758075 1.0000000180025095e-35 -0.52113837003707875 -0.54039704799652089 -1.1659187674522398 1.7873002886772158 0.52194744348526012 -0.90078821778297413 1.8775747418403628 -0.53651306033134449 -0.56480154395103443 0.62066027522087108 -1.3341996669769285
decision_type=2 2 2 2 2 2 2 2 2 2 2 2 2 2 2 2 2 2 2 2 2 2 2 2 2 2 2 2 2 2
left_child=6 15 3 19 12 7 10 16 9 23 -1 22 17 25 20 -2 -5 -4 -16 -3 -15 -11 -10 -6 -21 -7 -9 -8 29 -12
right_child=1 2 4 5 8 13 27 26 11 21 28 -13 -14 14 18 -17 -18 -19 -20 24 -22 -23 -24 -25 -26 -27 -28 -29 -30 -31
leaf_value=-0.017447359922038108 -0.0097634192463451584 0.029418406739693193 0.0068090310906219883 0.02672771054326005 0.0035830812016429516 0.022020937058233658 -0.023909350405414895 -0.01931817106884149 0.0095520035051186083 -0.023983598054584863 0.018300171056949248 -0.011964066768287483 -0.0055036212964099098 0.013533154776699455 0.022774895220155911 -0.020560027794518741 0.0079805086163572299 0.017124349617118739 0.00040662421413303413 0.0056924286116884224 0.0029141906092638469 -0.011104106372966558 -0.013628197492205608 -0.0074364111885799229 0.022500652383214137 0.0078331032328682153 -0.0015785900647387479 -0.017366933508249732 -0.014168930837823043 -0.0063181081065910253
leaf_weight=2841.4214536249638 2071.8925927579403 2282.9061218500137 2521.5282807350159 433.32371914386749 1311.8920936286449 2490.4170562922955 2146.6273873448372 234.78172937035561 2056.5696119070053 634.26125183701515 104.65643420815468 646.74620667099953 708.11151501536369 1614.2283812761307 1277.4317966997623 1776.0790696442127 1125.6155854165554 1620.4961857795715 232.34409636259079 289.97909051179886 1697.2792471349239 2204.1378330886364 159.99119848012924 1210.1358257234097 3366.4432533383369 380.8493378162384 2079.9447049796581 5173.9151573181152 1111.6759522557259 5012.4007400274277
leaf_count=8407 5970 7454 6937 1309 3513 7396 6695 662 5644 1850 288 1771 1894 4455 3903 5348 3073 4548 637 858 4534 6174 436 3342 10361 1052 5683 15292 3149 14019
internal_value=-0.000297818 0.00642295 0.00908684 0.0154869 0.000517283 0.0109413 -0.0144143 0.00329037 -0.00416587 -0.00820556 -0.0104828 0.00339686 0.00845789 0.0147941 0.0116109 -0.0147467 0.0131915 0.0108447 0.0193326 0.024339 0.00809051 -0.0139821 0.00787886 -0.00170436 0.0211676 0.020139 -0.00337791 -0.0192854 -0.00730565 -0.0058146
internal_weight=50818.1 34427.4 30579.4 17505.5 13073.9 11566.2 16390.7 3873.67 8223.73 5360.43 9070.15 2863.31 4850.14 7692.55 4821.28 3847.97 1558.94 4142.02 1509.78 5939.33 3311.51 2838.4 2216.56 2522.03 3656.42 2871.27 2314.73 7320.54 6228.73 5117.06
internal_count=146654 98804 87486 51377 36109 32704 47850 10727 22730 14879 25863 7851 13379 21977 13529 11318 4382 11485 4540 18673 8989 8024 6080 6855 11219 8448 6345 21987 17456 14307
is_linear=0
shrinkage=0.05


Tree=47
num_leaves=31
num_cat=0
split_feature=32 37 15 22 32 22 15 11 32 32 16 32 32 32 22 22 16 29 14 32 16 22 26 16 14 15 16 22 32 15
split_gain=512.38 310.418 190.887 93.4521 76.6877 69.234 50.7356 48.3007 42.7009 36.8646 34.1128 28.8069 26.4229 25.8392 25.5373 27.1552 22.7289 22.4076 21.0817 20.7088 20.61 20.1646 20.1085 20.0299 18.482 17.2155 16.8294 15.9383 15.7205 15.7026
threshold=-0.55043593049049366 -0.53136354684829701 -0.24210099130868909 -0.40989206731319422 1.9011231660842898 -0.40989206731319422 1.0691684484481814 0.015001581050455572 1.0000000180025095e-35 -0.54039704799652089 -0.065635226666927324 1.8167446851730349 -0.56722325086593617 -0.54039704799652089 -0.3786234557628631 2.4396792650222783 -0.15579990297555921 -0.56107005476951588 -0.1601598188281059 -0.52605235576629628 0.69909551739692699 -0.3786234557628631 0.57672908902168285 -0.12373230606317519 -0.75831767916679371 -1.0600287914276121 0.17349255830049518 2.4396792650222783 -0.54039704799652089 -0.82839223742485035
decision_type=2 2 2 2 2 2 2 2 2 2 2 2 2 2 2 2 2 2 2 2 2 2 2 2 2 2 2 2 2 2
left_child=7 4 3 9 8 13 21 12 19 24 -6 -10 -1 16 -5 28 -4 29 -9 -2 -20 -7 -8 -13 -3 -14 -21 -23 -16 -11
right_child=1 2 5 14 10 6 22 18 11 17 -12 23 25 -15 15 -17 -18 -19 20 26 -22 27 -24 -25 -26 -27 -28 -29 -30 -31
leaf_value=0.009699671766106005 0.0043913886305826221 -0.024983761594742925 -0.013512661758924399 -0.021350656716047096 -0.017848535323761124 -0.011230271367916475 -0.0060622433921652397 0.017723803884739427 0.011235734574255694 -0.020115052243393584 -0.00088398606312119806 -0.0045837861659990438 -0.0071148196286831408 0.0047945512289124881 -0.019189598229347835 -0.022588590549240055 -1.0496900962937423e-05 -0.0010970950208581043 0.0071642689292686417 -0.01688758657451615 0.013478478147469233 0.0023246925766813526 0.01232319352992573 0.0071045265099285897 -0.011606429707811526 0.0040337718830159184 -0.0011469576135035822 -0.010783092183294851 -0.0039916847558243663 -0.0069590902102744656
leaf_weight=2234.489273160696 855.75113941729069 335.08489491045475 397.14244191348553 2771.3738762140274 467.65749423205853 3009.3908412158489 229.72422716021538 901.42042139172554 3336.7136096060276 288.84547162055969 808.84929539263248 555.21456091105938 365.77675211429596 2641.9573077708483 228.43647648394108 482.04827496409416 1448.412495687604 1656.3974331915379 3522.0569066107273 273.31242768466473 2041.4023832082748 578.86076247692108 421.76887133717537 1078.571853235364 1125.2259019762278 6494.0386702716351 448.40906265377998 386.93048879504204 666.89140325784683 1056.1074514389038
leaf_count=6756 2794 1680 1563 14518 2292 12883 787 2702 9972 1293 3150 2038 1216 8596 1022 2407 4997 5879 10615 1270 6011 2002 1381 3455 5009 20550 1665 1660 2495 3996
internal_value=0.000173187 -0.00418301 -0.00784481 -0.0131833 0.00411199 -0.00280142 -0.00709322 0.00732631 0.00629756 -0.00816029 -0.00709907 0.00857221 0.00497749 0.00162347 -0.0185851 -0.0130207 -0.00291601 -0.00499006 0.0106304 -0.000869719 0.00948114 -0.00921289 0.00584027 0.00313245 -0.014676 0.00343931 -0.00710786 -0.00292675 -0.00786932 -0.0097845
internal_weight=41108.3 25549.1 17724.6 8610.41 7824.48 9114.19 4626.68 15559.2 6547.97 4461.66 1276.51 4970.5 9094.3 4487.51 4148.75 1377.38 1845.55 3001.35 6464.88 1577.47 5563.46 3975.18 651.493 1633.79 1460.31 6859.82 721.721 965.791 895.328 1344.95
internal_count=146654 98804 72168 38299 26636 33869 18713 47850 21194 17857 5442 15465 28522 15156 20442 5924 6560 11168 19328 5729 16626 16545 2168 5493 6689 21766 2935 3662 3517 5289
is_linear=0
shrinkage=0.05


Tree=48
num_leaves=31
num_cat=0
split_feature=32 37 22 22 15 26 22 14 22 32 15 31 15 32 32 23 32 31 15 22 16 15 22 15 10 5 15 14 32 23
split_gain=523.576 220.295 191.652 92.9323 96.8321 66.9106 50.661 29.2468 28.9304 26.0598 24.8784 22.8103 22.1432 20.6492 20.1363 19.2183 18.4714 17.9167 21.1079 15.8873 15.8595 15.096 17.2727 14.3342 15.8822 14.0812 13.9182 13.8317 13.7142 13.5723
threshold=-0.55043593049049366 -0.73530647158622731 -0.40989206731319422 -0.3786234557628631 -0.095169562846422182 -0.61465361714363087 2.4396792650222783 1.2099369764328005 -0.42406351864337916 -0.54039704799652089 -0.8176053762435912 -0.54124015569686879 0.44887924194335943 -0.54039704799652089 1.8167446851730349 2.5316562652587895 -0.56480154395103443 -0.54869693517684925 -0.43875919282436365 2.6582129001617436 -0.58287343382835377 -0.44524389505386347 -0.42728608846664423 -1.3341996669769285 -0.9354090392589568 -1.155986964702606 -0.66108307242393483 0.95631533861160289 -0.55326443910598744 -0.91266793012619007
decision_type=2 2 2 2 2 2 2 2 2 2 2 2 2 2 2 2 2 2 2 2 2 2 2 2 2 2 2 2 2 2
left_child=12 8 5 4 -4 10 13 9 -2 20 -3 15 16 -5 -15 17 -1 -10 -19 26 -7 22 -11 -18 -25 -13 -8 -20 -14 -9
right_child=1 2 3 6 -6 7 19 29 11 21 -12 25 28 14 -16 -17 23 18 27 -21 -22 -23 -24 24 -26 -27 -28 -29 -30 -31
leaf_value=0.0092714907709977069 0.011946495849057305 -0.019451759607663915 -0.020798937375262769 -0.0086087063104969136 -0.0085461820540256497 -0.016654441555074815 -0.030003205857791249 0.034807449930774788 0.0051567748811768999 0.0099476153032750127 -0.0068103224901185332 0.014033370361211937 0.0098083327974062863 0.0060375628753219848 -0.0091401847926473028 0.015790091115944486 -0.014125300680944608 -0.020470356111650032 -0.0042008889156677194 0.019725351057954636 -0.0037113046035462207 0.0029122560048719043 -0.0051776854801289622 0.013905914302460801 0.0048271612725319206 0.0037278565135302798 -0.012529647889729545 0.0051006485668572297 0.019326553728482802 0.0083146674970236544
leaf_weight=3972.1890000104904 1038.0711047649384 543.12640208005905 3546.5384542047977 496.22425411641598 2956.8219283372164 265.99457417428493 132.63449116051197 53.108436793088913 976.16910022497177 220.43569973111153 1373.2536444962025 585.3505285680294 2653.4211507439613 1174.9932852983475 268.45418559014797 193.21470881998539 95.343914091587067 160.23343901336193 1432.2230361551046 34.152282208204269 2147.1145408898592 3631.7048527747393 1313.2579578012228 512.3019152879715 8070.7801949381828 764.22667743265629 809.48153999447823 554.37957629561424 441.39350429177284 538.82901626825333
leaf_count=11857 3123 2691 18953 1911 12428 1242 709 163 2981 679 5396 1803 7892 3857 1053 676 298 755 5583 105 8087 11978 4813 1581 24900 2479 3795 1877 1322 1667
internal_value=0.000221466 -0.00424635 -0.00677381 -0.0119025 -0.0152281 -0.0019845 -0.00448562 -1.22645e-05 0.0043971 -0.000848315 -0.0103931 0.00271747 0.00737488 0.000189994 0.00321479 0.000487245 0.00644746 -0.000459514 -0.00301325 -0.0137752 -0.00513801 0.0011557 -0.00300375 0.00515488 0.00536905 0.00819765 -0.0149896 -0.00160521 0.0111659 0.0106916
internal_weight=40955.4 25210 19506.1 9419.3 6503.36 10086.8 2915.94 8170.45 5703.87 7578.51 1916.38 4665.8 15745.4 1939.67 1443.45 3316.22 12650.6 3123.01 2146.84 976.268 2413.11 5165.4 1533.69 8678.43 8583.08 1349.58 942.116 1986.6 3094.81 591.937
internal_count=146654 98804 79527 42811 31381 36716 11430 28629 19277 26799 8087 16154 47850 6821 4910 11872 38636 11196 8215 4609 9329 17470 5492 26779 26481 4282 4504 7460 9214 1830
is_linear=0
shrinkage=0.05


Tree=49
num_leaves=31
num_cat=0
split_feature=32 31 15 31 31 31 12 31 24 31 15 15 31 31 31 32 32 37 2 15 32 12 35 35 12 22 12 11 15 31
split_gain=1736.78 700.418 571.99 234.017 203.833 120.66 115.93 105.35 100.942 83.622 80.331 65.177 65.1892 66.7611 53.5225 51.9957 50.7199 41.2907 39.3298 37.3848 35.8865 56.2347 30.2812 29.7901 28.8962 25.9436 25.2568 23.8978 22.4877 20.9313
threshold=-0.55043593049049366 -0.54869693517684925 -0.24210099130868909 -0.54526427388191212 -0.54526427388191212 1.8225664496421816 -0.25418190658092493 -0.54124015569686879 -0.11921553686261176 1.8477053046226504 0.32123386859893804 -0.78463357686996449 1.8225664496421816 1.8339731693267824 -0.54124015569686879 -0.56097197532653797 -0.56480154395103443 -0.90078821778297413 -0.67506107687950123 1.0324622988700869 -0.55326443910598744 -0.66677343845367421 0.37440259754657751 -0.28905482590198511 0.46656191349029547 2.6582129001617436 -1.1509072780609129 0.90129181742668163 -0.52113837003707875 -0.52100145816802967
decision_type=2 2 2 2 2 2 2 2 2 2 2 2 2 2 2 2 2 2 2 2 2 2 2 2 2 2 2 2 2 2
left_child=6 18 4 10 28 7 15 24 -6 19 23 25 14 -14 -13 26 -8 -9 -2 -7 21 -17 -12 -4 -5 -10 -1 -18 -3 -19
right_child=1 2 3 5 8 9 16 17 11 -11 22 12 13 -15 -16 20 27 29 -20 -21 -22 -23 -24 -25 -26 -27 -28 -29 -30 -31
leaf_value=0.00011951722811438593 -0.018970235041191181 0.028370895806486801 0.008914685915482402 0.0043413029491300914 -0.013087343530902318 0.011893397173595185 -0.023316936432159291 -0.020694475628974331 0.022219348467254329 -0.0086672732132668604 -0.00018148636352407978 0.012953512454683467 0.025159398437103977 0.0090260387028476812 0.0020452697234689516 0.034864526767627857 -0.013806608110367389 -0.0077198496545429485 -0.0088148298729826009 -0.0038160092269616829 -0.012004844070630877 -0.0020389524504868524 0.011191986057220266 0.018574898497465766 -0.0054985585980989781 -0.033673674290502512 -0.01374364942304954 -0.021973943943006693 0.021338072919214163 -0.028761814920940355
leaf_weight=359.99560552835464 1995.014029353857 2232.7821581363678 1243.5255727469921 1957.4915553927422 388.47133654356003 2334.5735486745834 2636.7504741847515 971.54590693116188 1742.8089151978493 838.16091197729111 1780.4250669181347 2129.3704162538052 1295.7335941195488 1269.4572081565857 2382.9577741026878 109.27383568882942 5570.3399891257286 2587.3922080397606 1825.9906100928783 452.04962709546089 908.45091021060944 1866.720143198967 871.79011821746826 2227.846259355545 1205.6545048356056 21.011630445718765 3760.5628645420074 1067.2473904490471 2315.2994559705257 123.84230783581734
leaf_count=1007 6032 7454 3541 5281 1106 6535 8295 2832 5270 2286 4799 6023 4066 3509 6395 295 16392 7171 5286 1226 2529 5135 2389 6517 3319 57 10944 3253 7352 358
internal_value=-0.000341229 0.00605853 0.00859675 0.00234447 0.0161271 -0.00219629 -0.0137833 -0.0061019 0.011858 0.00518001 0.0101087 0.0129541 0.0108109 0.0171753 0.00719288 -0.00892833 -0.0174503 -0.0118502 -0.0141171 0.009345 -0.00377965 1.83551e-06 0.003557 0.0151144 0.000590773 0.0215535 -0.0125325 -0.0151198 0.0247907 -0.00868099
internal_weight=50472.5 34193.2 30372.2 16594.3 13777.9 10470.7 16279.3 6845.93 9229.81 3624.78 6123.59 8841.34 7077.52 2565.19 4512.33 7005 9274.34 3682.78 3821 2786.62 2884.44 1975.99 2652.22 3471.37 3163.15 1763.82 4120.56 6637.59 4548.08 2711.23
internal_count=146654 98804 87486 46254 41232 29008 47850 18961 26426 10047 17246 25320 19993 7575 12418 19910 27940 10361 11318 7761 7959 5430 7188 10058 8600 5327 11951 19645 14806 7529
is_linear=0
shrinkage=0.05


Tree=50
num_leaves=31
num_cat=0
split_feature=32 37 17 22 32 12 17 32 16 31 22 22 12 32 12 32 35 15 35 15 32 35 32 12 32 24 17 22 17 14
split_gain=457.464 282.481 196.061 127.921 68.3653 47.675 46.3201 38.4187 31.6995 30.1343 29.09 30.9102 28.7934 29.7899 28.2031 26.7632 25.1755 22.5473 24.6531 21.2511 20.8918 19.2748 18.5857 18.231 17.345 19.6041 16.3925 15.1396 14.2682 15.0416
threshold=-0.55043593049049366 -0.53136354684829701 0.20819934457540515 -0.40989206731319422 1.9011231660842898 -0.23814254254102704 -0.57936465740203846 1.0000000180025095e-35 -0.065635226666927324 -0.56003680825233448 -0.3786234557628631 2.4396792650222783 1.2441371083259585 1.8167446851730349 1.7661835551261904 -0.54039704799652089 1.6889176964759829 -0.25760443508625025 1.3370198011398318 -0.89175763726234425 -0.56097197532653797 0.37440259754657751 -0.52605235576629628 1.3438533544540407 -0.52605235576629628 -0.11465539783239363 0.80447515845298778 2.3404433727264409 -0.22492343187332151 0.95631533861160289
decision_type=2 2 2 2 2 2 2 2 2 2 2 2 2 2 2 2 2 2 2 2 2 2 2 2 2 2 2 2 2 2
left_child=5 4 3 6 7 20 9 22 -6 -3 17 27 13 -9 21 -8 -16 18 -5 -11 -1 -4 -2 -7 -23 -26 -24 -12 -15 -30
right_child=1 2 14 10 8 23 15 12 -10 19 11 -13 -14 28 16 -17 -18 -19 -20 -21 -22 24 26 -25 25 -27 -28 -29 29 -31
leaf_value=0.0059151205944053507 0.0041599011840756208 0.0045042492571739237 0.0034151755180476459 -0.021236356337611176 -0.017194137479283 0.0085169575857247156 -0.008097626264542258 0.0097419752683211638 -0.00072325634970321552 -0.023431514665844467 0.006337338003552343 -0.018947852251625995 0.020747471963521658 -0.0057675561537699925 0.0042654847928892568 0.0002126474370420135 0.025112659920773772 -0.013597621937111039 0.043005432768193345 -0.010886628390893176 9.1861121223314122e-05 0.0010533693140012896 -0.012009973131325645 0.01597791212418298 0.042112413597769939 -0.0090348365785761966 0.0041336119094616515 -0.0083348213227569766 0.0077508065075712661 -0.0084368289304506544
leaf_weight=3965.5436313152313 857.97950348258018 261.34588840603828 1887.6226893812418 2612.6090556830168 458.01893332600594 8224.2796450555325 1481.3941626995802 3135.8212313950062 806.48316259682178 427.94813880324364 212.22276590764523 702.93801565468311 416.17098668217659 500.44664612412453 458.19419194757938 2800.0803151279688 211.74284541606903 1793.8597247302532 15.019862130284308 1598.8322795629501 2518.3544868528843 1024.245379537344 482.73275806009769 909.29633352160454 19.082798540592194 1026.4890488535166 233.21700844168663 1024.9938726425171 759.19431008398533 176.95380893349648
leaf_count=12225 2794 811 6539 14112 2292 24700 6043 9353 3150 2120 711 3491 1217 1854 1491 9674 653 8238 71 6882 8299 3310 2152 2626 58 3901 783 4063 2488 553
internal_value=0.000198825 -0.00394357 -0.00746504 -0.0106256 0.00395625 0.00693214 -0.00573194 0.00600748 -0.00668922 -0.011475 -0.0156793 -0.0105751 0.00815635 0.00701034 0.00136725 -0.00266272 0.0108545 -0.017919 -0.0208691 -0.0135354 0.00365336 -0.000238808 -0.000803384 0.00925974 -0.00357115 -0.00810134 -0.00675128 -0.00581807 0.00104768 0.00469097
internal_weight=41003.1 25385.6 17558.6 12931.2 7827.02 15617.5 6569.6 6562.52 1264.5 2288.13 6361.64 1940.15 4988.59 4572.42 4627.38 4281.47 669.937 4421.49 2627.63 2026.78 6483.9 3957.44 1573.93 9133.58 2069.82 1045.57 715.95 1237.22 1436.59 936.148
internal_count=146654 98804 72168 56216 26636 47850 25530 21194 5442 9813 30686 8265 15465 14248 15952 15717 2144 22421 14183 9002 20524 13808 5729 27326 7269 3959 2935 4774 4895 3041
is_linear=0
shrinkage=0.05


Tree=51
num_leaves=31
num_cat=0
split_feature=32 37 22 22 17 17 22 32 22 14 0 32 14 32 32 32 12 22 6 15 28 32 15 27 34 32 15 12 15 28
split_gain=467.607 200.67 174.033 85.9489 94.5194 72.475 46.0082 34.345 26.2171 25.457 23.9244 22.5603 20.4548 18.5953 18.2933 17.5055 17.4145 14.2517 13.4995 13.4758 12.982 14.2029 12.0147 13.8106 13.1279 13.0159 12.8354 12.5405 17.145 12.4499
threshold=-0.55043593049049366 -0.73530647158622731 -0.40989206731319422 -0.3786234557628631 -0.066201712936162935 -0.62474665045738209 2.4396792650222783 -0.54039704799652089 -0.42406351864337916 1.2533975243568423 0.41689196228981024 -0.54039704799652089 0.95631533861160289 -0.54039704799652089 1.8167446851730349 1.7972702980041506 1.1995120644569399 2.6582129001617436 -1.7323631048202512 -0.66108307242393483 -0.70392066240310658 1.0000000180025095e-35 -0.19222407788038251 -0.404692992568016 0.37721538543701177 -0.56097197532653797 -0.922773778438568 -0.6469457447528838 -0.69824481010437001 1.985980272293091
decision_type=2 2 2 2 2 2 2 2 2 2 2 2 2 2 2 2 2 2 2 2 2 2 2 2 2 2 2 2 2 2
left_child=10 8 5 4 -4 7 13 -3 -2 11 22 -7 20 -5 -15 18 -14 19 -9 -8 -10 -22 23 -1 25 -25 -26 28 -27 -24
right_child=1 2 3 6 -6 9 17 15 12 -11 -12 -13 16 14 -16 -17 -18 -19 -20 -21 21 -23 29 24 26 27 -28 -29 -30 -31
leaf_value=0.0062066191639946781 0.011399815961285656 -0.019782709219320599 -0.019960551125609266 -0.0081871539209088691 -0.0076928410617070099 -0.0042953430675135504 -0.029411629597206019 0.01504616967375102 -0.00361410942374395 0.010573588935691084 0.0096288409910364955 0.0015257036409596027 0.014498015617116243 0.0057404385018427588 -0.0087680505219945842 -0.015716705346010083 0.0023338669336457813 0.018339217652777292 -0.0045517754010716829 -0.01193952845963895 -0.0058998323755801042 0.0046006369212262732 0.0081787855527493576 0.0043391541013026473 -0.01459743521547794 0.010779128755644954 0.0092020846338347548 -0.0026748195056373633 -0.031798460280151493 -0.00042944613590450596
leaf_weight=2984.3103522360325 1043.146931707859 639.80323547124863 3601.6381330192089 492.1629024296999 2783.6474816799164 2533.4264400452375 128.09459152817726 96.072946414351463 1159.5026143938303 561.40388762950897 5538.6473534703255 4852.9809292554855 580.36423815786839 1178.5645934939384 266.3677142560482 347.53136749565601 596.78475207090378 34.569711983203888 1029.0511150658131 797.01561804115772 385.9933525621891 1943.4421188384295 4394.05443161726 663.18465131521225 62.374936044216156 32.749509304761887 617.42057499289513 961.67101147770882 85.035205632448196 464.42294275760651
leaf_count=9150 3123 3322 19662 1911 11719 9631 709 308 4434 1726 16643 16187 1847 3857 1053 1596 1930 105 3946 3795 1415 6528 13122 2022 191 101 1898 3057 280 1386
internal_value=0.000245648 -0.00400299 -0.00643423 -0.0113718 -0.0146125 -0.0018786 -0.00422848 -0.0101103 0.00423381 0.000309309 0.00698039 -0.000470828 0.00263179 0.000206773 0.00306585 -0.00590805 0.0083311 -0.0131809 -0.00287833 -0.0143588 0.000708871 0.00286068 0.00555141 0.00392989 0.00112508 -0.00117386 0.00701835 -0.00456089 -0.01996 0.00735592
internal_weight=40855.4 25051.6 19342.3 9282.06 6385.29 10060.3 2896.78 2112.46 5709.23 7947.81 15803.9 7386.41 4666.09 1937.1 1444.93 1472.66 1177.15 959.68 1125.12 925.11 3488.94 2329.44 10265.2 5406.75 2422.44 1742.64 679.796 1079.46 117.785 4858.48
internal_count=146654 98804 79527 42811 31381 36716 11430 9172 19277 27544 47850 25818 16154 6821 4910 5850 3777 4609 4254 4504 12377 7943 31207 16699 7549 5460 2089 3438 381 14508
is_linear=0
shrinkage=0.05


Tree=52
num_leaves=31
num_cat=0
split_feature=32 31 17 31 31 37 17 31 31 31 31 17 15 32 32 32 32 41 35 15 17 32 32 2 37 15 17 31 31 14
split_gain=1564.27 632.344 557.757 236.985 158.786 114.757 109.878 80.9383 78.4833 67.3612 64.7822 55.6701 49.6901 48.8327 45.8522 39.8861 40.5306 36.6336 36.0448 35.5808 32.4965 31.9557 29.1633 28.4008 27.0231 26.9358 26.2551 24.2319 23.4451 22.3055
threshold=-0.55043593049049366 -0.54869693517684925 -0.078600399196147905 -0.54526427388191212 -0.54526427388191212 -0.18012857437133786 -0.17161194980144498 1.8225664496421816 -0.54124015569686879 -0.54124015569686879 1.8477053046226504 1.2293374538421633 -0.60875511169433583 -0.56480154395103443 -0.56480154395103443 -0.52605235576629628 1.0000000180025095e-35 -0.67627945542335499 0.20482400804758075 -0.52113837003707875 -0.64242482185363758 -0.54039704799652089 1.0000000180025095e-35 0.76102223992347728 -0.90078821778297413 1.7873002886772158 0.52194744348526012 1.8775747418403628 -0.53651306033134449 0.7267650067806245
decision_type=2 2 2 2 2 2 2 2 2 2 2 2 2 2 2 2 2 2 2 2 2 2 2 2 2 2 2 2 2 2
left_child=6 17 3 19 11 8 13 9 20 26 25 18 27 -1 -8 21 -17 -2 -4 -3 -5 -14 -11 -15 -21 -9 -6 -7 -10 -16
right_child=1 2 4 5 7 12 14 10 28 22 -12 -13 15 23 29 16 -18 -19 -20 24 -22 -23 -24 -25 -26 -27 -28 -29 -30 -31
leaf_value=-0.014764524731263388 -0.018265972727254918 0.027363158886851091 0.0060078279368257909 0.024182635852166855 0.0032776386205067547 0.020214393943621171 -0.023512159899402786 0.0084938815803795916 -0.01881649160042978 -0.0087387250948956757 -0.011074705326020427 -0.0054332310867471175 0.012192953908531907 -0.0052554339746585669 -0.013351807335353487 0.020808901672385582 -0.00020425142756279525 -0.008434662860138992 0.015609242992940156 0.0045282405770578921 0.0070675506570572894 0.0024918327633948259 -0.019140853698136288 -0.016181169447547831 0.020544087411854151 -0.012843683454791555 -0.0069433043484627829 0.0066627840790819057 -0.0017681834184581594 -0.02095346921385411
leaf_weight=2665.9167538881302 1964.5549299120903 2183.2180441021919 2509.0470316708088 375.18930193781853 1311.1981536448002 2535.7753644585609 2221.7002239227295 2046.234176337719 225.19606223702431 1692.6268472969532 643.90716436505318 707.82863327860832 1649.2552988529205 4988.9487227201462 4379.668696731329 1243.8317992687225 281.39229810237885 1830.3493306338787 1601.3517498373985 286.46656361222267 1063.4785988926888 1749.1842301487923 1119.4205270111561 675.31145322322845 3267.3896578550339 159.42765009403229 1206.389099240303 379.20215743780136 1929.9350714385509 1237.7379314303398
leaf_count=7957 5999 7454 6937 1158 3513 7697 7145 5644 641 4747 1771 1894 4586 13945 13068 3917 774 5319 4548 858 2914 4674 3277 1919 10361 436 3342 1055 5288 3816
internal_value=-0.000382374 0.00571191 0.00813174 0.014047 0.000317679 0.00988576 -0.0131828 -0.00392398 0.00248744 -0.00756089 0.00287824 0.00751812 0.0132777 -0.00918437 -0.0174316 0.0102146 0.0169321 -0.0135242 0.0097484 0.0223393 0.011531 0.00719977 -0.0128796 -0.00655804 0.0192531 0.00695158 -0.00162008 0.0184515 -0.00354961 -0.0150268
internal_weight=50131.1 33961.8 30166.9 17169.5 12997.4 11432.4 16169.3 8179.2 3593.8 5329.63 2849.57 4818.23 7838.64 8330.18 7839.11 4923.66 1525.22 3794.9 4110.4 5737.07 1438.67 3398.44 2812.05 5664.26 3553.86 2205.66 2517.59 2914.98 2155.13 5617.41
internal_count=146654 98804 87486 51377 36109 32704 47850 22730 10001 14879 7851 13379 22703 23821 24029 13951 4691 11318 11485 18673 4072 9260 8024 15864 11219 6080 6855 8752 5929 16884
is_linear=0
shrinkage=0.05


Tree=53
num_leaves=31
num_cat=0
split_feature=32 16 22 32 32 24 32 24 17 12 22 17 22 22 12 16 32 16 12 3 12 12 32 40 2 8 14 35 17 3
split_gain=408.347 258.293 161.252 78.2233 75.6525 50.2115 47.5823 47.2883 45.2406 42.6996 32.5461 27.77 25.1182 34.6258 20.6828 19.7033 19.0946 19.0428 18.6223 22.4661 17.8572 17.6233 16.26 15.8759 15.7476 14.8039 14.3137 14.2691 16.2783 14.0871
threshold=-0.55043593049049366 -0.12373230606317519 -0.41827584803104395 1.0000000180025095e-35 -0.52605235576629628 -0.12153971567749976 1.9011231660842898 -0.062094893306493752 0.19852705299854281 -0.29694035649299616 -0.40989206731319422 -0.50568547844886769 -0.3786234557628631 2.391140460968018 1.2441371083259585 -0.34203448891639704 -0.56722325086593617 1.1456941366195681 2.8263278007507329 2.3797959089279179 1.3438533544540407 1.7661835551261904 1.7972702980041506 -0.98961111903190602 1.2243884205818178 1.9575998783111574 1.0566709637641909 0.59554824233055126 1.1440440416336062 -0.69408932328224171
decision_type=2 2 2 2 2 2 2 2 2 2 2 2 2 2 2 2 2 2 2 2 2 2 2 2 2 2 2 2 2 2
left_child=9 2 -2 4 21 -4 14 15 -6 16 11 -9 -12 -14 22 23 -1 -8 27 -20 -11 -3 -5 -7 -18 -23 -24 -10 -29 -15
right_child=1 3 5 6 8 7 17 10 18 20 12 -13 13 29 -16 -17 24 -19 19 -21 -22 25 26 -25 -26 -27 -28 28 -30 -31
leaf_value=0.0077882316742780098 0.0052648937832567161 0.0017561695518197229 0.0080297511635383581 0.012264752888831259 -0.014496679374423269 0.012701495300217268 -0.0059823097795560628 -0.0094850432592815323 -0.00055970230841950557 0.0078802183888995736 -0.018632533219692715 0.00024001424031566427 0.0049417779747454706 0.003727010114159299 0.019139407912591992 -0.010480425575722013 0.00086013334059118006 0.011372242606481699 0.0049076228946881356 0.056747771726449264 0.01521532736029052 0.0097902496640789038 0.0065113980846273518 -0.017393571182705868 0.0198188510915366 0.046451424754785503 -0.0069440176249225827 -0.013219703869666805 0.0030860312507985776 -0.014368145755552841
leaf_weight=1603.6926524341106 1788.7552233934402 3725.5438414663076 339.16179421544075 1250.1746046543121 1292.2327530831099 44.375404447317123 858.40045718848705 1483.8554909229279 1283.9598440378904 8972.8225955367088 988.37125161290169 1452.7103811055422 368.86952809989452 119.41910563409328 465.08154505491257 1705.5312594473362 4067.8382338881493 193.74450996518135 95.63145500421524 26.744133532047272 914.2803590297699 429.40969970822334 1665.0328311920166 3510.3907881826162 112.56178450584412 29.423027575016022 224.27244827151299 598.88786156475544 205.61161085963249 1082.729300186038
leaf_count=4839 5449 12498 1076 3697 6057 171 3600 6057 4863 26939 5229 5125 1162 489 1356 7755 13093 635 311 81 2626 1340 5231 17825 353 88 690 2409 679 4931
internal_value=0.000223298 -0.00371431 -0.00866636 0.00145438 -0.00164344 -0.0109123 0.00656835 -0.0115096 -0.00706447 0.00656226 -0.00826617 -0.00467409 -0.0123876 -0.00845876 0.009299 -0.0148983 0.00314996 -0.0027866 -0.00272035 0.0162368 0.00855851 0.00289493 0.00784124 -0.0170179 0.00137062 0.0121412 0.00491416 -0.00383116 -0.00905233 -0.0125706
internal_weight=40899.5 25228.3 12884.2 12344.2 7687.44 11095.4 4656.71 10756.3 3503.07 15671.2 5495.96 2936.57 2559.39 1571.02 3604.56 5260.3 5784.09 1052.14 2210.83 122.376 9887.1 4184.38 3139.48 3554.77 4180.4 458.833 1889.31 2088.46 804.499 1202.15
internal_count=146654 98804 55269 43535 28326 49820 15209 48744 14400 47850 22993 11182 11811 6582 10974 25751 18285 4235 8343 392 29565 13926 9618 17996 13446 1428 5921 7951 3088 5420
is_linear=0
shrinkage=0.05


Tree=54
num_leaves=31
num_cat=0
split_feature=28 28 29 14 28 29 24 15 26 28 17 15 14 28 34 15 29 2 15 10 6 35 2 28 11 34 16 6 17 30
split_gain=313.945 159.676 134.218 84.3728 63.3179 58.7024 50.7178 49.1704 34.6809 27.7375 32.5745 25.9701 21.7783 20.049 23.492 19.4718 17.9594 15.1792 14.8183 13.9453 13.332 14.088 12.9877 12.1688 12.3228 11.9356 11.8713 11.774 11.7323 11.3326
threshold=-0.70392066240310658 -0.74893552064895619 -0.53880682587623585 -0.18581615388393399 -0.29639063775539393 -0.73537117242813099 -0.15649059414863584 0.36967641115188604 -0.01289516920223832 -0.70393428206443776 -0.81597247719764698 -0.23210459947586057 1.0191146135330202 -0.33570362627506251 0.38538348674774175 0.72742068767547619 -0.33973526954650873 -0.70193189382553089 -1.3341996669769285 3.458207488059998 1.8048242926597597 -0.45026341080665583 0.36087571084499365 -0.88338494300842274 -0.9045138657093047 -0.68508848547935475 -0.57748559117317189 -1.7647534012794492 -0.82656124234199513 0.66298171877861034
decision_type=2 2 2 2 2 2 2 2 2 2 2 2 2 2 2 2 2 2 2 2 2 2 2 2 2 2 2 2 2 2
left_child=1 12 5 9 11 19 -6 26 16 10 -3 13 23 14 18 -5 -8 -18 27 -2 21 -10 -20 24 -1 -15 -7 -4 -25 -27
right_child=2 3 4 15 6 7 8 -9 20 -11 -12 -13 -14 25 -16 -17 17 -19 22 -21 -22 -23 -24 28 -26 29 -28 -29 -30 -31
leaf_value=0.022951584503278648 0.0029099439434712355 -0.025916456590593735 0.040291120060990927 -0.0078200286972770032 0.014382226112609016 -0.018173515973733026 0.0012454790685218304 0.0013295524378624567 0.0059544222114577272 -0.020584295141530616 -0.0076150629249348029 0.0078710594776281 0.017412824585736186 0.01648686783774907 0.00846979114477453 0.0022349288460975511 0.0046212945541296109 -0.0075605890332609118 -0.00032086902915656355 0.048668329339023507 0.016948790599438695 7.7220841732737557e-05 0.0094328830228822321 -0.011482910223822472 0.0035188350683230045 0.0044520242084111197 -0.0095672245516725488 -0.02587047893952656 -0.00013477220480862797 0.014745775201935183
leaf_weight=93.126676082611084 1785.7739891856909 311.86240343749523 7.3484893143177024 2159.5716861486435 646.38540259003639 481.77773381769657 1217.8460973501205 1123.0023144632578 1621.3410765379667 2247.6272906661034 1103.2822464704514 9300.8432518988848 200.65192437171936 337.19234049320221 1111.3894267678261 619.64077317714691 289.04881805181503 2217.5337087959051 3323.1106168925762 16.807173699140549 160.10126604139805 2747.561991289258 380.35951991379261 256.48702749609947 657.90735495090485 1524.2130583971739 2380.6263519823551 79.175455898046494 2033.4614129215479 324.25730615854263
leaf_count=280 5974 1778 23 9097 1919 2525 4022 4053 5300 12616 4695 28471 605 1004 3510 2196 1082 8867 10638 51 512 9325 1204 1195 1995 4650 10724 249 7112 982
internal_value=0.000268158 -0.00759279 0.00271774 -0.0121473 0.00428982 -0.00415067 0.00089474 -0.00753712 -0.000161562 -0.0171318 -0.0116482 0.00613359 0.00145825 0.00385338 0.0020775 -0.00557822 -0.00373568 -0.00615582 0.000203002 0.00333659 0.00277762 0.00225831 0.000680876 0.000405527 0.00592846 0.00783584 -0.0110158 -0.0202514 -0.00140583 0.00625775
internal_weight=40759.3 9683.62 31075.7 6441.98 25287.7 5787.99 8899.82 3985.41 8253.43 3662.77 1415.14 16387.9 3241.63 7087.05 4901.38 2779.21 3724.43 2506.58 3789.99 1802.58 4529 4368.9 3703.47 3040.98 751.034 2185.66 2862.4 86.5239 2289.95 1848.47
internal_count=146654 41569 105085 30382 81758 23327 31027 17302 29108 19089 6473 50731 11187 22260 15624 11293 13971 9949 12114 6025 15137 14625 11842 10582 2275 6636 13249 272 8307 5632
is_linear=0
shrinkage=0.05


Tree=55
num_leaves=31
num_cat=0
split_feature=32 37 17 31 31 31 31 16 32 32 32 17 15 31 31 32 31 16 15 15 32 2 32 31 6 37 15 17 15 34
split_gain=1409.13 574.1 300.485 166.827 184.679 132.398 153.776 105.999 90.9675 77.3055 68.1461 67.8043 67.2316 69.1444 68.6301 66.4817 65.2125 43.098 41.6735 36.489 26.5922 25.843 22.7095 22.6349 21.984 21.6487 21.8474 21.204 18.6215 16.4799
threshold=-0.55043593049049366 -0.61308032274246205 -0.078600399196147905 -0.54869693517684925 -0.54526427388191212 -0.54869693517684925 -0.54124015569686879 -0.11788574978709219 -0.52605235576629628 1.0000000180025095e-35 1.8167446851730349 0.59146308898925792 -0.78463357686996449 1.8225664496421816 -0.54124015569686879 -0.56480154395103443 1.8477053046226504 1.3366457223892214 1.5487851500511172 -0.47721654176712031 -0.54039704799652089 -1.1693451404571531 -0.56480154395103443 -0.53261977434158314 -0.90576311945915211 0.62066027522087108 -1.3341996669769285 -0.39223273098468775 -0.55645433068275441 0.52615088224411022
decision_type=2 2 2 2 2 2 2 2 2 2 2 2 2 2 2 2 2 2 2 2 2 2 2 2 2 2 2 2 2 2
left_child=7 5 3 -3 28 -2 11 15 17 18 -11 19 23 14 -14 27 -15 20 29 -7 -4 -8 -9 -6 -16 26 -17 -1 -5 -10
right_child=1 2 8 4 12 6 21 22 9 10 -12 -13 13 16 24 25 -18 -19 -20 -21 -22 -23 -24 -25 -26 -27 -28 -29 -30 -31
leaf_value=-0.012264409826075543 -0.016320099087356658 -0.0053370787801062239 0.0026951348298669018 0.026790003120241476 0.027721831641804709 0.023066021629172585 -0.021518585396312091 -0.021579963189659129 0.007953087426479136 -0.020265332394185036 0.0047527437852538526 -0.0061753978028308591 0.011838980665396542 0.018800417713203923 -0.0081631591520088306 0.017864131188607826 0.002588226101244576 -0.015849189341433898 -0.0070548493707511921 0.0057438305357758179 -0.0059436749779376791 -0.0093874440574424969 -0.015356930081159929 0.015640699647723817 0.0025175306988156759 -0.012470060926055836 -0.0051966800006739977 -0.021480534859766906 0.020318965562672431 0.014507519419192384
leaf_weight=1825.156582981348 2325.1795126795769 1129.3742460906506 1862.3586292564869 1741.3088257014751 591.18430146574974 350.70260906219482 701.35333377122879 2065.363749563694 2116.2500626146793 454.50810953974724 678.55717727541924 1228.2297815382481 2299.8261424005032 2429.193258702755 608.88007575273514 104.87161940336227 832.97421663999557 606.91323897242546 351.62174069881439 2283.7088440656662 1707.597428560257 1173.6956305205822 5052.0833405852318 1126.4415102303028 2308.0022802650928 1095.647240281105 4970.5226989686489 948.42397129535675 3074.9992581009865 1753.765384465456
leaf_count=5453 7159 3222 5022 6106 1953 1090 2075 6695 5957 1346 1889 3359 6547 7503 1663 288 2236 1729 940 6432 4712 3329 15292 3361 6220 3149 14019 2954 10005 4949
internal_value=-0.000419807 0.00538364 0.00903885 0.0131955 0.0145896 -0.00625529 -0.00217655 -0.0126093 0.00199945 0.00631354 -0.00528279 0.00352654 0.0107783 0.00895089 0.00538034 -0.00898603 0.0146607 -0.00353116 0.00942593 0.00804982 -0.00143702 -0.013925 -0.0171627 0.0197989 0.000288007 -0.00609614 -0.00472018 -0.0154159 0.0226585 0.0109233
internal_weight=49798.7 33736.6 25673.8 16142.2 15012.8 8062.87 5737.69 16062.1 9531.57 5354.7 1133.07 3862.64 10196.5 8478.88 5216.71 8944.62 3262.17 4176.87 4221.64 2634.41 3569.96 1875.05 7117.45 1717.63 2916.88 6171.04 5075.39 2773.58 4816.31 3870.02
internal_count=146654 98804 75360 48816 45594 23444 16285 47850 26544 15081 3235 10881 29483 24169 14430 25863 9739 11463 11846 7522 9734 5404 21987 5314 7883 17456 14307 8407 16111 10906
is_linear=0
shrinkage=0.05


Tree=56
num_leaves=31
num_cat=0
split_feature=32 16 31 31 32 32 33 32 12 15 31 15 11 15 32 11 16 15 32 12 34 25 13 12 15 41 15 26 15 34
split_gain=364.755 234.198 162.767 106.514 70.8569 68.1451 44.9872 41.9257 39.2155 36.5979 35.5957 22.7738 18.941 18.4974 18.4591 18.3246 17.4684 17.3029 16.9665 16.8895 19.2821 16.3977 17.3073 16.3189 15.8266 16.4592 13.8639 13.657 12.9231 12.0085
threshold=-0.55043593049049366 -0.12373230606317519 -0.54869693517684925 -0.54526427388191212 1.0000000180025095e-35 -0.52605235576629628 -0.069680400192737565 1.9011231660842898 -0.39598295092582697 0.24566360563039782 -0.54124015569686879 -0.33735868334770197 1.8894211053848269 -0.51068514585494984 1.7972702980041506 0.58418095111846935 1.1456941366195681 -0.48896229267120356 -0.56097197532653797 2.2998840808868413 1.4274590611457827 0.42986410856246954 -1.030152380466461 1.7661835551261904 -0.80615907907485951 -0.82846057415008534 -0.9422127604484557 0.077932592481374754 -0.74662297964096058 -1.1685475111007688
decision_type=2 2 2 2 2 2 2 2 2 2 2 2 2 2 2 2 2 2 2 2 2 2 2 2 2 2 2 2 2 2
left_child=8 2 -2 13 5 23 10 12 18 -7 28 26 14 -4 -6 17 -9 -10 -1 -11 -21 22 -17 -3 25 -12 -8 -20 -5 -16
right_child=1 4 3 6 7 9 11 16 15 19 24 -13 -14 -15 29 21 -18 -19 27 20 -22 -23 -24 -25 -26 -27 -28 -29 -30 -31
leaf_value=0.0044658122903828484 0.0046429630711424122 0.0016521506226333451 -0.022918689802570467 -0.021482583526178965 0.012502942736679746 -0.013074698156021834 -0.024647500651260174 -0.0056280365114498836 0.014363664102083449 -0.0040173221674140117 0.040265128423635645 -0.0055151900846962089 0.024330145791203066 -0.015200227948581163 0.00010286601811273684 0.030579762087303532 0.010975359142141258 0.0059707629185934835 -0.0032969665442690297 0.0016816663066811441 0.036641400292151315 0.0069242424789722401 0.012948380083607458 0.01162279850367591 0.0032433558221160274 -0.013980545211341379 -0.01209309543287301 0.014997741019780783 -0.0073110968058736018 0.0079597214040436695
leaf_weight=3137.1696374118328 2053.0111706852913 3729.865849211812 1305.7286717295647 196.39003001153469 1359.9109888374805 1371.6117208302021 238.7280311435461 852.25869290530682 668.13683012127876 1906.9195201694965 14.921742171049116 1480.0938841700554 186.67610427737236 1914.1590066850185 779.20064663887024 154.01935219764709 194.58473053574562 7592.194082826376 1408.7906986176968 142.46855688095093 54.541381180286407 1205.7746444642544 1445.2863596379757 461.11294221878052 1641.1305387914181 222.42450878024101 2788.7443766593933 109.97331359982491 889.44620957970619 1293.9019890129566
leaf_count=9643 6229 12498 7747 1023 3989 6449 1247 3600 2017 7319 49 5929 540 9929 2387 446 635 22965 4690 465 167 3523 4208 1428 5711 902 12739 358 3764 4058
internal_value=0.000244513 -0.0034987 -0.0082519 -0.0107279 0.00141317 -0.00154364 -0.00745186 0.00627084 0.00621548 -0.00672012 -0.00266767 -0.0105981 0.00881954 -0.0183302 0.00797612 0.00783533 -0.00254184 0.00664962 0.00236572 -0.00257739 0.0113601 0.011327 0.0146464 0.00274917 0.00149801 -0.0105702 -0.0130831 -0.00197225 -0.00987423 0.00500663
internal_weight=40799.2 25077.8 12744.8 10691.8 12333.1 7666.52 7471.88 4666.53 15721.3 3475.54 2964.31 4507.57 3619.69 3219.89 3433.01 11065.4 1046.84 8260.33 4655.93 2103.93 197.01 2805.08 1599.31 4190.98 1878.48 237.346 3027.47 1518.76 1085.84 2073.1
internal_count=146654 98804 55269 49040 43535 28326 31364 15209 47850 14400 11449 19915 10974 17676 10434 33159 4235 24982 14691 7951 632 8177 4654 13926 6662 951 13986 5048 4787 6445
is_linear=0
shrinkage=0.05


Tree=57
num_leaves=31
num_cat=0
split_feature=32 34 22 22 17 17 22 32 22 26 0 32 14 32 24 22 8 22 16 14 8 15 25 15 12 15 35 18 3 15
split_gain=377.962 168.194 143.287 90.7838 69.8089 63.0502 38.241 25.0571 24.9426 26.2422 20.9196 16.1587 20.6258 16.0064 14.7432 14.3913 13.6753 13.1186 14.0854 12.3547 12.0641 11.6485 12.7292 11.3652 11.2752 11.1722 11.9684 17.5187 11.0309 11.0242
threshold=-0.55043593049049366 -0.61455225944519032 -0.40989206731319422 -0.3786234557628631 -0.066201712936162935 -0.68127968907356251 2.4396792650222783 -0.54039704799652089 -0.42406351864337916 0.27642673254013067 0.41689196228981024 -0.54039704799652089 1.5340911746025088 -0.54039704799652089 -0.10497567802667616 -0.42728608846664423 2.0265775918960576 2.6582129001617436 -0.3370062112808227 -0.46804115176200861 0.91876158118247997 0.44887924194335943 -0.83036664128303517 0.57426702976226818 -0.30737212300300593 -0.23689915984869001 0.73047417402267467 0.34830684959888464 1.2064883112907412 -0.32247313857078547
decision_type=2 2 2 2 2 2 2 2 2 2 2 2 2 2 2 2 2 2 2 2 2 2 2 2 2 2 2 2 2 2
left_child=10 8 5 4 19 7 13 -3 -2 14 -1 12 28 -5 -10 -9 -6 18 -8 -4 29 -12 23 -23 -17 26 -13 -28 -7 -15
right_child=1 2 3 6 16 11 17 15 9 -11 21 25 -14 20 -16 24 -18 -19 -20 -21 -22 22 -24 -25 -26 -27 27 -29 -30 -31
leaf_value=0.0049708474233917405 0.011123712190913638 -0.020105393156257152 -0.022306337011634716 -0.0076677956247296498 -0.0084913216469008814 -0.0054472265428938578 -0.021234156984306352 0.0068299894519107882 0.0069010057618478478 0.0057191601898210183 0.0074118908563320157 -0.0018950066775305912 0.014180709148102939 -0.0034282245608784644 -0.0031296109785606007 -0.0093810972202410785 0.015095537779230589 0.016263825957294989 -0.0083218946473665786 -0.016178713782941619 0.012911105509305376 0.023236396796210076 0.014071744275074592 -0.010879955609930256 0.054553493498607657 0.0035014786066218506 0.028157874994843554 -0.0099234275794475874 0.0055655277362109158 0.0057885519086563197
leaf_weight=10321.152974903584 934.29239630699158 493.08947215974331 1511.3440541476011 470.2962291687727 2427.4448331147432 2227.3859753459692 328.00618350505829 168.84195119142532 443.71526904404163 2665.058221578598 4122.5087445378304 2237.4508079737425 160.33769327402115 686.43255876004696 2100.5716292709112 1002.4257070720196 63.048284769058228 40.18769958615303 593.11805014312267 1805.0630074888468 250.45027686655521 32.581060230731964 1328.5769083499908 97.354655176401138 6.9437180310487738 3158.2692992836237 80.063287332653999 48.492707163095474 253.23510794341564 615.2034404873848
leaf_count=31207 2778 2761 9104 1861 10461 8727 1859 516 1394 8847 12355 7733 494 2454 8137 4300 259 122 2760 9906 847 97 3901 290 24 10187 268 163 891 1951
internal_value=0.000288749 -0.00357314 -0.00593931 -0.0105782 -0.0142204 -0.0017937 -0.00348958 -0.0106418 0.00360093 0.00225172 0.0063044 1.73712e-05 -0.00319959 0.000413051 -0.0013803 -0.0066812 -0.00789421 -0.0116998 -0.0129199 -0.0189712 0.00286162 0.00877059 0.012611 -0.00232536 -0.00894127 0.00155529 -0.00104259 0.0137932 -0.00432299 0.00092798
internal_weight=40672.9 24770.8 18627.1 8790.59 5806.9 9836.54 2983.69 1671.3 6143.64 5209.35 15902.2 8165.23 2640.96 2022.38 2544.29 1178.21 2490.49 961.312 921.124 3316.41 1552.09 5581.02 1458.51 129.936 1009.37 5524.28 2366.01 128.556 2480.62 1301.64
internal_count=146654 98804 77648 41584 29730 36064 11854 7601 21156 18378 47850 28463 10112 7113 9531 4840 10720 4741 4619 19010 5252 16643 4288 387 4324 18351 8164 431 9618 4405
is_linear=0
shrinkage=0.05


Tree=58
num_leaves=31
num_cat=0
split_feature=32 37 22 17 17 32 16 22 32 22 17 32 32 32 31 17 22 16 16 22 26 22 22 31 15 17 12 32 15 22
split_gain=1274.37 521.654 288.347 154.789 148.682 120.426 98.9723 83.5965 68.4496 67.8637 65.7439 64.3657 63.0666 56.9521 56.0325 44.9583 42.4303 33.8827 33.117 30.0242 29.1905 27.4794 41.5095 21.8872 21.1956 21.1668 20.9436 20.8805 20.2748 20.0505
threshold=-0.55043593049049366 -0.61308032274246205 -0.40989206731319422 -0.078600399196147905 -0.62474665045738209 1.9011231660842898 -0.1122218258678913 -0.3786234557628631 1.0000000180025095e-35 2.391140460968018 0.37577587366104132 1.8167446851730349 -0.56480154395103443 -0.54039704799652089 -0.56003680825233448 1.1440440416336062 -0.41279751062393183 1.0285983681678774 0.61429861187934887 2.4396792650222783 -0.04286427050828933 -0.3786234557628631 2.391140460968018 -0.56003680825233448 -0.82839223742485035 -0.83816921710968006 -0.41782169044017786 -0.56480154395103443 -0.90774595737457264 -0.42406351864337916
decision_type=2 2 2 2 2 2 2 2 2 2 2 2 2 2 2 2 2 2 2 2 2 2 2 2 2 2 2 2 2 2
left_child=6 5 4 7 14 8 12 -4 20 -9 13 -10 26 -6 -3 21 28 -7 -13 25 -2 -5 -23 -15 -18 -11 -1 -8 -16 -14
right_child=1 2 3 15 10 17 27 9 11 19 -12 18 29 23 16 -17 24 -19 -20 -21 -22 22 -24 -25 -26 -27 -28 -29 -30 -31
leaf_value=-0.011097349776428928 0.0078261688711300063 -0.0068953703198986784 0.021480600146116687 0.010958290969543955 0.0081199655655048424 0.0088679814979012242 -0.020821896224786165 -0.0079174606303531719 -0.016840238815384632 0.023592220357534468 -0.0075921988547078198 -0.00033040674824236699 -0.0024084062446424518 -0.014693517427904349 0.032737678710488556 -0.0044242973616404942 0.017228800262271127 -0.010982613515153544 -0.01534201766343697 0.020912957307881428 -0.0057706965064757559 -0.026092700535839841 0.005322932361514137 -0.00022339995204786382 0.004191120056589402 0.0057227785353770339 -0.019880461031996897 -0.014796568428682814 0.018167054459523335 -0.0081825093866707294
leaf_weight=1573.4681414663792 648.11520701646805 319.79304838180542 5538.1966443955898 3464.401986271143 2650.3262296915054 1425.3436660170555 2025.3766515254974 418.20994064211845 2916.5052781403065 200.32765972614288 2192.1726939678192 1247.7775211632252 2551.6256009936333 278.5729515850544 316.28388819098473 741.71722772717476 495.49653324484825 253.14511343836784 520.71909299492836 918.14005148410797 1009.6761918962002 119.98201417922974 850.38748455047607 4221.4701967537403 840.56444293260574 959.24658507108688 1193.5857294797897 4956.8918007314205 973.9068837761879 3660.0874663591385
leaf_count=4724 1836 918 18708 9849 7315 4176 6650 1186 9004 618 6155 3405 7159 813 1091 2003 1470 680 1531 3009 2812 354 2359 11485 2290 2651 3728 15128 3086 10461
internal_value=-0.000451106 0.00508585 0.00858421 0.0137123 0.00307138 -0.00603524 -0.0120795 0.0180567 -0.00918682 0.0104593 -1.70346e-05 -0.0122766 -0.00860746 0.00230537 0.0128654 0.00696964 0.0152716 0.00587417 -0.00475045 0.0141582 -0.000454988 0.00887528 0.00143852 -0.00111917 0.00902632 0.0088099 -0.014886 -0.0165444 0.021739 -0.00581064
internal_weight=49481.5 33520.5 25499.2 13210.6 12288.6 8021.28 15961 8034.12 6342.79 2495.92 9342.54 4685 8978.77 7150.37 2946.04 5176.49 2626.25 1678.49 1768.5 2077.71 1657.79 4434.77 970.369 4500.04 1336.06 1159.57 2767.05 6982.27 1290.19 6211.71
internal_count=146654 98804 75360 40737 34623 23444 47850 26172 18588 7464 25768 13940 26072 19613 8855 14565 7937 4856 4936 6278 4648 12562 2713 12298 3760 3269 8452 21778 4177 17620
is_linear=0
shrinkage=0.05


Tree=59
num_leaves=31
num_cat=0
split_feature=31 31 17 31 31 12 16 12 15 17 35 15 12 28 31 15 35 31 12 34 12 4 15 12 16 24 24 33 11 15
split_gain=268.028 256.106 192.269 155.119 69.6676 42.9799 42.2778 41.8456 28.9012 26.2534 21.9821 21.8978 20.367 22.1155 20.3622 20.258 20.1863 17.782 16.2641 15.5079 15.4852 14.3622 14.0387 12.8823 12.5752 12.2938 12.2649 11.9999 13.5158 11.9021
threshold=-0.54869693517684925 -0.54124015569686879 -0.021041121333837506 1.8225664496421816 1.8477053046226504 0.25394999980926519 -0.36192037165164942 0.50818371772766124 -0.48896229267120356 1.1440440416336062 -0.27350537478923792 1.5487851500511172 -0.48802161216735834 -0.3825553804636001 -0.52100145816802967 -0.78463357686996449 0.27171988785266882 -0.54526427388191212 1.2441371083259585 2.7090361118316655 -0.65967065095901478 -0.29573339223861689 0.097643181681633009 2.2998840808868413 -0.40606859326362604 0.24613456428050998 -0.080077014863491044 1.8718304038047793 0.67619234323501598 -0.088561426848173128
decision_type=2 2 2 2 2 2 2 2 2 2 2 2 2 2 2 2 2 2 2 2 2 2 2 2 2 2 2 2 2 2
left_child=7 2 8 6 5 24 10 12 -2 16 -3 -6 21 -14 15 -12 29 -10 19 -8 25 -1 -9 -7 -5 -17 -18 -13 -29 -4
right_child=1 3 9 4 11 23 18 22 17 -11 14 27 13 -15 -16 20 26 -19 -20 -21 -22 -23 -24 -25 -26 -27 -28 28 -30 -31
leaf_value=0.0058569311228887418 -0.01882179992229176 0.0078604647997719788 0.017454296686204279 -0.018749859797810315 -0.00019614034285148245 -0.0036354068790741371 0.005563263992256819 0.022405150185726485 -0.01438205894241102 0.0053425221887346431 -0.015856282844505409 0.0040905473996029999 0.0027634881703728427 0.0087594649952680952 0.0023754666784031094 0.0048085507384812301 -0.0011456700196379791 -0.0069007586233450508 0.012924438183150699 0.034433785483123862 -0.0057396300118279907 -0.001343029067841673 0.011049946663388599 0.016261010991229726 -0.011108019286508033 0.06269092847033432 -0.011289915566609056 -0.029996782061259549 0.042772141213839439 -0.0011732612344925368
leaf_weight=1167.6984330117702 2391.3685013502836 806.47422660887241 89.009360700845718 924.66066865622997 2201.9818186610937 931.34456810355186 7182.5748470425606 314.75815057754517 2184.530368372798 1167.2624943554401 354.9706294387579 55.804761201143265 2391.0170837938786 4309.9485335946083 1824.2708075493574 360.54854592680931 436.50399613380432 1248.0369235128164 886.90956389904022 46.817083030939102 971.20251625776291 1702.4518125653267 2012.7811972200871 89.141910225152969 1288.5448506325483 9.4129648208618146 938.81719164550304 7.1143517196178427 61.904946088790894 2344.4637034386396
leaf_count=3543 13518 2680 357 4827 7495 3476 22264 906 11474 3755 1626 167 7314 12840 5790 1326 1494 5124 2590 138 3454 5329 5784 282 5921 36 4003 21 181 8939
internal_value=0.000259866 -0.00234794 -0.00843524 0.00130369 -0.00563905 -0.0103865 0.0044062 0.00657271 -0.0146019 -0.00121787 0.000414553 0.000958728 0.00511049 0.00662 -0.0012912 -0.00523486 -0.0032284 -0.011662 0.00653419 0.00575023 -0.00242366 0.00158622 0.0125855 -0.00189741 -0.0143007 0.00628126 -0.0080703 0.0213314 0.0352713 -0.000491919
internal_weight=40702.3 28803.7 10800 18003.7 5560.5 3233.69 12443.2 11898.7 5823.94 4976.06 4326.88 2326.81 9571.12 6700.97 3520.41 1696.13 3808.79 3432.57 8116.3 7229.39 1341.16 2870.15 2327.54 1020.49 2213.21 369.962 1375.32 124.824 69.0193 2433.47
internal_count=146654 110938 48664 62274 22370 14506 39904 35716 30116 18548 14912 7864 29026 20154 12232 6442 14793 16598 24992 22402 4816 8872 6690 3758 10748 1362 5497 369 202 9296
is_linear=0
shrinkage=0.05


Tree=60
num_leaves=31
num_cat=0
split_feature=32 37 17 31 31 12 32 32 28 0 8 17 29 31 29 17 35 7 32 38 35 30 10 17 3 34 16 29 32 35
split_gain=344.739 160.034 89.2631 50.3669 91.1675 38.6454 34.572 39.3909 31.2026 21.7365 20.9826 19.025 17.9924 17.9138 15.9027 15.7857 15.7758 17.6077 15.7381 14.7208 14.6185 13.444 13.1829 12.4956 12.3166 11.7063 11.7192 11.5374 12.8203 12.9676
threshold=-0.55043593049049366 -0.56515938043594349 -0.078600399196147905 -0.54869693517684925 -0.54526427388191212 -0.65967065095901478 -0.52605235576629628 1.0000000180025095e-35 -0.54498198628425587 0.41689196228981024 2.1024099588394169 1.8930950164794924 -0.73537117242813099 -0.53261977434158314 -0.53880682587623585 -0.56360259652137745 2.1774215698242192 0.078805584460496916 1.8167446851730349 0.26582024991512304 1.8843143582344057 -0.96861302852630604 -1.0806810259819029 0.88067278265953075 -0.026249624788761135 0.54616782069206249 -0.45419557392597193 -0.55424106121063221 -0.52605235576629628 0.75945204496383678
decision_type=2 2 2 2 2 2 2 2 2 2 2 2 2 2 2 2 2 2 2 2 2 2 2 2 2 2 2 2 2 2
left_child=9 8 3 -3 -5 22 11 10 13 21 -8 19 25 15 -10 -2 17 -13 23 -4 -12 -1 -6 -9 -21 -7 -27 28 29 -14
right_child=1 2 6 4 5 12 7 18 14 -11 20 16 27 -15 -16 -17 -18 -19 -20 24 -22 -23 -24 -25 -26 26 -28 -29 -30 -31
leaf_value=0.0094239990127745685 -0.025040673295492928 0.0022428091940191633 -0.0035725095682975628 -0.01779044684529393 0.058929557027600367 -0.0011751233670731567 -0.0086142937254819526 0.015256724461861238 -0.0012859660977789346 0.0086639146241250364 -0.017016478048161497 0.0008890210020200568 -0.0077376177198453869 0.0042250301205488594 0.0062639481148958655 -0.0039755958668114813 -0.0045565538782870495 0.030363136326347146 -0.0019092245758222119 -0.0031049730403515576 0.035586504704442225 0.0040980184797768252 -0.013057550489054793 -0.011307946767278771 0.0060311435267953184 0.0323081199053602 0.004735657356089747 -0.0037383970177500047 -0.015396941175710013 0.012324914602565462
leaf_weight=1363.6264033615589 95.285461321473122 930.80877882242203 1139.2202113568783 2660.0908535867929 6.3807646334171286 875.10142889618874 2617.4398130327463 340.84666350483894 832.53327472507954 5582.0150578320026 18.602416723966599 75.548609346151352 920.74489617347717 735.09052067995071 4299.2293137162924 1334.7125639617443 85.025827497243881 153.88130095601082 448.72205118834972 501.34341280162334 45.541567623615265 9038.4816012382507 1934.3722615092993 50.875278949737549 1396.3917676210403 53.654552146792412 136.78205440938473 2181.0573582798243 563.63034945726395 88.263747274875641
leaf_count=4056 514 2880 3877 15784 19 3126 11308 1018 3114 16582 81 230 3912 2381 13727 5399 267 470 1695 1683 182 27310 9329 154 4723 187 469 8524 3061 350
internal_value=0.000433619 -0.00329058 -0.00591965 -0.00885279 -0.00994916 -0.00686357 -0.00150255 -0.00496165 0.00291537 0.0061469 -0.00792191 0.00213264 -0.0044645 -0.00211839 0.00503911 -0.00537923 0.01384 0.0206577 0.00448358 0.00092043 0.0203311 0.00479621 -0.0128209 0.0118066 0.00361757 0.00126967 0.0125041 -0.00609223 -0.0093567 -0.00598263
internal_weight=40505.3 24521.2 17224.3 10350.9 9420.08 6759.99 6873.44 3522.03 7296.85 15984.1 2681.58 3351.41 4819.23 2165.09 5131.76 1430 314.456 229.43 840.444 3036.96 64.144 10402.1 1940.75 391.722 1897.74 1065.54 190.437 3753.7 1572.64 1009.01
internal_count=146412 98464 73329 47641 44761 28977 25688 14438 25135 47948 11571 11250 19629 8294 16841 5913 967 700 2867 10283 263 31366 9348 1172 6406 3782 656 15847 7323 4262
is_linear=0
shrinkage=0.05


Tree=61
num_leaves=31
num_cat=0
split_feature=32 37 22 17 17 32 17 22 32 22 32 32 17 22 15 22 14 32 32 15 22 32 17 37 26 17 15 15 17 24
split_gain=1110.05 455.993 261.613 136.735 130.26 116.625 94.3872 81.5967 76.0205 71.5673 63.9865 53.4568 40.9252 39.4603 40.6419 34.008 32.6341 30.9143 30.8913 30.4249 28.1305 27.617 27.5033 26.8925 26.2922 25.738 24.9279 24.6784 21.8923 19.2833
threshold=-0.55043593049049366 -0.61308032274246205 -0.40989206731319422 -0.12098200991749762 0.074986636638641371 1.9011231660842898 -0.021041121333837506 -0.3786234557628631 1.0000000180025095e-35 2.391140460968018 -0.54039704799652089 1.8167446851730349 -0.91978719830512989 -0.42728608846664423 -0.82839223742485035 -0.3786234557628631 0.27720260620117193 -0.54039704799652089 -0.56480154395103443 -0.57248303294181813 2.4396792650222783 -0.56480154395103443 -0.14934505522251126 0.60921117663383495 0.35089886188507086 -0.83816921710968006 1.4829543828964236 -1.3341996669769285 1.793669641017914 -0.12055662646889685
decision_type=2 2 2 2 2 2 2 2 2 2 2 2 2 2 2 2 2 2 2 2 2 2 2 2 2 2 2 2 2 2
left_child=6 5 3 10 7 8 18 19 24 -9 12 -10 -3 -12 -15 26 -7 28 -1 -4 25 -8 -13 27 -2 -11 -6 -20 -5 -16
right_child=1 2 4 17 15 16 21 9 11 20 13 22 -14 14 29 -17 -18 -19 23 -21 -22 -23 -24 -25 -26 -27 -28 -29 -30 -31
leaf_value=-0.012791585800833253 0.0051678290955204272 0.032074165264471849 0.024781088428401016 0.0019989022830121227 0.0092042621452383244 0.011627762237253399 -0.021686501580132994 -0.0099606659511745337 -0.016498701310823049 0.023932470040668036 -0.011774116313211243 0.0029296663706219958 0.01097701725901877 0.015787660531993732 -0.012628348916492407 -0.003863182907315708 -0.0025457824315982674 -0.0078575799046373736 0.01874919057279675 0.01703436109665309 0.018460186331891521 -0.014270612762203143 -0.010134910707488936 -0.013014315517131303 -0.007915382368781412 0.0041399008014240124 -0.0046332943971654789 -0.0056278269493784533 -0.015838162982894827 0.0035001965210346639
leaf_weight=2981.0774830579758 1016.5544254779816 254.56786465644836 1748.7480792403221 1874.6449053585529 2754.153607994318 987.34265103936195 1790.8947321474552 428.43015083670616 2884.5747253596783 194.94996201992035 395.5563648045063 630.86757990717888 2369.3899071216583 698.77808472514153 195.08960551023483 821.65749153494835 689.88938534259796 2565.949759632349 105.83698466420174 4605.2050852775574 1023.4267861843109 4198.7756664156914 1114.5243937969208 1357.0648328661919 617.12703391909599 1043.0877970457077 369.08336305618286 5457.667220979929 189.40231776237488 3702.1145603060722
leaf_count=9155 2863 898 6338 5075 7702 3010 6029 1222 8986 609 1142 1716 6981 2128 556 2288 1869 7212 290 15120 3363 13044 3161 3933 1727 2880 987 15497 533 10098
internal_value=-0.000667304 0.00453772 0.00782611 0.00258286 0.0127693 -0.00591197 -0.0115335 0.0160763 -0.00904753 0.00877697 0.00670253 -0.0123196 0.0130238 0.00337956 0.00468377 0.00518789 0.00579781 -0.00419324 -0.0085364 0.0191664 0.0123268 -0.0164879 -0.00541275 -0.00670345 0.000225615 0.00725658 0.00756903 -0.00516409 0.000362127 0.00269282
internal_weight=49066.4 33175.1 25234.2 12245.5 12988.7 7940.88 15891.3 9043.85 6263.65 2689.89 7615.5 4629.97 2623.96 4991.54 4595.98 3944.89 1677.23 4630 9901.65 6353.95 2261.46 5989.67 1745.39 6920.57 1633.68 1238.04 3123.24 5563.5 2064.05 3897.2
internal_count=146412 98464 75132 34623 40509 23332 47948 29532 18453 8074 21803 13863 7879 13924 12782 10977 4879 12820 28875 21458 6852 19073 4877 19720 4590 3489 8689 15787 5608 10654
is_linear=0
shrinkage=0.05


Tree=62
num_leaves=31
num_cat=0
split_feature=29 29 28 16 28 31 15 12 12 26 32 24 27 27 35 32 26 35 26 8 15 16 37 26 15 12 24 35 1 29
split_gain=272.609 104.813 100.323 74.8917 72.2364 49.514 44.7327 39.1282 36.3838 34.7452 27.7298 33.0837 21.9225 20.5257 20.4026 19.9449 19.201 17.1025 16.7783 19.0294 15.8515 15.6707 14.3515 13.536 16.0912 16.7422 12.8219 12.2836 12.2941 12.1181
threshold=-0.67916133999824513 -0.73537117242813099 -0.70392066240310658 -0.40115544199943537 -0.74281468987464894 -0.56003680825233448 -0.27410610020160669 -0.13056355714797971 -0.92298763990402211 -0.11262224987149237 -0.55043593049049366 -0.13039750605821607 1.5801500082015993 -0.24479968100786206 -2.4675980806350704 -0.55326443910598744 -0.34497900307178492 0.36636766791343695 1.3753564357757571 0.87615960836410534 -0.82839223742485035 1.1043146252632143 -0.39498779177665705 0.77916646003723156 0.13911462575197223 0.31799659132957464 -0.01940884534269571 0.029865191318094734 0.013201461639255287 -0.72783213853836048
decision_type=2 2 2 2 2 2 2 2 2 2 2 2 2 2 2 2 2 2 2 2 2 2 2 2 2 2 2 2 2 2
left_child=1 9 4 -3 16 8 -6 10 -4 20 -7 -12 -8 -5 -10 -9 -2 29 19 -17 -1 -21 -13 24 25 -16 -25 28 -22 -15
right_child=2 3 5 13 6 7 12 15 14 -11 11 22 -14 17 23 18 -18 -19 -20 21 27 -23 -24 26 -26 -27 -28 -29 -30 -31
leaf_value=-0.012092683226549147 -0.0020525930914923269 -0.017556004594778265 -0.0030804585529942904 -0.011929960030018422 -0.015900035171765452 0.0023970274400261274 -0.0056077946830810381 0.0071035045943794841 0.027152677076862738 0.0075289058161956525 0.011466659657511657 -0.00025136187459142946 0.010335060883140901 0.0050011393270776843 0.0077397250814914796 0.0028512426036320614 0.0086529995904461015 -0.009222239385114973 0.0089730105760413865 -0.0088945893914003631 0.0088749042283146548 0.0091625047375634375 -0.0074470313583162766 0.016988186911843568 0.0035153479287049951 0.017692603469650122 0.0033117210800569829 -0.0051555786976767914 -0.0039371784452158871 -0.0039629985933254735
leaf_weight=422.90774185955524 691.78777562081814 2477.5149213969707 777.2873267531395 1162.4891336113214 1186.3613263964653 4713.5324347615242 1895.9690386801958 4355.1646862626076 140.83033379912376 1098.4030320644379 334.16045075654984 1032.2411714941263 243.2935701161623 573.13012205064297 3528.9670715034008 3813.24186848104 1061.5236603021622 976.05111345648766 862.38111370801926 659.27030776441097 439.26183789968491 146.93107007443905 2108.0955970138311 690.00624740123749 2084.441237449646 479.99923953413963 228.00084671378136 921.60993456840515 326.34958049654961 1101.7836011201143
leaf_count=1762 2486 13788 2411 5404 6464 14828 7751 12839 394 3527 1037 3812 853 2080 10543 13087 3411 4047 2721 2422 1507 467 9262 1994 6069 1381 662 3343 1167 4893
internal_value=0.000374469 -0.00703694 0.00264314 -0.0107877 -0.00378338 0.00390071 -0.00811305 0.00245223 0.00719333 0.000317205 -0.000101166 -0.00349024 -0.00379465 -0.0063905 0.00830986 0.00457761 0.00442899 -0.00396137 0.00257085 0.00137566 -0.00343676 -0.00560366 -0.00508179 0.00793139 0.00707867 0.0089314 0.0135914 -0.00126713 0.00341362 -0.000895606
internal_weight=40533 9499.5 31033.5 6290.97 5078.94 25954.6 3325.62 18025 7929.53 3208.53 8188.03 3474.5 2139.26 3813.45 7152.24 9836.99 1753.31 2650.96 5481.82 4619.44 2110.13 806.201 3140.34 7011.41 6093.41 4008.97 918.007 1687.22 765.611 1674.91
internal_count=146412 41518 104894 30212 20965 83929 15068 60475 23454 11306 28939 14111 8604 16424 21043 31536 5897 11020 18697 15976 7779 2889 13074 20649 17993 11924 2656 6017 2674 6973
is_linear=0
shrinkage=0.05


Tree=63
num_leaves=31
num_cat=0
split_feature=32 15 31 32 31 32 17 32 14 29 0 28 31 31 15 35 20 14 35 7 23 23 24 7 34 17 33 35 22 35
split_gain=307.706 135.655 86.2295 73.9152 73.2925 70.9616 33.602 33.0503 31.9869 21.9521 19.9641 17.6394 17.1512 29.4136 16.2297 36.2068 15.654 15.0069 14.1989 16.722 13.8801 13.5794 13.4164 14.3324 12.467 12.5028 12.4362 12.1974 12.0161 12.2258
threshold=-0.55043593049049366 -0.23210459947586057 -0.54869693517684925 1.0000000180025095e-35 -0.54526427388191212 -0.52605235576629628 -0.82656124234199513 1.9011231660842898 1.2099369764328005 -0.73537117242813099 0.41689196228981024 -0.88338494300842274 1.8225664496421816 1.8339731693267824 0.35842968523502355 1.8843143582344057 -0.49321353435516352 0.31204889714717871 1.6889176964759829 0.8453793227672578 -1.0792496204376218 0.46851630508899694 -0.16594397276639936 -2.2036743164062496 0.45120774209499365 -0.48479837179183954 -0.51604774594306935 -0.23390353471040723 -0.42728608846664423 -1.1303991079330442
decision_type=2 2 2 2 2 2 2 2 2 2 2 2 2 2 2 2 2 2 2 2 2 2 2 2 2 2 2 2 2 2
left_child=10 2 28 5 26 8 11 22 -3 21 -1 -6 -11 -14 15 27 -17 -18 19 20 -10 24 -5 -24 -8 -26 -4 -7 29 -2
right_child=1 3 4 7 6 14 9 -9 18 12 -12 -13 13 -15 -16 16 17 -19 -20 -21 -22 -23 23 -25 25 -27 -28 -29 -30 -31
leaf_value=0.0045274796421279689 0.029066929895748252 -0.00055293015558712888 -0.0092473837822481132 0.01952077740459747 0.010719293813912746 -0.0055166318503840177 0.0013126063731595365 -0.0027141286852828818 0.05112147485168287 -0.0044717567897808817 0.0082279716756339504 -0.017499881167563604 -0.018152837762893708 -0.0035400004791433758 -0.0041532689693911965 -0.02148995797984225 0.090114732848048718 0.0088331231110933446 -0.0020127722156725071 0.033349708182989116 0.0088833125652733724 -0.0091838174606589801 0.024894155188486464 0.0057443428953685574 0.031903056519512016 0.0024246795269737154 -0.018347912497099408 -0.013931062921799436 0.00014189273564526952 0.0062368667148422798
leaf_weight=10428.321898698807 67.901905000209808 4006.8671310544014 460.24551065266132 199.58088305592537 59.397007942199707 604.91694962978363 780.90831179916859 1148.4850004315376 20.173193961381912 2764.3384844958782 5603.1032215356827 818.37053047120571 733.52045932412148 649.09441229701042 1701.871526107192 7.4757589697837821 15.895790889859201 8.8348323553800565 186.2138948738575 92.379296451807022 542.64261981844902 257.20327632129192 100.26272857189178 3834.061693713069 72.752276107668877 71.145314484834671 2036.3802582025528 1495.2824420928955 1228.061262011528 429.98228937387466
leaf_count=31366 197 13901 2494 580 181 2756 2859 4773 60 10913 16582 4428 4321 2684 6899 32 66 36 579 281 1640 932 305 11914 262 244 12680 7370 3786 1291
internal_value=0.000439776 -0.00309655 -0.00741111 0.000125652 -0.00943571 -0.00271167 -0.00652565 0.0047893 0.00130814 -0.00503255 0.00582083 -0.0155903 -0.00674585 -0.0112926 -0.00779455 -0.0107007 0.0419119 0.0610775 0.0101708 0.0136335 0.0103973 0.00097837 0.00687391 0.00623236 0.00380464 0.0173285 -0.0166703 -0.0115075 0.00279829 0.00935045
internal_weight=40425.7 24394.2 10429.3 13964.9 8703.36 8682.55 6206.73 5282.39 4848.28 5328.96 16031.4 877.768 4146.95 1382.61 3834.28 2132.41 32.2064 24.7306 841.409 655.195 562.816 1182.01 4133.91 3934.32 924.806 143.898 2496.63 2100.2 1725.95 497.884
internal_count=146412 98464 47272 51192 41998 33620 26824 17572 16461 22215 47948 4609 17918 7005 17159 10260 134 102 2560 1981 1700 4297 12799 12219 3365 506 15174 10126 5274 1488
is_linear=0
shrinkage=0.05


Tree=64
num_leaves=31
num_cat=0
split_feature=32 31 17 31 31 12 24 32 32 17 31 31 32 31 16 26 32 16 15 32 34 12 16 14 32 12 32 32 28 36
split_gain=1001.02 421.391 364.945 152.772 125.744 92.8896 77.0776 73.8678 70.1214 68.3036 46.3678 65.4915 45.4704 43.5435 41.7053 41.617 35.6992 33.6688 29.3555 26.6932 25.8708 23.0903 21.6458 20.0834 19.7795 44.3242 19.7285 18.7087 18.4834 17.4175
threshold=-0.55043593049049366 -0.54869693517684925 -0.12098200991749762 -0.54526427388191212 -0.54526427388191212 -0.25418190658092493 -0.10647905245423316 1.0000000180025095e-35 -0.52605235576629628 -0.81597247719764698 1.8225664496421816 1.8775747418403628 1.8167446851730349 -0.54124015569686879 1.1456941366195681 0.27642673254013067 -0.56480154395103443 -0.14481361955404279 -0.55645433068275441 -0.56097197532653797 0.018076200969517234 -0.83600148558616627 0.59502509236335765 0.66235801577568065 -0.55326443910598744 -0.66677343845367421 1.7705337405204775 -0.54039704799652089 -0.88338494300842274 0.65196806192398082
decision_type=2 2 2 2 2 2 2 2 2 2 2 2 2 2 2 2 2 2 2 2 2 2 2 2 2 2 2 2 2 2
left_child=5 17 3 18 15 19 -5 8 14 28 13 29 -9 -11 27 -4 -7 26 -3 21 -15 -1 -14 -18 25 -21 -2 -6 -8 -12
right_child=1 2 4 6 7 16 9 12 -10 10 11 -13 22 20 -16 -17 23 -19 -20 24 -22 -23 -24 -25 -26 -27 -28 -29 -30 -31
leaf_value=-0.0033532025155302786 -0.014109790986607218 0.023726842503645804 0.010229807849190529 -0.011042385266315943 0.0018760094195896201 -0.019451771146456978 -0.019390670634184155 -0.024590979059150881 0.008752774094281119 0.0093329246303925795 0.020130512087692617 0.00012114588505089553 -0.0024588147185612107 -0.0035064216864829894 -0.012711847087263403 0.00090113185343540796 -0.011024775842386427 -0.017020557464267116 0.015780435671151987 0.032317849286609267 0.0059131148352042093 -0.011708223889533399 -0.014813763291801252 -0.018028190261681627 -0.009112954605870931 -0.0018859026316578919 -0.0037656708703202586 -0.0049037596497895804 0.019843549717409384 0.011160598363099558
leaf_weight=1164.4213908612728 709.35432067513466 1781.386921942234 3036.3016503155231 504.53469935059547 2119.5821156799793 2510.7855162620544 30.666162878274918 517.70152029395103 1472.7727262079716 2579.5193754136562 1373.6212493777275 821.92034906148911 890.97978082299232 1728.447250187397 1013.6070789992809 1972.0706003904343 5139.8634569644928 1643.0428467988968 3343.7760020792484 99.821000635623932 1260.5471495091915 2853.2361572980881 588.78597202897072 1278.2429374754429 895.20747971534729 1852.8347053825855 1316.2426386773586 1957.0735080242157 1421.9467742145061 893.03630268573761
leaf_count=3368 2147 6635 8743 1464 5726 8397 83 1603 4180 7426 4441 2214 2439 4658 2924 5421 15568 5230 11274 269 3395 8593 1736 4092 2525 5136 3863 5411 4618 2833
internal_value=-0.000684188 0.00427323 0.00627293 0.0114534 0.000263807 -0.0110347 0.00803036 -0.00341783 -0.000855493 0.00898221 0.00729872 0.0122121 -0.0118368 0.00457349 -0.00363547 0.0065566 -0.014397 -0.0117021 0.0185424 -0.00666186 0.000466075 -0.00928672 -0.00737474 -0.0124196 -0.0029588 -0.000137385 -0.00738813 -0.00137874 0.0190153 0.0165965
internal_weight=48771.3 32976.9 29308.3 15739.4 13568.9 15794.4 10614.2 8560.5 6563.04 10109.7 8657.09 3088.58 1997.47 5568.51 5090.26 5008.37 8928.89 3668.64 5125.16 6865.52 2988.99 4017.66 1479.77 6418.11 2847.86 1952.66 2025.6 4076.66 1452.61 2266.66
internal_count=146412 98464 87224 49041 38183 47948 31132 24019 18241 29668 24967 9488 5778 15479 14061 14164 28057 11240 17909 19891 8053 11961 4175 19660 7930 5405 6010 11137 4701 7274
is_linear=0
shrinkage=0.05


Tree=65
num_leaves=31
num_cat=0
split_feature=29 29 28 16 28 17 31 16 12 26 32 32 24 16 3 26 26 26 22 26 29 15 0 8 26 23 15 17 9 12
split_gain=245.634 95.3546 89.8403 69.86 65.6045 45.4516 44.468 36.9293 33.3892 31.7558 27.7808 22.7658 21.8871 19.1454 19.6188 18.0523 17.5939 17.1519 20.6248 17.0091 15.6824 14.5568 13.6021 13.0939 12.8745 14.1859 12.7515 20.5474 12.723 12.4102
threshold=-0.67916133999824513 -0.73537117242813099 -0.70392066240310658 -0.40115544199943537 -0.74281468987464894 -0.24014990776777265 -0.56003680825233448 -0.34707233309745783 -0.92298763990402211 -0.11262224987149237 -0.56097197532653797 -0.55043593049049366 -0.1234840229153633 0.23276081681251529 0.82094553112983715 1.2105700969696047 -0.34497900307178492 1.3753564357757571 -0.40989206731319422 0.77916646003723156 -0.72783213853836048 -0.82839223742485035 -0.70146656036376942 -0.71814876794815052 -0.10781498253345488 -1.1754154562950132 0.12317072600126268 0.20819934457540515 0.41639551520347601 0.52364361286163341
decision_type=2 2 2 2 2 2 2 2 2 2 2 2 2 2 2 2 2 2 2 2 2 2 2 2 2 2 2 2 2 2
left_child=1 9 4 -3 16 -6 8 10 -4 21 23 29 -13 20 -15 -7 -2 18 -14 26 22 -1 -5 -8 -20 -26 27 -10 -29 -9
right_child=2 3 6 13 5 15 7 11 19 -11 -12 12 17 14 -16 -17 -18 -19 24 -21 -22 -23 -24 -25 25 -27 -28 28 -30 -31
leaf_value=-0.01163527060284749 -0.0019826520303606091 -0.016931295487259187 -0.0030161844095897344 0.011267824300584608 -0.015188703753428706 -0.0049020409162777549 0.017714141775258749 0.0046508405885890948 0.0074409657828960266 0.0071885688380390672 -0.0043807004084762922 0.012036876645864766 0.0027331010105693001 0.0026784124712875023 -0.010399658179240334 0.0092544128933334767 0.0082608793712663203 0.0075771564264709773 -0.0093382379427172559 0.013975476321000378 -0.011477779273969048 -0.0012156940835115174 -0.0059562885690953799 0.0022843730666912039 0.025836602706388868 -0.0019740254685626543 0.0038716343830016453 0.024862639533391798 0.0037353349971553079 0.0099669323406510833
leaf_weight=418.41069032251835 690.88052780926228 2424.1210794150829 776.62347641587257 139.59407879412174 1261.1827645003796 1774.766172632575 151.32599884271622 5152.9997206330299 3597.7411475777626 1102.303258612752 2985.3222717493773 472.97893640398979 2957.2539274096489 943.10367546975613 412.05644556879997 257.92594248056412 1065.8989799022675 833.22940345108509 671.55503152310848 992.03322675824165 1649.8103393167257 1685.5023191124201 640.76502260565758 1504.4663731455803 47.011597245931625 1862.0546064674854 2203.9377920627594 287.74923768639565 94.714833348989487 1395.0404615700245
leaf_count=1762 2486 13788 2411 529 6916 7280 458 15579 10700 3527 11520 1422 9660 3444 1515 872 3411 2655 3065 2849 8348 6017 2588 4571 186 7329 6398 824 272 4030
internal_value=0.000385405 -0.00668842 0.00253141 -0.0103041 -0.00357048 -0.00773216 0.00371737 0.00234381 0.00683196 0.000313955 -0.00149973 0.00367581 0.00165938 -0.00605999 -0.00129817 -0.00310574 0.00423245 0.00088897 -0.000117336 0.00789775 -0.00871537 -0.00328786 -0.00287516 0.00369453 -0.00338378 -0.00128918 0.00692279 0.00861229 0.0196306 0.00578342
internal_weight=40452.4 9415.67 31036.7 6209.45 5050.65 3293.87 25986 18033.2 7952.8 3206.22 4641.11 13392.1 6844.08 3785.33 1355.16 2032.69 1756.78 6371.1 5537.88 7176.18 2430.17 2103.91 780.359 1655.79 2580.62 1909.07 6184.14 3980.21 382.464 6548.04
internal_count=146412 41518 104894 30212 20965 15068 83929 60475 23454 11306 16549 43926 24317 16424 4959 8152 5897 22895 20240 21043 11465 7779 3117 5029 10580 7515 18194 11796 1096 19609
is_linear=0
shrinkage=0.05


Tree=66
num_leaves=31
num_cat=0
split_feature=32 37 15 29 29 32 32 32 32 28 32 32 16 35 8 15 15 7 3 8 14 29 6 36 15 33 9 23 14 15
split_gain=274.406 131.678 77.2179 37.8877 59.5412 28.2669 38.4315 27.2616 29.4152 26.473 24.9372 24.6291 21.8588 21.1868 19.9262 19.1325 18.0531 18.493 16.6774 13.9612 13.721 13.3043 13.1237 12.8611 12.5324 14.5958 12.4719 12.2011 18.912 14.2565
threshold=-0.55043593049049366 -0.56515938043594349 -0.043407304212450974 -0.73537117242813099 -0.72433337569236744 1.0000000180025095e-35 1.8167446851730349 -0.52605235576629628 1.0000000180025095e-35 -0.54498198628425587 -0.52605235576629628 -0.52605235576629628 -0.76887696981430043 0.45885373651981359 2.1024099588394169 1.0324622988700869 -0.52711647748947132 2.1006571054458623 -1.1283838748931883 -0.93026071786880482 -0.73905450105667103 -0.53880682587623585 -1.5603340864181516 -0.57065141201019276 -0.7652524709701537 0.31065919995307928 -1.1171858310699461 1.6985836625099184 -0.63838660717010487 0.93435448408126842
decision_type=2 2 2 2 2 2 2 2 2 2 2 2 2 2 2 2 2 2 2 2 2 2 2 2 2 2 2 2 2 2
left_child=16 9 3 13 11 10 -7 15 14 18 20 12 -5 -3 -9 23 17 19 -2 -1 -6 -11 -12 -4 -21 -26 -17 29 -29 -18
right_child=1 2 7 4 5 6 -8 8 -10 21 22 -13 -14 -15 -16 26 27 -19 -20 24 -22 -23 -24 -25 25 -27 -28 28 -30 -31
leaf_value=0.010247170982574261 0.0042389507646240256 -0.0036170456066985639 -0.013464736229025477 -0.021802900145169266 -0.017254065861162887 0.0034002561785708902 -0.010238702374483211 -0.0076360236663128508 0.0040186953051989244 -0.0011482164680943281 0.042634339077967688 -0.017546060577921664 -0.0052616936551112938 0.011334640024579574 0.021206571008586618 -0.023836153401312069 0.0052518729997288365 0.01988945214047913 -0.0050771269058517195 0.0035434650121748089 -0.0040762383546893632 0.0057656577481609355 -0.015155251837373636 0.00092598216374051529 -0.007303459293555423 0.0031223921433691289 0.0099340426414766363 0.075289232193551603 0.010802125116076096 0.010586346613831281
leaf_weight=396.94978284835815 723.14704486727715 1258.1600655764341 166.6897112429142 252.00271171331406 222.59331758320332 1392.0533857494593 821.17349676787853 2458.414179161191 810.19291394948959 829.47083793580532 9.9055200517177564 2223.8736201524734 962.76645004749298 291.90358880162239 61.376828089356422 28.317535191774368 10229.995985656977 142.28010946512222 1431.1213325709105 1417.8070982396603 1754.442779019475 4317.9735518395901 1196.9157103598118 2263.6968969106674 838.19095686078072 559.960269510746 792.33389446139336 11.493456721305845 1052.2390319108963 1427.2189790904522
leaf_count=1204 2524 4900 566 1530 1110 4294 3992 10750 2757 3114 61 13594 4248 1017 247 88 30454 427 5770 4288 6806 13727 7142 7781 2573 1688 2446 34 3108 4172
internal_value=0.000445782 -0.00291038 -0.00532649 -0.00801156 -0.00927645 -0.00600024 -0.00166021 -0.00108907 -0.00426879 0.00270388 -0.00901718 -0.0144186 -0.00869315 -0.000801387 -0.00693348 0.00216786 0.00551224 0.0022497 -0.0019499 0.00146854 -0.00555992 0.00465154 -0.0146809 -6.1015e-05 0.000231066 -0.0031279 0.00876876 0.00637275 0.0114989 0.00590498
internal_weight=40344.7 24268.5 16966.8 10385.8 8835.73 5397.08 2213.23 6581.02 3329.98 7301.71 3183.86 3438.64 1214.77 1550.06 2519.79 3251.04 16076.1 3355.19 2154.27 3212.91 1977.04 5147.44 1206.82 2430.39 2815.96 1398.15 820.651 12720.9 1063.73 11657.2
internal_count=146412 98464 73329 48694 42777 23405 8286 24635 13754 25135 15119 19372 5778 5917 10997 10881 47948 10180 8294 9753 7916 16841 7203 8347 8549 4261 2534 37768 3142 34626
is_linear=0
shrinkage=0.05


Tree=67
num_leaves=31
num_cat=0
split_feature=32 37 17 22 32 22 12 32 32 22 17 22 32 32 22 22 40 32 22 17 32 17 12 14 22 22 17 26 32 12
split_gain=903.184 377.358 205.044 125.779 103.97 87.3174 87.03 84.4224 60.2045 59.9851 57.4765 45.2948 36.52 33.3362 31.8664 31.6075 30.6457 29.5877 27.8125 27.6264 25.124 24.5657 22.1898 22.1539 21.3826 20.7791 21.6901 19.1995 18.4922 41.6795
threshold=-0.55043593049049366 -0.52100229263305653 -0.078600399196147905 -0.40989206731319422 1.9011231660842898 -0.40989206731319422 -0.23814254254102704 1.0000000180025095e-35 1.8167446851730349 -0.3786234557628631 -0.82656124234199513 2.391140460968018 -0.54039704799652089 -0.56480154395103443 -0.3786234557628631 -0.41827584803104395 -1.8956375718116758 -0.52605235576629628 2.391140460968018 -0.14934505522251126 -0.56097197532653797 1.435335159301758 -0.83600148558616627 1.4094862937927248 -0.41827584803104395 2.4396792650222783 -0.83816921710968006 -0.10781498253345488 -0.55326443910598744 -0.66677343845367421
decision_type=2 2 2 2 2 2 2 2 2 2 2 2 2 2 2 2 2 2 2 2 2 2 2 2 2 2 2 2 2 2
left_child=6 4 3 10 7 23 20 17 -9 -5 15 -11 -12 -8 21 -3 -6 -2 -16 -10 22 -7 -1 24 -4 26 -13 -19 29 -22
right_child=1 2 5 9 16 14 13 8 19 11 12 25 -14 -15 18 -17 -18 27 -20 -21 28 -23 -24 -25 -26 -27 -28 -29 -30 -31
leaf_value=-0.0031350347053230297 -0.0048796808242230249 -0.0027873039740277314 -0.018223669864034408 0.018612462102285534 -0.0086116259801715927 0.009369760307512685 -0.01889049541359774 -0.015022386209419182 0.003327205609652105 -0.0082054013126558849 0.0095449896229299926 0.022716491032260665 0.0015778413829114172 -0.011983168572124059 -0.027141022943476152 0.019761460919182055 0.0086945705556796971 0.015097688053930129 0.00076462775635752331 -0.0087639583035903478 0.031167116211722551 -0.0037625161970608213 -0.011303480864479999 -0.014525372160633791 -0.0017819447016275813 0.017704809857358502 0.0039142954968639189 0.0013186292457258943 -0.0088676216891592184 -0.0019130840636865127
leaf_weight=1162.2517002224922 1005.6715971827507 183.09546712040901 209.82715401053429 5085.2677066922188 305.91642954945564 3422.8333184421062 2427.6139503419399 3193.7497070729733 790.52589017152786 333.68780535459518 2248.7507565617561 185.47846791148186 3991.2292692661285 6228.3077448606491 98.821840912103653 1027.8813617229462 1561.5562236905098 438.99026212096214 925.57887908816338 1174.0060039460659 100.10227674245834 397.4662364423275 2920.7323467731476 446.78036361932755 3434.3180782198906 830.20608401298523 886.47986263036728 596.08676871657372 908.5235435962677 1952.1424771547318
leaf_count=3368 2816 527 638 18083 831 9827 8227 10043 2166 950 6590 596 10944 19237 298 3424 4728 1342 2583 3343 269 1063 8854 1304 9418 2843 2466 1641 2570 5423
internal_value=-0.000701102 0.00402261 0.00734045 0.010957 -0.00465311 0.00136174 -0.0105622 -0.00738017 -0.0107858 0.0156115 0.0063836 0.00878589 0.00444903 -0.0139204 0.00590362 0.0163522 0.00585959 0.00122818 -0.00192737 -0.00389848 -0.00643539 0.00800347 -0.00897827 -0.004017 -0.00272865 0.0117666 0.0071676 0.00716252 -0.00292868 -0.000299532
internal_weight=48473.9 32774.2 23707.7 14772.1 9066.5 8935.63 15699.7 7199.03 5158.28 7321.12 7450.96 2235.85 6239.98 8655.92 4844.7 1210.98 1867.47 2040.75 1024.4 1964.53 7043.75 3820.3 4082.98 4090.93 3644.15 1902.16 1071.96 1035.08 2960.77 2052.24
internal_count=146412 98464 71554 46423 26910 25131 47948 21351 15552 24938 21485 6855 17534 27464 13771 3951 5559 5799 2881 5509 20484 10890 12222 11360 10056 5905 3062 2983 8262 5692
is_linear=0
shrinkage=0.05


Tree=68
num_leaves=31
num_cat=0
split_feature=32 36 17 32 32 32 32 15 15 35 12 12 1 23 17 1 14 12 37 8 15 20 30 23 32 32 12 36 11 39
split_gain=208.536 153.138 112.689 40.3409 67.7895 53.5457 40.2386 34.4964 33.6097 33.4051 32.6813 22.1799 15.791 15.4966 14.5253 14.1271 13.4062 13.0176 15.726 14.7143 13.3702 13.8652 12.2053 12.1987 12.6905 11.358 14.8991 11.2329 10.5619 10.5222
threshold=-0.55043593049049366 -0.5476681888103484 0.40261681377887731 1.0000000180025095e-35 -0.52605235576629628 1.8167446851730349 1.9011231660842898 -0.85075244307517994 -0.28866988420486445 1.3370198011398318 -0.38539797067642206 0.78525015711784374 -0.25232394039630884 -1.1637400984764097 0.044581562280654914 -1.0366002321243284 -0.54717221856117237 1.7661835551261904 0.69730976223945629 1.3769995570182803 0.57426702976226818 -0.60955664515495289 0.17459163069725039 2.7617641687393193 -0.56097197532653797 -0.54039704799652089 -0.17665155977010724 0.17109027504920962 -1.0362210273742674 1.5488793253898623
decision_type=2 2 2 2 2 2 2 2 2 2 2 2 2 2 2 2 2 2 2 2 2 2 2 2 2 2 2 2 2 2
left_child=10 6 3 4 7 28 15 -3 9 -6 23 -8 -12 14 -10 -2 -7 18 20 -19 -4 -22 -11 24 29 26 -9 -16 -5 -1
right_child=1 2 17 5 8 16 11 25 13 22 12 -13 -14 -15 27 -17 -18 19 -20 -21 21 -23 -24 -25 -26 -27 -28 -29 -30 -31
leaf_value=0.0032237831287870058 0.0076093536107566711 -0.018084164065301504 0.010831593899436408 -0.0068516813428940396 -0.018173977515323719 -0.015203165520844839 -0.0086018492877097241 -0.0098350253653120487 -0.0056602932156619738 0.02486947484447917 0.009750139067119877 0.0079315418362603893 0.005298712728136229 -0.0100584860832674 0.053438242748652776 0.0028818622103826113 -0.0052154916587111178 0.0059036658694573687 -0.0033728573904721186 0.026675201541343736 -0.0066846172482498039 0.0048518770226177177 0.12198575093493785 -0.019521169852863725 -0.0019795963523117268 -0.0019062467780492445 -0.0018348809700245304 0.0051682049394377516 0.0059466105825946277 0.031115643265205453
leaf_weight=3146.8849398195744 2803.6980165839195 474.1452663987875 532.03617480397224 183.30888234078884 2224.6318012326956 551.86557202041149 940.03502586483955 1417.6487339735031 74.22696840763092 9.33424064517021 2601.7753579318523 258.66827104985714 8504.5664194524288 2191.131758660078 24.391442030668259 3621.486268132925 858.87180227041245 578.14403039216995 1117.6600600033998 100.00726696848869 374.14178167283535 857.05685847997665 4.9513794481754294 68.627449661493301 1562.0711454153061 2907.9225732088089 987.27078330516815 23.825332626700401 1336.839675873518 34.181030422449112
leaf_count=9586 8564 2609 1836 569 13761 2903 4577 6777 384 48 7621 881 25236 10679 109 12066 3790 1835 3862 299 1280 2849 25 217 5184 10602 3884 105 4170 104
internal_value=0.000396326 -0.00250302 -0.00516618 -0.00728503 -0.00875278 -0.00210716 0.00337578 -0.0051619 -0.0133174 -0.0176846 0.00485029 -0.00503411 0.00634151 -0.00909114 0.00821948 0.00494475 -0.00912256 0.00273425 0.00126712 0.00896685 0.00420825 0.00134612 0.0585299 0.00140832 0.00171114 -0.00400866 -0.0065508 0.0295866 0.00440331 0.00352349
internal_weight=40371.4 24453.3 16829.4 13270.4 10339.5 2930.89 7623.89 5786.99 4552.49 2238.92 15918.1 1198.7 11106.3 2313.58 122.444 6425.18 1410.74 3559.05 2880.89 678.151 1763.23 1231.2 14.2856 4811.76 4743.14 5312.84 2404.92 48.2168 1520.15 3181.07
internal_count=146412 98464 72376 60415 48983 11432 26088 23872 25111 13834 47948 5458 32857 11277 598 20630 6693 11961 9827 2134 5965 4129 73 15091 14874 21263 10661 214 4739 9690
is_linear=0
shrinkage=0.05


Tree=69
num_leaves=31
num_cat=0
split_feature=32 37 22 22 15 12 22 28 31 33 31 22 37 14 33 32 26 12 29 15 15 29 12 28 15 3 15 14 13 23
split_gain=245.221 118.443 99.746 51.4998 49.8772 48.5988 32.2455 23.9089 22.9133 21.7755 17.4994 16.9865 16.9795 15.5926 15.431 15.2372 13.5768 11.9419 11.9278 11.3371 20.777 11.4286 14.3052 11.0803 10.6658 10.5522 10.473 10.0824 10.0412 13.7642
threshold=-0.55043593049049366 -0.56515938043594349 -0.40989206731319422 -0.3786234557628631 -0.030701544135808941 -0.65967065095901478 2.391140460968018 -0.54498198628425587 1.8477053046226504 0.53510996699333202 -0.56003680825233448 -0.41279751062393183 0.59715950489044201 0.22630063444375995 -0.7241649031639098 -0.54039704799652089 -0.086528994143009172 -0.65337133407592762 -0.53880682587623585 -0.52711647748947132 -0.68301501870155323 -0.40925663709640497 -0.4991649985313415 -0.74893552064895619 -0.57248303294181813 -0.17560981214046475 1.7873002886772158 -0.58276033401489247 -0.60559439659118641 -1.2735831141471861
decision_type=2 2 2 2 2 2 2 2 2 2 2 2 2 2 2 2 2 2 2 2 2 2 2 2 2 2 2 2 2 2
left_child=12 7 5 4 24 10 -5 13 17 15 -3 16 14 -2 -1 27 -12 -8 -9 20 21 22 -16 -15 -4 -18 -6 -7 29 -21
right_child=1 2 3 6 26 9 8 18 -10 -11 11 -13 -14 23 19 -17 25 -19 -20 28 -22 -23 -24 -25 -26 -27 -28 -29 -30 -31
leaf_value=0.0091374377845137404 -0.0056724370216659405 0.0033347281696013299 -0.020588515464540054 0.0088727785399731057 -0.0072833897326440153 -0.014125636968318129 -0.016409110307085726 -0.0010709062641093342 0.0073528722838529237 0.0046791403955616902 -0.01980755044230648 -0.0067781980875147065 0.0078630046164275963 0.012355527838573742 0.021411018872230934 0.00044288680555624679 0.065494713439551197 -0.0059524584765610041 0.005478245924061923 0.03738315381746312 -0.005237259405484064 0.0024772059511970757 -0.011331580608864078 -0.0001581106453883801 -0.014149706994519074 -0.0043129704476841174 0.0062898957255738772 -0.0036145554929098013 0.0056444477489108929 0.0012267894000381814
leaf_weight=1408.0138176381588 1190.3731406033039 228.49469774961472 918.94891946017742 456.73451218008995 2208.4950978904963 268.33553791046143 343.5751147121191 828.20758609473705 280.06414721906185 2008.5793729573488 546.72563967108727 767.95010204613209 4433.0181026160717 233.96562984585762 169.59684574604034 3643.8126033842564 7.9418475776910809 1330.0268532037735 4330.0335199087858 26.642348527908325 941.16173672676086 1376.3590716719627 41.526619344949722 725.25890520215034 2143.1061887592077 17.004119604825974 151.88967452943325 1523.1573576182127 5530.2901524305344 2189.8441233932972
leaf_count=4151 5017 706 6266 1365 9788 1296 1851 3114 992 6929 3167 3305 13030 713 504 12308 35 5825 13727 79 2891 4171 125 2564 12907 71 592 5926 16452 6545
internal_value=0.000451779 -0.00273546 -0.00504169 -0.0091687 -0.0118718 -0.00145468 -0.00308783 0.00258049 -0.00588402 0.000230562 -0.00945455 -0.011636 0.00522829 -0.00184975 0.0042286 -0.00141338 -0.0181616 -0.00809911 0.00442671 0.00355596 0.000649002 0.00413876 0.0149708 0.00289411 -0.016082 0.0179111 -0.00640996 -0.00518894 0.00450483 0.00166139
internal_weight=40269.1 24152.7 16844.8 7832.84 5422.44 9012 2410.4 7307.84 1953.67 7443.88 1568.12 1339.62 16116.5 2149.6 11683.4 5435.31 571.672 1673.6 5158.24 10275.4 2528.64 1587.48 211.123 959.225 3062.06 24.946 2360.38 1791.49 7746.78 2216.49
internal_count=146412 98464 73329 39586 29553 33743 10033 25135 8668 26459 7284 6578 47948 8294 34918 19530 3273 7676 16841 30767 7691 4800 629 3277 19173 106 10380 7222 23076 6624
is_linear=0
shrinkage=0.05


Tree=70
num_leaves=31
num_cat=0
split_feature=32 31 15 31 31 12 37 33 15 31 26 31 32 16 15 31 31 31 31 40 35 31 31 17 16 32 32 35 15 35
split_gain=813.619 343.606 303.096 120.342 117.081 80.7487 72.2251 54.3688 50.7868 45.7239 41.8626 38.3891 32.0848 30.2851 29.7448 31.9285 26.9 32.1515 31.4139 23.6811 23.5509 22.9408 22.7112 22.2067 18.2359 18.0664 18.0088 17.8427 16.7513 16.6387
threshold=-0.55043593049049366 -0.54869693517684925 -0.24210099130868909 -0.54526427388191212 -0.54526427388191212 -0.23814254254102704 -0.66403552889823902 -0.12110354378819464 1.0324622988700869 -0.54124015569686879 0.27642673254013067 1.8477053046226504 -0.56480154395103443 -0.14481361955404279 -0.922773778438568 1.8225664496421816 1.8225664496421816 1.8339731693267824 -0.54124015569686879 0.56183329224586498 -0.5640195608139037 -0.53651306033134449 -0.54124015569686879 -0.60798662900924672 0.72141736745834362 -0.56480154395103443 1.7705337405204775 0.88807907700538646 -0.55645433068275441 0.073722336441278472
decision_type=2 2 2 2 2 2 2 2 2 2 2 2 2 2 2 2 2 2 2 2 2 2 2 2 2 2 2 2 2 2
left_child=5 13 3 28 10 19 22 9 16 23 -4 14 -7 26 -9 -16 18 -18 -8 20 -1 -11 -6 -5 -14 -22 -2 -20 -3 -12
right_child=1 2 4 7 6 12 8 11 -10 21 29 -13 24 -15 15 -17 17 -19 27 -21 25 -23 -24 -25 -26 -27 -28 -29 -30 -31
leaf_value=-0.013889086363995592 -0.013111045054300458 0.022213027274527619 0.009713742527761679 0.01854245884657834 -0.0044922264927132393 -0.018264342172393002 0.0037311082400306099 0.025302101671832444 -0.0093687075978884215 -0.020385570846899442 -0.002350017761974554 0.0007065401749553348 -0.010137999788693557 -0.01584001335446299 0.0078934452711858349 0.016357142943728704 0.010524463549943503 -3.4615904798622933e-05 -0.0073688365021612537 -0.012047580195391244 -0.0081182551250038645 -0.00078095655106898848 -0.014739707733900091 0.0046732034417791002 -0.017058539232568226 -0.0015996147611136895 -0.0031772168455691274 0.0051533547493204301 0.015700374031589328 0.0071195721982629315
leaf_weight=621.1289264857769 700.51020428538322 1711.7940218448639 3836.983287781477 467.18015536665916 961.5043908059597 2399.1464950740337 1825.9313622713089 414.07116097211838 1228.838475137949 164.63465696573257 1359.0751810371876 805.26295095682144 5011.1067079305649 1613.34601354599 2756.9123008549213 1870.1776978075504 1467.5489929914474 1417.0252062082291 1709.8781992793083 1361.3785942196846 1523.5310774147511 1593.8879065215588 1235.3833357095718 755.0998814702034 1175.1105221509933 3515.646430760622 1308.3738358020782 341.24554541707039 2333.0264057219028 704.23603898286819
leaf_count=1841 2147 6635 11440 1546 2669 8227 4955 1452 3492 475 3728 2217 15400 5230 7947 6249 4354 3851 4745 4051 4698 4418 3721 2110 3837 9894 3863 950 8278 1992
internal_value=-0.000716433 0.00378011 0.00559606 0.0113146 0.00102053 -0.0101036 -0.00222565 0.008042 -1.81491e-05 0.00254645 0.00662534 0.0108439 -0.0133561 -0.0107384 0.0124632 0.0113143 0.00168119 0.0053374 -0.00103906 -0.00612678 -0.00470275 -0.00261636 -0.0102547 0.00997431 -0.0114526 -0.00357044 -0.0066412 -0.00528552 0.0184566 0.000882081
internal_weight=48189 32581.9 28959.7 12872 16087.7 15607 10187.4 8827.23 7990.47 2980.8 5900.29 5846.42 8585.36 3622.23 5041.16 4627.09 6761.63 2884.57 3877.06 7021.69 5660.31 1758.52 2196.89 1222.28 6186.22 5039.18 2008.88 2051.12 4044.82 2063.31
internal_count=146412 98464 87224 41327 45897 47948 28737 26414 22347 8549 17160 17865 27464 11240 15648 14196 18855 8205 10650 20484 16433 4893 6390 3656 19237 14592 6010 5695 14913 5720
is_linear=0
shrinkage=0.05


Tree=71
num_leaves=31
num_cat=0
split_feature=29 29 28 16 28 17 31 16 26 32 35 35 32 24 17 27 26 26 26 22 17 40 17 14 26 16 3 24 33 33
split_gain=201.122 80.1892 72.0193 61.0779 55.1889 39.3258 35.8638 31.4126 27.5987 22.643 20.1628 17.6985 17.5581 18.5549 16.8014 16.6258 15.5523 15.4569 14.5278 16.44 13.5586 13.1799 11.1879 11.2742 11.1621 11.159 10.4406 16.6795 10.4258 11.8678
threshold=-0.67916133999824513 -0.73537117242813099 -0.70392066240310658 -0.40115544199943537 -0.74281468987464894 -0.27747964859008784 -0.56003680825233448 -0.34707233309745783 -0.11262224987149237 -0.56097197532653797 -2.4675980806350704 0.36636766791343695 -0.55043593049049366 -0.1234840229153633 -1.1523741483688352 1.5801500082015993 -0.081320662051439271 -0.34497900307178492 1.3753564357757571 -0.41168570518493647 0.78151249885559093 -0.21844582259654996 0.64883646368980419 1.0191146135330202 -0.10781498253345488 3.2629762887954716 -0.27913212776184076 -0.14170987159013745 0.21242927014827731 3.3225829601287846
decision_type=2 2 2 2 2 2 2 2 2 2 2 2 2 2 2 2 2 2 2 2 2 2 2 2 2 2 2 2 2 2
left_child=1 8 4 -3 17 -6 10 9 21 -8 -4 16 22 -14 -12 -7 -5 -2 19 -15 -13 -1 23 26 -21 -17 -9 -28 -10 -30
right_child=2 3 6 11 5 15 7 12 28 -11 14 20 13 18 -16 25 -18 -19 -20 24 -22 -23 -24 -25 -26 -27 27 -29 29 -31
leaf_value=0.0029729651029570675 -0.0018813889905558946 -0.015792072855243554 0.024802813178038941 -0.0070815077909460638 -0.014509470117708027 -0.0046041559126947778 0.0032708232157832719 0.0088108402765414654 0.011315724158900019 -0.0040205164014013115 -0.0053430730657866255 -0.012456947999370027 0.011118511967712181 0.0025136990821598352 0.0063179760006372224 0.0066324115222502079 0.00097795053346878369 0.0077171440532835603 0.0070279515896135326 -0.0085318962875738091 0.00062471226672074416 -0.0056557897514039309 0.0096231810135175427 -0.012694687850622438 -0.0010134891139247715 0.053278159989450617 -0.0023462077858017192 0.0051473947524541541 0.00046941562380263822 0.051913613813620196
leaf_weight=635.65485362708569 689.13325250148773 2329.9865338802338 142.72215205430984 1155.2601619362831 1140.7266112118959 1847.0958916842937 1662.5872074067593 1137.4607541561127 584.47774557769299 2961.3075487166643 322.10822167992592 1093.7070515602827 476.79218000173569 2943.6664541661739 7530.1662848293781 234.44135218858719 1242.2212276607752 1071.6610178798437 837.52343414723873 665.59171406924725 241.87945032119751 1456.7117173522711 1184.8119460642338 96.327759742736816 1911.2086766213179 13.563298642635344 967.48287478089333 3194.3346680104733 511.35312353074551 11.462135583162306
leaf_count=2227 2486 13788 395 5572 6522 7681 5029 3399 1822 11520 1009 5047 1422 9600 22050 824 4991 3411 2655 3086 814 5552 3404 281 7554 41 2927 9598 1672 33
internal_value=0.000405312 -0.0060603 0.00233531 -0.0094399 -0.00316303 -0.00703935 0.00339058 0.00215512 0.000343721 -0.00139881 0.00617815 -0.0054752 0.00338008 0.00160518 0.00583963 -0.00297207 -0.00290561 0.00396051 0.000891762 -3.91737e-05 -0.0100878 -0.0030344 0.00522359 0.00425749 -0.00295551 0.00918345 0.00456564 0.00340538 0.0067271 0.00159727
internal_weight=40293.4 9262.71 31030.7 6063.05 4996.62 3235.83 26034.1 18039.1 3199.66 4623.89 7995 3733.07 13415.2 6834.78 7852.27 2095.1 2397.48 1760.79 6357.99 5520.47 1335.59 2092.37 6580.42 5395.61 2576.8 248.005 5299.28 4161.82 1107.29 522.815
internal_count=146412 41518 104894 30212 20965 15068 83929 60475 11306 16549 23454 16424 43926 24317 23059 8546 10563 5897 22895 20240 5861 7779 19609 16205 10640 865 15924 12525 3527 1705
is_linear=0
shrinkage=0.05


Tree=72
num_leaves=31
num_cat=0
split_feature=28 28 29 15 29 28 24 33 15 15 16 15 22 27 15 35 29 33 37 35 7 15 35 28 6 29 35 33 11 29
split_gain=188.328 70.3431 69.4249 69.0576 44.7168 34.3241 27.5721 23.6946 23.1228 20.0655 17.9368 17.3079 16.8181 16.4939 14.5905 12.764 12.9793 15.0856 12.6175 15.2953 11.3551 11.3102 10.6641 10.4182 10.4061 10.2069 10.0362 10.2551 10.7489 9.91513
threshold=-0.54498198628425587 -0.74893552064895619 -0.53880682587623585 -0.17713180929422376 -0.72433811426162709 -0.29639063775539393 -0.15649059414863584 -1.2913065552711485 -0.1061229109764099 -0.61530113220214833 -0.25181812047958368 0.68588507175445568 -0.40989206731319422 0.64978724718093883 0.72742068767547619 -1.0691384673118589 -0.74461004137992848 0.53510996699333202 0.59715950489044201 -0.7716400921344756 2.006449937820435 2.7606012821197514 1.6889176964759829 -0.47151491045951838 1.8172077536582949 1.1599184870719912 0.48667234182357794 0.11673106998205186 -0.54908469319343556 -0.38707315921783442
decision_type=2 2 2 2 2 2 2 2 2 2 2 2 2 2 2 2 2 2 2 2 2 2 2 2 2 2 2 2 2 2
left_child=1 11 4 9 15 8 -7 29 18 -3 -6 26 -11 -9 22 21 -17 -18 19 23 -12 -2 -5 -4 -20 -21 27 -1 -29 -8
right_child=2 3 5 14 10 6 7 13 -10 12 20 -13 -14 -15 -16 16 17 -19 24 25 -22 -23 -24 -25 -26 -27 -28 28 -30 -31
leaf_value=6.5996276260899285e-05 0.010050961414498362 -0.018148905156900371 0.049304500692583228 -0.0056898766268476259 -0.013750468245217079 0.010981390234175652 0.023730602523767002 -0.0015132289352570475 0.006993953966937163 -0.0042500159813435266 -0.0052994353409547071 0.011260739384822726 -0.013343864967984859 0.0057841603217576873 0.0023268581558312908 0.007874923119455644 -0.0039454446578969168 0.0055724100723286473 0.0085151452717903385 0.0021898507378065118 0.023616973542731914 0.061622966416938221 0.01396821087322451 0.0082354292433197071 -0.0099115494356939882 -0.0046711584986076802 0.0053179918823001949 0.00072507017103484739 -0.012347489979186979 0.0064051237840427643
leaf_weight=1620.3797284066677 237.40962305665016 1274.9914770871401 15.773140683770178 2384.9368425309658 819.62359218299389 645.47224605083466 93.589752703905106 6475.3081051558256 7314.3546097427607 761.18928398191929 1597.4661353230476 345.0918390750885 1531.0374002307653 879.5105634778738 897.94107560813427 481.35502544045448 1469.2535067647696 580.92130473256111 1352.3525667786598 5948.6181111335754 34.687522485852242 11.129622787237166 71.044525101780891 735.36784152686596 81.220345720648766 596.41969962418079 573.82431945204735 255.77023220062256 408.2221954613924 701.88402779400349
leaf_count=5785 745 8082 59 10069 4839 1880 296 23584 21787 3177 6903 1038 9198 2794 3124 1428 5778 2049 4079 18334 148 33 283 2196 246 1952 1869 1011 1403 2243
internal_value=0.000455696 -0.00544263 0.00244152 -0.00827797 -0.00279322 0.00354408 0.00103384 0.000246028 0.00492025 -0.0131208 -0.00771549 0.000683502 -0.010324 -0.000640586 -0.00312716 0.00154778 0.000486231 -0.00124854 0.00318277 0.00234018 -0.00468489 0.0123604 -0.00512122 0.00909783 0.00747116 0.00156464 -0.000593569 -0.00207853 -0.00731193 0.00844352
internal_weight=40196.1 10124.4 30071.7 6921.14 5231.85 24839.9 8795.76 8150.29 16044.1 3567.22 2451.78 3203.29 2292.23 7354.82 3353.92 2780.07 2531.53 2050.17 8729.75 7296.18 1632.15 248.539 2455.98 751.141 1433.57 6545.04 2858.2 2284.37 663.992 795.474
internal_count=146412 45039 101373 33933 21923 79450 30797 28917 48653 20457 11890 11106 12375 26378 13476 10033 9255 7827 26866 22541 7051 778 10352 2255 4325 20286 10068 8199 2414 2539
is_linear=0
shrinkage=0.05


Tree=73
num_leaves=31
num_cat=0
split_feature=22 24 17 22 22 22 17 17 15 22 22 22 15 17 22 35 22 11 22 1 4 22 17 35 22 27 22 15 17 33
split_gain=587.136 312.845 286.78 133.648 163.325 145.753 88.6907 70.2082 55.8878 42.1726 52.5039 39.6032 31.9985 29.757 23.6852 22.8319 21.0007 20.6803 20.6375 20.3541 25.8038 19.2704 19.1802 18.36 17.9615 17.5049 16.9919 15.9165 14.3968 13.7239
threshold=-0.41827584803104395 -0.10647905245423316 0.43100956082344061 -0.3786234557628631 -0.40989206731319422 2.391140460968018 -0.81597247719764698 -0.17161194980144498 -0.33735868334770197 -0.3786234557628631 -0.40989206731319422 -0.41279751062393183 0.11459575593471528 -0.33969567716121668 2.6582129001617436 2.0085384845733647 2.4396792650222783 -0.16414145380258557 2.4396792650222783 0.56502342224121105 -0.51842916011810292 -0.42728608846664423 -0.56360259652137745 0.30689771473407751 2.42249608039856 -0.25332224369049067 -0.41279751062393183 -0.922773778438568 2.3294630050659184 -0.56221160292625416
decision_type=2 2 2 2 2 2 2 2 2 2 2 2 2 2 2 2 2 2 2 2 2 2 2 2 2 2 2 2 2 2
left_child=7 12 3 4 6 -5 27 17 -6 10 26 22 -2 14 16 23 24 19 -11 20 -1 25 -8 -10 -7 -9 -4 -3 -12 -13
right_child=1 2 9 5 8 13 11 21 15 18 28 29 -14 -15 -16 -17 -18 -19 -20 -21 -22 -23 -24 -25 -26 -27 -28 -29 -30 -31
leaf_value=-0.011018083690515677 -0.0095738111838929822 0.024907278626929319 -0.0040491833548306445 -0.0093651347563300773 0.018694655877606669 0.015149606484413462 0.012766785962633993 -0.021387306492614975 0.0084177695256720305 -0.016939118689643165 0.0035342938651447883 -0.0072595152089989347 -0.021230807415670197 0.0018881188226532186 -0.010901521947401675 -0.028951088402968946 0.019152003871450069 -0.010801276010440189 -0.0031438107048776505 -0.011946822547207685 -0.0014999200904972059 -0.010856409370510729 0.0046251095283353517 0.014776657548568299 0.001856513925051137 -0.012967063262468393 -0.011885961611521952 0.012661686535792008 -0.010231543571006247 0.00077244289550573015
leaf_weight=867.5640709400177 2050.8443739116192 479.61270132660866 1506.4145839512348 2357.2043861150742 3631.0412820577621 469.33713209629059 924.00196108222008 1026.1800957918167 3030.5407085120678 937.0704457461834 2254.5023439526558 613.57461428642273 825.73350691795349 1687.5759917795658 114.98613089323044 36.395061433315277 708.17383480072021 1633.3413959443569 381.46464097499847 772.27938148379326 3972.6612392663956 4312.7010511159897 3331.6389353871346 1814.9742217957973 554.14937695860863 1548.8434081375599 1278.8981525301933 593.99316662549973 207.40654653310776 3992.1116528213024
leaf_count=2638 6170 1706 4192 7104 13761 1419 2937 3571 9337 2963 6170 1683 2755 4891 323 104 2536 4952 1051 2304 11425 13723 9203 5730 1550 5096 3796 1948 558 10816
internal_value=-0.000728617 0.00285142 0.00431939 0.00682099 0.00891479 0.000264671 0.00455987 -0.00928553 0.0139971 -0.00495405 -0.00294531 0.00291549 -0.01292 0.00668742 0.0110733 0.0105033 0.0125325 -0.0058497 -0.012948 -0.0044087 -0.00320596 -0.0129 0.00639286 0.0107996 0.00795229 -0.0163226 -0.0076475 0.0181322 0.00237457 -0.000297583
internal_weight=47915.2 33781.6 30905.1 24339.3 18447.9 5891.43 9934.93 14133.6 8512.95 6565.76 5247.22 8861.33 2876.58 3534.22 1846.65 4881.91 1731.66 7245.85 1318.54 5612.5 4840.23 6887.72 4255.64 4845.51 1023.49 2575.02 2785.31 1073.61 2461.91 4605.69
internal_count=146412 102703 93778 75048 57225 17823 28293 43709 28932 18730 14716 24639 8925 10719 5828 15171 5505 21319 4014 16367 14063 22390 12140 15067 2969 8667 7988 3654 6728 12499
is_linear=0
shrinkage=0.05


Tree=74
num_leaves=31
num_cat=0
split_feature=29 29 28 16 28 17 12 28 26 26 27 27 35 7 26 31 31 12 27 1 35 38 14 18 23 16 35 16 34 28
split_gain=181.065 72.6989 64.2377 56.6489 49.9964 36.1645 34.7867 27.4076 25.2535 19.1512 16.7523 15.2424 14.773 14.1819 14.1151 13.8994 18.1046 14.0704 13.7135 12.1293 11.5917 10.7743 10.2991 11.8933 13.3957 10.1627 9.98286 14.6336 12.1396 9.82623
threshold=-0.67916133999824513 -0.73537117242813099 -0.70392066240310658 -0.40115544199943537 -0.74281468987464894 -0.27747964859008784 0.55573725700378429 -0.32576616108417505 -0.20420336723327634 0.10316077247262002 -0.24479968100786206 1.5801500082015993 0.36636766791343695 0.4831759929656983 -0.34497900307178492 -0.54869693517684925 -0.54526427388191212 -0.50498035550117482 -0.55387732386589039 -0.064242061227560029 -0.1828099191188812 0.089680358767509474 0.23519775271415713 -0.3728420734405517 1.0520623326301577 3.2629762887954716 1.7796550393104555 1.1043146252632143 0.96111848950386058 -0.7345273196697234
decision_type=2 2 2 2 2 2 2 2 2 2 2 2 2 2 2 2 2 2 2 2 2 2 2 2 2 2 2 2 2 2
left_child=1 8 4 -3 14 29 7 18 20 15 -5 -7 -12 22 -2 17 -17 -9 -4 -18 -1 -10 23 24 -8 -13 28 -28 -15 -6
right_child=2 3 6 10 5 11 13 9 21 -11 12 25 -14 26 -16 16 19 -19 -20 -21 -22 -23 -24 -25 -26 -27 27 -29 -30 -31
leaf_value=0.0030396492472394786 -0.0018004175961105189 -0.015197097109703423 0.0066091505929253896 -0.010314471177480728 -0.0079097273248041073 -0.0043720753182236024 0.01240544396706007 -0.0052077243892136547 0.010726386327581751 0.0030963919614507094 -0.00012135663192018932 0.0063618990433595667 -0.0079563636247062513 0.0053862670109929523 0.0073697008416958145 -0.011156994279966444 0.0024983268243173665 0.0072743326531492418 0.0027703728819574117 -0.0044722504077973641 -0.0056655452912412153 0.001509316442132974 0.0072410153047562141 0.024593330290302168 -0.016713065564185135 0.050495827391551007 -0.0033451128717374486 0.015349461319545 -0.0046505094770542621 -0.017575875053319197
leaf_weight=526.6121619194746 688.11629135906696 2283.1877448707819 2978.9934174865484 1114.1396414935589 421.67129196226597 1838.5013223141432 486.27680334448814 346.32575166225433 592.43716342747211 2686.3276222199202 1646.5022259503603 235.20758861303329 948.04072441160679 629.79542988538742 1075.5379512906075 669.54132254421711 971.99428603053093 648.61446276307106 10621.77474296093 1743.5242301225662 1396.5205771923065 682.12337598204613 2992.0015982836485 191.07252012193203 42.989078417420387 13.809680134057997 156.52403025329113 316.03556954860687 577.54565124213696 698.34662646055222
leaf_count=1828 2486 13788 9018 5404 2098 7681 1460 1083 1854 8999 6973 824 4047 1922 3411 3602 3469 1950 33001 6554 5388 2236 8994 553 125 41 486 929 1784 4424
internal_value=0.000412595 -0.00575212 0.00223825 -0.00900092 -0.00297036 -0.00668854 0.00323187 0.00229874 0.000335528 -0.000227359 -0.00518635 -0.00279967 -0.00298425 0.0068083 0.00379184 -0.00226587 -0.0037929 0.00292949 0.00361119 -0.0019772 -0.0032818 0.00579357 0.00853323 0.0139006 0.0100403 0.00880942 0.00299646 0.00915733 0.000585058 -0.0139367
internal_weight=40220.1 9189.56 31030.5 5991.87 4971.19 3207.54 26059.3 20667.1 3197.69 7066.33 3708.68 2087.52 2594.54 5392.24 1763.65 4380 3385.06 994.94 13600.8 2715.52 1923.13 1274.56 3712.34 720.338 529.266 249.017 1679.9 472.56 1207.34 1120.02
internal_count=146412 41518 104894 30212 20965 15068 83929 67676 11306 25657 16424 8546 11020 16253 5897 16658 13625 3033 42019 10023 7216 4090 11132 2138 1585 865 5121 1415 3706 6522
is_linear=0
shrinkage=0.05


Tree=75
num_leaves=31
num_cat=0
split_feature=32 32 32 32 15 16 15 15 34 15 0 8 32 15 7 8 31 34 38 27 8 23 22 14 32 8 14 30 0 13
split_gain=185.739 113.037 106.26 52.9705 48.9424 44.8255 44.4946 25.7227 18.3383 16.9679 15.5315 14.7452 14.3732 15.0481 13.7831 13.3913 13.0054 12.4474 15.5103 11.8039 12.3644 11.3333 11.066 11.0499 12.1223 11.0359 12.8427 10.711 11.35 12.2234
threshold=-0.55043593049049366 1.0000000180025095e-35 -0.52605235576629628 1.8167446851730349 -0.018189112655818459 -0.74197486042976368 -0.41816000640392298 0.99852281808853161 0.5572263002395631 -0.55645433068275441 -0.46268670260906214 -1.4068140983581541 -0.56480154395103443 0.72742068767547619 -1.2995544672012327 2.1024099588394169 -0.53261977434158314 0.018076200969517234 -0.16226920485496518 -0.036140358075499528 1.3295390605926516 2.6350198984146123 -0.41279751062393183 -0.58276033401489247 -0.54039704799652089 0.73128300905227672 -0.31721551716327662 -0.44014354050159449 0.28612594306468969 -0.73429647088050831
decision_type=2 2 2 2 2 2 2 2 2 2 2 2 2 2 2 2 2 2 2 2 2 2 2 2 2 2 2 2 2 2
left_child=12 2 5 -3 9 22 16 8 17 -4 -10 -8 21 -14 -11 -6 -5 25 -19 -9 -21 -1 -2 24 -12 -7 -27 28 29 -15
right_child=1 3 4 6 15 7 11 19 10 14 23 -13 13 27 -16 -17 -18 18 -20 20 -22 -23 -24 -25 -26 26 -28 -29 -30 -31
leaf_value=0.006480198079276688 -0.02005796596951652 0.0055185882553177813 -0.019904614332885005 -0.014277696516354757 -0.0057955925316645627 -0.00098527236984924512 0.0069538347854392907 -0.00105021701647252 -0.0072690899123148481 0.0042424765497567768 0.0014743079948429693 -0.00090727608631966685 0.0029590126655557776 -0.0080064280157277953 -0.01288627843658932 0.018847960408014772 -0.0032596633380198624 -0.012605255337358602 -0.0032704450246811875 0.01238921310511123 -0.0054621953366082781 0.021396335769791067 -0.0079556933784491312 0.0038281415316638967 0.041517684232959373 -0.020481297463960102 0.063209892634758916 0.0057196695322403041 0.032052951003700141 0.016127535893573904
leaf_weight=5111.5043969750404 312.87628908455372 5064.3978011310101 951.82730624079704 751.72082324326038 2813.5203039050102 2470.815040320158 795.69213825464249 351.49821320176125 322.6516460031271 124.35951539874077 34.605588927865028 2383.0266657471657 9534.2464489042759 66.022367924451828 2112.3857992738485 56.227434545755386 416.0656608492136 611.62310425937176 1633.3151301294565 700.18023210763931 112.59741020202637 130.59874960780144 476.62916584312916 1485.8280734270811 41.644848719239235 6.8366304188966778 13.911510482430456 982.6996728181839 81.591832458972931 255.50734573602676
leaf_count=14777 2013 15162 6716 4465 12196 9224 2839 1084 1124 671 163 9370 28665 194 12896 224 1705 2346 6342 2120 350 375 2257 5299 148 28 50 2871 237 748
internal_value=0.00055469 -0.00223155 -0.00498083 0.00204341 -0.0100498 -0.00139952 -0.00200576 -0.000248325 -0.00145348 -0.0143133 0.00271795 0.00106051 0.00469974 0.00366665 -0.0119339 -0.00531275 -0.0103521 -0.00311336 -0.00581367 0.0066054 0.00991618 0.00685181 -0.0127518 0.00478079 0.0233444 -0.000680337 0.0356332 0.00853507 0.0153982 0.0111719
internal_weight=40206.4 24044.2 14633.3 9410.9 6058.32 8575.01 4346.51 7785.51 6621.23 3188.57 1884.73 3178.72 16162.2 10920.1 2236.75 2869.75 1167.79 4736.5 2244.94 1164.28 812.778 5242.1 789.505 1562.08 76.2504 2491.56 20.7481 1385.82 403.122 321.53
internal_count=146659 98792 65251 33541 32703 32548 18379 28278 24724 20283 6734 12209 47867 32715 13567 12420 6170 17990 8688 3554 2470 15152 4270 5610 311 9302 78 4050 1179 942
is_linear=0
shrinkage=0.05


Tree=76
num_leaves=31
num_cat=0
split_feature=29 28 29 28 15 26 28 28 17 16 31 31 16 17 24 2 31 17 15 17 25 17 28 15 29 36 31 14 35 23
split_gain=458.146 254.795 153.718 130.214 114.753 98.6322 74.792 63.3837 57.0481 52.2467 48.2023 42.4543 36.8113 29.2771 27.966 27.6621 25.988 25.3345 24.0597 21.0421 17.8533 17.3219 17.2766 16.9921 17.0945 15.0122 14.9719 14.7528 14.6431 14.4826
threshold=-0.56731906533241261 -0.55081871151924122 -0.73537117242813099 -0.32576616108417505 -0.4229228794574737 0.15863803774118426 -0.74281468987464894 -0.33570362627506251 -0.066201712936162935 -0.15049669891595838 -0.56003680825233448 -0.54124015569686879 0.12977330386638644 -0.12665726244449613 -0.12153971567749976 -1.1365108489990232 1.7859630584716799 0.35056933760643011 -0.50479483604431141 1.3262790441513064 -1.370319604873657 -0.30836747586727137 -0.88338494300842274 -1.2218816876411436 -0.37246233224868769 -0.49696712195873255 1.8477053046226504 -0.46129611134529108 -0.1687042415142059 -1.2735831141471861
decision_type=2 2 2 2 2 2 2 2 2 2 2 2 2 2 2 2 2 2 2 2 2 2 2 2 2 2 2 2 2 2
left_child=2 6 13 7 -4 10 17 9 -8 23 -5 18 25 20 -7 -16 -13 22 -12 -10 -1 -9 -2 -3 -25 28 27 -18 -6 -20
right_child=1 3 4 5 12 14 8 21 19 -11 11 16 -14 -15 15 -17 26 -19 29 -21 -22 -23 -24 24 -26 -27 -28 -29 -30 -31
leaf_value=-0.011048260586735709 -0.0098210958626150022 0.01070557421549556 0.016865509836280251 -0.011284595588967623 -0.0043714064312430556 -0.020862234345766322 0.012519166100655019 -0.011054689307865297 0.003961434916785537 -0.010835518760635857 0.018447905747394269 -0.0046468464744017814 0.0013791730631721134 -0.0080468123974467842 -0.015525067087844947 -0.0045888743233617598 0.020434955508118108 -0.015474952778442082 -0.022410661670162226 -0.0090424821782969008 0.0025807661810433981 -0.01758651669614272 0.0019436475934855467 -0.0058513738214100199 0.00095895617093295731 0.010639746126919454 -0.0026068375177034819 0.0048991778487000592 0.0095431212272764545 0.0063897428549481178
leaf_weight=265.66728687286377 423.47338131070137 188.36437067389488 3837.6586701571941 615.84448340535164 368.21766474843025 374.27011755108833 2718.4797381460667 1931.0690545737743 2209.6197399795055 5359.4411474764347 452.09219595789909 1739.5188442766666 2620.9428558349609 1206.9203577637672 705.0973661839962 3213.325567394495 206.15182930231094 381.99174454808235 44.508308827877045 362.05996823310852 2515.1241495907307 2139.6153008341789 1186.0670806467533 4812.9854204803705 1139.5988723486662 3053.8175100982189 435.90288868546486 590.55888161063194 388.63448810577393 2264.6356204152107
leaf_count=759 1233 526 13928 1913 1085 1240 9141 6012 6235 16901 1533 5046 7367 3499 2121 9556 668 1173 134 1020 6993 7382 3247 14128 3364 9538 1254 1769 1175 6719
internal_value=-0.000718938 -0.00391418 0.00678781 -0.00621264 0.0100231 -0.00194988 0.0043599 -0.00912598 0.00746905 -0.00722806 0.00200811 0.00343594 0.0059403 -0.00154376 -0.00780404 -0.00655678 -0.000711156 -0.003899 0.00789977 0.00213065 0.0012787 -0.0144879 -0.00115168 -0.0040797 -0.00454756 0.00907741 0.00484307 0.00891912 0.00277354 0.00583462
internal_weight=47751.7 33494.7 14257 26213 10269.3 10641.9 7281.69 15571.1 5290.16 11500.4 6349.21 5733.37 6431.61 3987.71 4292.69 3918.42 2972.13 1991.53 2761.24 2571.68 2780.79 4070.68 1609.54 6140.95 5952.58 3810.67 1232.61 796.711 756.852 2309.14
internal_count=146659 102315 44344 80266 33093 31953 22049 48313 16396 34919 19036 17123 19165 11251 12917 11677 8737 5653 8386 7255 7752 13394 4480 18018 17492 11798 3691 2437 2260 6853
is_linear=0
shrinkage=0.05


Tree=77
num_leaves=31
num_cat=0
split_feature=29 32 29 17 31 17 31 31 36 35 12 17 11 17 6 23 17 23 39 26 35 8 35 17 10 35 22 19 8 31
split_gain=177.426 63.638 61.6628 56.1046 52.8999 51.3635 42.2861 38.1466 24.1082 23.7772 23.5738 23.1099 21.2387 14.1814 12.8104 12.6225 12.0323 13.3769 12.9173 12.0136 11.1824 13.1123 10.9954 13.4236 10.7344 10.5773 10.3231 10.2979 9.97429 13.3711
threshold=-0.64168971776962269 -0.55043593049049366 -0.73537117242813099 0.36314973235130316 -0.54869693517684925 -0.097535043954849229 -0.54124015569686879 1.8225664496421816 -1.0063973069190977 1.3370198011398318 -0.29155485332012171 -0.25643153488636011 2.5745596885681157 -0.95386213064193714 1.2877008914947512 0.53332450985908519 1.6235178709030154 2.3423361778259282 1.0000000180025095e-35 0.32559412717819219 -1.1303991079330442 1.2655879259109499 0.11659290641546251 1.0681995153427126 -0.9354090392589568 -1.8732155561447141 2.4290481805801396 0.63339254260063182 -1.1650824546813963 -0.56003680825233448
decision_type=2 2 2 2 2 2 2 2 2 2 2 2 2 2 2 2 2 2 2 2 2 2 2 2 2 2 2 2 2 2
left_child=2 10 8 4 -3 9 11 26 -1 -4 -2 -6 15 -10 19 28 17 24 -18 -7 -14 -22 -15 -24 -12 -19 -8 -11 29 -5
right_child=1 3 5 12 6 14 7 -9 13 27 16 -13 20 22 -16 -17 18 25 -20 -21 21 -23 23 -25 -26 -27 -28 -29 -30 -31
leaf_value=0.01515179949479256 0.0018307754843876962 0.0034566314732541363 -0.012765260588814714 0.014510206537533453 -0.012576419536851645 -0.0049431690450704186 0.0020007530286813542 -0.0078536636359119519 -0.014238294641070815 0.066365208331778225 -0.004716044841410378 -0.0046661971901374695 0.024938820802398509 0.0026706962207994822 -0.012587445983829833 -0.00075432660408166201 0.0038238741416427796 0.037811539595352585 0.017902687488542731 0.0025163125627626556 0.0024226914893225072 0.035359901992217432 -0.0049083708411878021 0.016829924648285071 0.006102155575825028 -0.0061066482192618987 0.017192594597557707 -0.0094856686485031583 0.0064222128692386334 -0.0043635775819434851
leaf_weight=240.29938119649887 5580.124018996954 3023.7445931434631 3611.9382751733065 116.25415879487991 1651.401525080204 1303.704615265131 2548.7047885358334 1273.0071073621511 198.12792371213436 13.64665347337723 235.70412817597389 2094.3161446899176 174.04573251307011 1418.5137433856726 317.73718523979187 1322.3516798317432 270.00028982758522 14.307844132184981 410.81187263131142 921.10127131640911 180.81111136078835 36.279573112726212 1245.4984620511532 75.310629397630692 8440.7760814726353 327.89846190810204 116.9540883898735 6.657832220196723 2564.5142561048269 486.71813111007214
leaf_count=725 17340 8957 21025 325 9535 5406 8670 5952 867 68 689 9402 525 4938 1275 4269 752 41 1151 3318 555 105 4500 221 24727 957 375 34 8400 1555
internal_value=0.000299055 0.00212697 -0.00573411 -0.000120606 -0.00214575 -0.00864661 -0.00435024 -0.000733166 -7.47424e-05 -0.0124619 0.00442007 -0.00815363 0.00432225 -0.00132036 -0.00319607 0.00334876 0.00590969 0.00542584 0.0123192 -0.00185484 0.0154969 0.00792706 -0.000386036 -0.00366888 0.00580827 -0.0042704 0.00266729 0.0414937 0.00506171 -0.000724678
internal_weight=40221.3 30868.7 9352.54 15589.1 10708.1 6174.79 7684.38 3938.67 3177.75 3632.24 15279.6 3745.72 4880.97 2937.45 2542.54 4489.84 9699.5 9018.69 680.812 2224.81 391.136 217.091 2739.32 1320.81 8676.48 342.206 2665.66 20.3045 3167.49 602.972
internal_count=146659 104282 42377 58625 42891 31126 33934 14997 11251 21127 45657 18937 15734 10526 9999 14549 28317 26414 1903 8724 1185 660 9659 4721 25416 998 9045 102 10280 1880
is_linear=0
shrinkage=0.05


Tree=78
num_leaves=31
num_cat=0
split_feature=32 32 32 32 17 16 15 15 34 15 0 28 8 32 15 17 21 35 7 31 12 31 7 33 35 23 27 35 17 12
split_gain=167.569 102.865 98.4928 47.5616 46.1305 41.4581 40.4297 23.5349 16.8254 15.3192 14.55 13.6824 13.4047 12.8577 14.2239 14.7009 16.5445 12.7676 12.3026 12.0133 12.0098 11.9297 11.5183 11.8643 11.3856 12.134 10.952 14.8359 13.5428 12.5388
threshold=-0.55043593049049366 1.0000000180025095e-35 -0.52605235576629628 1.8167446851730349 -0.046912869438529008 -0.74197486042976368 -0.41816000640392298 0.99852281808853161 0.5572263002395631 -0.55645433068275441 -0.46268670260906214 -0.74281468987464894 -1.4068140983581541 -0.56480154395103443 0.72742068767547619 0.66873690485954296 0.08429939299821855 -0.036857793107628815 -1.2995544672012327 -0.53261977434158314 -0.048182204365730279 -0.53261977434158314 2.006449937820435 0.092131376266479506 -2.2696633338928218 2.6350198984146123 -0.036140358075499528 1.7796550393104555 1.1853023171424868 1.6814621686935427
decision_type=2 2 2 2 2 2 2 2 2 2 2 2 2 2 2 2 2 2 2 2 2 2 2 2 2 2 2 2 2 2
left_child=13 2 5 -3 9 11 19 8 17 -4 -10 -2 -8 24 -15 16 -16 -7 -11 -5 -20 -19 23 -6 -1 -26 28 -28 -9 -29
right_child=1 3 4 6 22 7 12 26 10 18 -12 -13 -14 14 15 -17 -18 21 20 -21 -22 -23 -24 -25 25 -27 27 29 -30 -31
leaf_value=-0.015387742776970303 -0.0035163739816186802 0.0052548572279176899 -0.019325635435350839 -0.013721042214028357 -0.0019654240896233191 -0.0004802411723234177 0.0066365750144892714 0.01493983129827807 -0.0070465072906657758 0.0040499680340940159 0.0046326434384139888 -0.017298217882349053 -0.00084892315932863526 0.0028173599955907099 0.012760121696635929 0.0061935728494908878 0.047162647755188088 -0.010876467990671866 -0.010812170277326076 -0.0030871470283944775 -0.021191840639760269 -0.0031147386699979687 0.015756756741900985 -0.008447860367903166 0.0063806790348747231 0.022082207212171755 0.012651551925006391 0.013042106938838633 -0.0070616408245010535 -0.0170987872095258
leaf_weight=58.674203246831894 282.76307865977287 5076.5328660607338 927.67253428697586 738.51644450426102 1239.3253521174192 2487.7070668786764 798.774498462677 96.377995610237122 321.45515282452106 118.24443681538105 1564.8572685718536 495.96838293969631 2380.2925929129124 9547.0715429186821 142.30478742718697 1200.5515825152397 46.323171406984329 740.55931833386421 1666.9037835150957 414.75357584655285 334.62801615893841 1493.3130548894405 64.195539742708206 1639.7145062237978 5071.0162388384342 126.10418182611465 671.84274619817734 57.500685185194016 255.00229132175446 86.280971348285675
leaf_count=182 1327 15162 6716 4465 5167 9257 2839 302 1124 645 5610 2943 9370 28665 411 3505 134 3186 10531 1705 1975 5547 268 7401 14612 358 2023 178 782 269
internal_value=0.000552978 -0.00210297 -0.00473835 0.00197083 -0.00965492 -0.00129494 -0.00187732 -0.000193281 -0.00134935 -0.0139668 0.00264235 -0.0122939 0.00103189 0.00448196 0.0035052 0.00823238 0.0212087 -0.00294407 -0.0116217 -0.00989675 -0.0125475 -0.00568786 -0.00519033 -0.0056574 0.00651439 0.00676166 0.00635269 0.00953194 -0.00102699 -0.00504494
internal_weight=40145.2 23953.2 14544.3 9408.87 5990.68 8553.63 4332.34 7774.9 6607.89 3047.45 1886.31 778.731 3179.07 16192 10936.3 1389.18 188.628 4721.58 2119.78 1153.27 2001.53 2233.87 2943.24 2879.04 5255.79 5197.12 1167 815.624 351.38 143.782
internal_count=146659 98792 65251 33541 32703 32548 18379 28278 24724 19867 6734 4270 12209 47867 32715 4050 545 17990 13151 6170 12506 8733 12836 12568 15152 14970 3554 2470 1084 447
is_linear=0
shrinkage=0.05


Tree=79
num_leaves=31
num_cat=0
split_feature=22 24 17 22 22 22 16 17 15 22 22 22 22 17 22 22 24 16 15 22 12 15 35 35 15 22 16 28 15 15
split_gain=497.57 252.196 238.545 112.701 128.871 127.353 65.3446 63.548 52.5541 44.8365 49.9041 34.7253 38.436 29.6726 27.8409 24.0971 33.6223 23.4944 21.2623 22.2691 26.8557 22.8957 20.8718 26.8968 20.5301 19.2961 17.5203 15.5194 15.2325 14.0775
threshold=-0.41827584803104395 -0.10647905245423316 0.36314973235130316 -0.3786234557628631 2.391140460968018 -0.40989206731319422 -0.12373230606317519 -0.82656124234199513 -0.26873028278350825 -0.3786234557628631 -0.40989206731319422 2.6582129001617436 2.4396792650222783 -0.021041121333837506 -0.41279751062393183 -0.42728608846664423 -0.094624452292919145 -0.59386152029037464 -0.43406839668750757 -0.42406351864337916 -0.66677343845367421 -1.2218816876411436 1.8843143582344057 0.4237141907215119 -0.62015369534492482 2.358141422271729 1.1456941366195681 -0.74893552064895619 0.60776987671852123 -0.56783229112625111
decision_type=2 2 2 2 2 2 2 2 2 2 2 2 2 2 2 2 2 2 2 2 2 2 2 2 2 2 2 2 2 2
left_child=6 13 3 5 -5 7 15 27 29 10 26 12 17 -2 -9 16 -1 -6 19 20 -17 -21 23 -10 -14 -11 28 -3 -4 -7
right_child=1 2 9 4 11 8 -8 14 22 25 -12 -13 24 -15 -16 18 -18 -19 -20 21 -22 -23 -24 -25 -26 -27 -28 -29 -30 -31
leaf_value=0.0017065611617415452 -0.0080868577181429906 0.0078953024374605104 -0.0088635694963519231 -0.0090047298498994819 0.012385655702705594 0.020488905271557816 -0.012483784284291199 0.0060048633816630996 0.0065353214401567888 -0.020966833558745783 0.0028284172713594988 -0.01473697277329989 0.026545249845072411 -0.018958627714330874 0.000328489267215375 0.029509289895383081 -0.011880245558558163 -0.00069491250574906785 -0.0065635657451185081 0.012576270704558577 0.0030601067523371318 -0.0058486047815432375 -0.025025189313667758 0.015324289944661574 0.010857545614684721 -0.0082424976314235017 -0.011632123537756424 0.020962773267675233 9.6264551626821571e-05 0.014489118966026096
leaf_weight=565.50783315300941 1885.5133310258389 350.05106848478317 820.57726991176605 2273.0594101548195 461.37642416357994 1671.6727188080549 6162.9644258916378 4149.3976296782494 2763.0096879899502 421.89470461010933 2708.224684804678 184.99209520220757 252.31096421182156 940.76297697424889 4505.8393858671188 111.65660136938095 2337.2489872574806 1341.1601522266865 2652.8136034607887 192.82641968131065 683.30047136545181 1342.5998776257038 44.767023175954819 1270.8896146416664 1202.4562485963106 1014.1498066484928 1077.4657358825207 647.47883129119873 1124.3154874742031 2354.9741950780153
leaf_count=1628 5663 1086 2281 6883 1422 6806 20334 11968 8506 1433 7431 533 961 3196 12236 301 7435 3709 7848 537 1889 3935 129 4035 3923 2968 3208 2403 3192 8780
internal_value=-0.000729445 0.00258566 0.00390391 0.00634161 0.000234689 0.00830709 -0.00862646 0.00442706 0.0129279 -0.00408046 -0.0021007 0.00633578 0.00753256 -0.0117057 0.00304979 -0.00561192 -0.0092333 0.00265318 -0.00350244 -1.77736e-05 0.00677506 -0.00353472 0.00892751 0.00930431 0.0135784 -0.0119808 -0.0065175 0.0163772 -0.00368401 0.0169799
internal_weight=47515.3 33466.3 30640.1 23473.4 5715.36 17758.1 14048.9 9652.77 8105.31 7166.63 5730.58 3442.3 3257.3 2826.28 8655.24 7885.95 2902.76 1802.54 4983.2 2330.38 794.957 1535.43 4078.67 4033.9 1454.77 1436.04 3022.36 997.53 1944.89 4026.65
internal_count=146659 102752 93893 73380 17431 55949 43907 27693 28256 20513 16112 10548 10015 8859 24204 23573 9063 5131 14510 6662 2190 4472 12670 12541 4884 4401 8681 3489 5473 15586
is_linear=0
shrinkage=0.05


Tree=80
num_leaves=31
num_cat=0
split_feature=29 32 16 2 29 22 15 22 15 22 1 16 14 32 34 35 35 10 23 35 35 15 16 27 26 22 18 29 26 32
split_gain=159.746 57.7719 57.5959 47.2301 43.6413 31.5198 25.1676 19.4734 19.4603 18.5511 18.232 18.2184 17.3372 16.5195 19.5421 16.1929 15.4429 15.2669 15.3678 13.1034 15.0543 13.4524 12.3904 12.8611 11.8902 11.8664 11.2887 11.1752 10.7724 10.5016
threshold=-0.64168971776962269 -0.55043593049049366 0.096864044666290297 -0.95275926589965809 -0.73537117242813099 -0.40989206731319422 -0.25760443508625025 -0.3786234557628631 -0.60875511169433583 2.4396792650222783 -0.44967222213745112 -0.11788574978709219 -0.11708607152104376 -0.54039704799652089 1.1582470536231997 1.3370198011398318 -0.28117825090885157 2.9380818605422978 0.97167155146598827 3.3563998937606816 0.7167315185070039 1.887755334377289 0.72141736745834362 -0.27144317328929896 0.95773831009864818 2.6582129001617436 1.3357477188110354 -0.73537117242813099 0.47098544239997869 1.8167446851730349
decision_type=2 2 2 2 2 2 2 2 2 2 2 2 2 2 2 2 2 2 2 2 2 2 2 2 2 2 2 2 2 2
left_child=2 11 4 17 16 13 7 15 -6 -9 28 -2 -13 14 -5 -7 -1 18 -3 20 -8 -22 23 -14 29 -11 -20 -12 -4 -15
right_child=1 3 10 5 8 6 19 9 -10 25 27 12 22 24 -16 -17 -18 -19 26 -21 21 -23 -24 -25 -26 -27 -28 -29 -30 -31
leaf_value=0.0052126460057584732 0.0025750473553448612 0.0064456269502067513 0.0015290876240194335 -0.0059622492493525345 -0.016206628073763395 -0.015286341792408346 -0.00023162126967907556 -0.0007244517887119126 -0.0087771069304366737 -0.019356100411710309 0.0039806687891234911 0.012589530421923709 0.0068037868764221354 0.0024828763363688722 0.0094077442536876724 0.066041465215304726 -0.0045941448677954341 0.021453671732162921 0.0028922478288434749 0.026354913633671762 -0.0093341520450684473 0.017360110545899945 0.0082629360800615791 0.0012619867055309465 0.010854188281976231 0.014971555310800175 -0.0089726941631704388 -0.0044997177611155936 0.013172977653678575 -0.0037701418455282861
leaf_weight=511.6056592464447 8011.4998701512814 2422.3056533038616 411.79939876496792 1393.9679942876101 1241.8484883606434 840.40350937843323 2503.2675505578518 802.01589925587177 3036.5602384060621 244.55454616248608 558.53925278782845 884.84596365690231 1801.8664014935493 3973.2298259139061 242.83224157989025 6.1654108464717856 1864.1842449307442 136.48964837193489 571.78203359246254 40.623022168874741 833.61129374802113 50.028262943029404 2108.4906888306141 2498.7963716685772 359.56641058623791 28.064099103212357 308.70537300407887 1275.8865598142147 383.7291074693203 807.99757523834705
leaf_count=1724 24522 7632 1496 5702 8117 5559 10351 2973 16098 1538 1716 2572 5252 12661 819 32 7092 405 1853 119 3545 153 5988 7323 1072 98 1035 4892 1242 3078
internal_value=0.000310305 0.00203976 -0.00544036 -0.000105075 -0.00791619 -0.00157186 -0.00444138 -0.00902247 -0.0109336 -0.00455455 0.000823878 0.00422104 0.00602894 0.000692708 -0.00368199 -0.014694 -0.00248234 0.00506655 0.00438934 -0.00187358 -0.00221216 -0.00782283 0.00512319 0.00358386 0.00208559 -0.0158223 -0.00126769 -0.00191764 0.0071456 0.00142616
internal_weight=40155.3 30871.1 9284.15 15565.6 6654.2 12126.3 5348.73 1921.2 4278.41 1074.63 2629.95 15305.5 7294 6777.59 1636.8 846.569 2375.79 3439.28 3302.79 3427.53 3386.91 883.64 6409.15 4300.66 5140.79 272.619 880.487 1834.43 795.529 4781.23
internal_count=146659 104282 42377 58625 33031 47700 24368 10200 24215 4609 9346 45657 21135 23332 6521 5591 8816 10925 10520 14168 14049 3698 18563 12575 16811 1636 2888 6608 2738 15739
is_linear=0
shrinkage=0.05


Tree=81
num_leaves=31
num_cat=0
split_feature=32 32 32 17 32 15 17 15 36 13 22 15 34 34 0 32 15 17 21 37 12 35 14 30 35 35 23 38 26 12
split_gain=149.247 93.5172 88.9493 42.388 41.6076 37.151 34.7406 19.4024 17.1104 14.6549 14.5698 14.4293 12.2201 13.4296 12.5329 11.9329 13.2326 13.4716 15.0839 11.6291 11.0843 20.0392 12.6558 11.1747 10.6385 10.5591 11.2829 10.3392 10.6889 10.2951
threshold=-0.55043593049049366 1.0000000180025095e-35 -0.52605235576629628 -0.046912869438529008 1.8167446851730349 -0.41816000640392298 -0.64891007542610157 0.99852281808853161 0.5005207657814027 -1.441599905490875 -0.41279751062393183 -0.55645433068275441 0.5572263002395631 -0.024826905690133568 -0.46268670260906214 -0.56480154395103443 0.72742068767547619 0.66873690485954296 0.08429939299821855 -0.94480216503143299 -0.38539797067642206 -1.0127846002578733 -0.093800485134124742 1.5087675452232363 -1.7007161974906919 -2.2696633338928218 2.6350198984146123 -0.085715144872665391 0.88906824588775646 -0.061639837920665734
decision_type=2 2 2 2 2 2 2 2 2 2 2 2 2 2 2 2 2 2 2 2 2 2 2 2 2 2 2 2 2 2
left_child=15 2 6 11 -3 -6 8 12 10 -10 -2 -4 13 20 -14 25 -17 18 -18 -13 21 22 -8 -23 -7 -1 -27 -15 -29 -21
right_child=1 4 3 -5 5 24 7 -9 9 -11 -12 19 14 27 -16 16 17 -19 -20 29 -22 23 -24 -25 -26 26 -28 28 -30 -31
leaf_value=-0.014951354443116301 -0.017752286818258751 0.0049762547473749296 -0.018678426024481012 -0.0049275804487785412 -0.0094462823474484228 0.0080552861206683191 0.092533780562325321 0.0060388883318971904 0.098394495497318601 0.0046136318632355082 -0.0063260288540732722 0.022426253089547238 -0.0066157348786493528 -0.010577603609937371 0.004324974302805781 0.0026454195474621342 0.012160421106818501 0.0059080066807858031 0.044822459061605507 -0.009911595414386307 -0.0016452760276341343 0.0028599132739210243 0.018312821902619712 0.037885739519377813 -0.00012053767613767661 0.0060738729912978183 0.021172759249482684 -0.003763880776152756 0.020376238085331018 -0.019265247254671679
leaf_weight=58.327102690935135 447.95403416454792 5089.2889257073402 901.71631613373756 2926.8530331104994 1138.770991191268 466.38744796812534 10.614958599209787 1170.4030358493328 4.2885799854993811 145.45571567118168 739.6373148560524 25.53463876247406 316.82219313085079 647.72846610844135 1506.0913737416267 9562.2798092365265 142.93746531009674 1203.3701414167881 46.961575418710709 1705.7562008500099 1643.619779214263 437.47817908227444 12.515209957957266 24.022404685616493 2708.9306065738201 5082.9661615788937 126.81562292575836 1383.1901939958334 47.428327649831772 355.48209074139595
leaf_count=182 2877 15162 6716 12836 6170 1510 39 3554 19 690 3395 121 1108 2437 5326 28665 411 3505 134 10891 5879 1711 43 92 10699 14612 358 5217 161 2139
internal_value=0.00054919 -0.00196696 -0.00449211 -0.00920446 0.00191408 -0.00169834 -0.00122699 0.000147646 -0.00862769 0.00729946 -0.010636 -0.0133931 -0.000995917 -0.0024777 0.00242348 0.00424905 0.00330872 0.0078611 0.0202377 -0.0111093 0.000314098 0.00695929 0.0523745 0.00468311 0.00108032 0.00620455 0.00644141 -0.00533653 -0.00296358 -0.0115247
internal_weight=40079.6 23856 14452.6 5915.34 9403.38 4314.09 8537.25 7199.91 1337.34 149.744 1187.59 2988.49 6029.51 4206.6 1822.91 16223.7 10955.5 1393.27 189.899 2086.77 2128.25 484.631 23.1302 461.501 3175.32 5268.11 5209.78 2078.35 1430.62 2061.24
internal_count=146659 98792 65251 32703 33541 18379 32548 25567 6981 709 6272 19867 22013 15579 6434 47867 32715 4050 545 13151 7764 1885 82 1803 12209 15152 14970 7815 5378 13030
is_linear=0
shrinkage=0.05


Tree=82
num_leaves=31
num_cat=0
split_feature=32 37 22 15 15 17 32 32 32 22 22 22 32 22 15 22 32 17 26 17 22 11 14 15 34 22 22 15 22 29
split_gain=567.715 253.464 128.859 71.5092 68.4867 60.0359 59.3189 36.816 38.3869 36.6645 35.2176 34.2918 33.7573 31.3284 31.2802 29.3151 24.677 23.023 22.3504 21.8905 18.9442 18.717 17.6545 17.0276 16.9534 16.2417 19.8869 14.8921 14.5262 14.4907
threshold=-0.55043593049049366 -0.61308032274246205 -0.40989206731319422 -0.34135290980339045 -0.39759270846843714 -0.027945538982748982 1.9011231660842898 1.0000000180025095e-35 1.8167446851730349 -0.3786234557628631 -0.42728608846664423 -0.3786234557628631 -0.56480154395103443 2.4396792650222783 -0.922773778438568 2.3404433727264409 -0.56480154395103443 0.53880113363266002 0.052976490929722793 1.3262790441513064 -0.41827584803104395 0.089744947850704207 -0.068926617503166185 -1.3341996669769285 -2.2158759832382198 2.6582129001617436 2.4396792650222783 1.7873002886772158 -0.41279751062393183 2.5137890577316289
decision_type=2 2 2 2 2 2 2 2 2 2 2 2 2 2 2 2 2 2 2 2 2 2 2 2 2 2 2 2 2 2
left_child=5 6 4 9 10 12 7 18 -9 -4 -3 19 -1 -13 -12 -11 -7 20 -2 -5 -6 -18 -8 -14 -10 26 -17 -15 -22 -25
right_child=1 2 3 11 17 16 22 8 24 15 14 13 23 27 -16 25 21 -19 -20 -21 28 -23 -24 29 -26 -27 -28 -29 -30 -31
leaf_value=-0.010851583940855317 0.0056715266946039816 -0.013818637212941166 0.017122864264754178 0.0089134226496333669 -0.0074172082946882788 -0.01783775101841021 0.010662727326906367 -0.013155553149249764 -0.017646604539873482 -0.011616422719726243 0.018687370873145436 -0.0057051144677177498 0.015290898244036814 0.0091186602890899159 0.0059023636890694333 0.0064561336725886048 -0.0057105629801814245 -0.006226633532973605 -0.0060938288178240194 -0.0022602225893904684 0.0042535231203299885 -0.012988270859452429 -0.00021052794763666753 -0.0050972771358597574 -0.0018730662507255816 -0.030718405447062638 0.018534851760312332 -0.034575052351504793 -0.0012308308356454478 0.0077137194878099061
leaf_weight=2816.8918444216251 747.83404564857483 204.08856189250946 3127.1816225200891 5220.5804606676102 681.13092631101608 1675.7738038897514 573.58402761816978 2733.3334522545338 191.66223055124283 171.83282113075256 542.20651330053806 1016.3934106230736 108.75112062692642 703.49845311045647 4066.6357894539833 936.11564370989799 1310.7792215049267 1727.2391711771488 877.08478260040283 478.51167768239975 2396.0789887607098 2709.9859830439091 1069.210371285677 6400.3160069584846 1531.8650472760201 23.876293450593948 535.82958741486073 20.056984186172485 2433.7043669819832 228.61566719412804
leaf_count=9027 2158 613 12589 16259 2030 6125 1925 8968 598 493 1944 2867 298 2154 12052 2768 4184 4979 2482 1281 6606 8954 2981 18619 4297 65 2033 54 6596 660
internal_value=-0.000738302 0.00304435 0.00555368 0.00916852 0.001884 -0.00867746 -0.00484461 -0.00712183 -0.00947079 0.01393 0.00650642 0.00609952 -0.00625518 -4.43396e-05 0.00740645 0.0079427 -0.0127403 -0.00118962 -0.000679076 0.00797525 0.000389084 -0.0106157 0.00358588 -0.00433351 -0.00362714 0.0101896 0.0108531 0.00790747 0.00148998 -0.00465546
internal_weight=47260.6 32009.5 24285 12233.9 12051.1 15251.1 7724.57 6081.78 4456.86 4794.84 4812.93 7439.04 9554.57 1739.95 4608.84 1667.65 5696.54 7238.15 1624.92 5699.09 5510.91 4020.77 1642.79 6737.68 1723.53 1495.82 1471.95 723.555 4829.78 6628.93
internal_count=146659 98792 75383 40563 34820 47867 23409 18503 13863 17948 14609 22615 28604 5075 13996 5359 19263 20211 4640 17540 15232 13138 4906 19577 4895 4866 4801 2208 13202 19279
is_linear=0
shrinkage=0.05


Tree=83
num_leaves=31
num_cat=0
split_feature=29 16 32 17 31 29 31 39 12 17 11 14 1 35 32 32 12 22 17 40 31 17 5 35 10 29 35 11 11 26
split_gain=144.328 52.3818 51.1746 46.21 43.6257 39.2493 35.4437 33.0721 20.5815 20.0113 18.6045 17.5679 16.9992 14.3567 13.1544 11.3838 11.628 12.1558 13.4127 10.8953 10.8942 10.6279 12.0684 10.5471 10.4239 10.2191 10.1639 9.9804 10.5594 9.87839
threshold=-0.64168971776962269 0.096864044666290297 -0.55043593049049366 0.36314973235130316 -0.54869693517684925 -0.73537117242813099 -0.54124015569686879 0.17941141873598102 -0.08099049329757689 -0.29816110432147974 2.5745596885681157 -0.41684961318969721 -0.44967222213745112 -0.28117825090885157 1.8167446851730349 -0.56722325086593617 -0.86968737840652455 -0.42406351864337916 -0.41317409276962275 -0.82805588841438282 -0.56003680825233448 0.43100956082344061 1.037159860134125 -1.8732155561447141 -0.42426267266273493 -0.73537117242813099 -1.1303991079330442 -0.95859226584434498 0.58418095111846935 0.47098544239997869
decision_type=2 2 2 2 2 2 2 2 2 2 2 2 2 2 2 2 2 2 2 2 2 2 2 2 2 2 2 2 2 2
left_child=1 5 8 4 -4 13 9 14 15 -6 20 -7 29 -1 19 21 -17 18 -18 -8 -5 -2 -23 -19 -20 -14 -12 -21 -29 -3
right_child=2 12 3 10 6 11 7 -9 -10 -11 26 -13 25 -15 -16 16 17 23 24 27 -22 22 -24 -25 -26 -27 -28 28 -30 -31
leaf_value=0.0050027457930122135 0.0047699695606147497 0.0015060778382596837 0.0031600886139785569 0.0092627143003987441 -0.012015523817197806 -0.013673817359294939 0.015864187577480478 -0.0057924889531885751 0.0059326717180397601 -0.0044753410023797907 0.023302132136416447 -0.0072203137533440546 0.0037762564868184974 -0.0044463002752095932 -0.002505003854615597 -0.0051585655677740191 -0.0068455562232219731 0.052642439505488692 0.0097134985768915251 -0.021666311830127565 0.0020723464883078573 0.041201681506380962 -0.0076982713667071937 0.0038723727068674194 -0.00034699961738649855 -0.0043316745624662244 0.0071601572361318496 0.0057615724304215642 -0.019811409387771092 0.012641873615313926
leaf_weight=512.90135750174522 2113.3238033354282 411.76116728782654 3031.4633172154427 609.22377806901932 1456.0781147181988 2106.0304553210735 235.58361157774925 1732.5890478044748 7296.5181940495968 2223.8598393946886 176.19435830414295 2112.1887425333261 559.62405759096146 1859.0284771323204 651.90571029484272 655.22388401627541 656.77721974253654 11.128416001796721 319.49635404348373 36.306221753358841 3893.0167959928513 41.181885600090027 18.190972745418549 2894.5332093834877 1326.3222229778767 1271.8429216146469 218.39091159403324 1228.1062181591988 41.737858191132545 385.69651807844639
leaf_count=1724 6213 1496 8957 1704 8755 13443 707 7559 20997 10182 525 10772 1716 7092 2264 2111 2199 33 1011 142 12845 119 53 8808 4113 4892 660 4187 138 1242
internal_value=0.00032134 -0.0051684 0.00196096 -6.16428e-05 -0.00191187 -0.00754885 -0.00393331 -0.000628942 0.00401017 -0.00745884 0.0039577 -0.0104424 0.000798861 -0.00240306 0.00344935 0.00226462 0.00111908 0.00190884 -0.000804662 0.00596709 0.00304532 0.00535612 0.0262195 0.00405916 0.00160601 -0.00185421 0.014368 0.004182 0.00492103 0.00689199
internal_weight=40086.2 9219.07 30867.2 15534.5 10637.6 6590.15 7606.17 3926.23 15332.7 3679.94 4896.83 4218.22 2628.92 2371.93 2193.64 8036.18 5863.48 5208.26 2302.6 1541.73 4502.24 2172.7 59.3729 2905.66 1645.82 1831.47 394.585 1306.15 1269.84 797.458
internal_count=146659 42377 104282 58625 42891 33031 33934 14997 45657 18937 15734 24215 9346 8816 7438 24660 18275 16164 7323 5174 14549 6385 172 8841 5124 6608 1185 4467 4325 2738
is_linear=0
shrinkage=0.05


Tree=84
num_leaves=31
num_cat=0
split_feature=32 32 32 17 32 16 15 15 34 15 0 28 8 7 35 31 31 32 30 7 33 15 0 27 35 17 25 35 35 28
split_gain=133.186 84.5546 79.9685 39.2491 37.2846 35.0259 33.9559 19.4587 14.2531 13.7568 12.7928 12.7552 11.765 11.5037 11.2729 10.9653 10.9563 10.8348 12.4256 10.8144 12.1448 10.6505 10.6275 10.1241 13.6695 12.6226 11.022 9.84358 9.76829 13.0226
threshold=-0.55043593049049366 1.0000000180025095e-35 -0.52605235576629628 -0.046912869438529008 1.8167446851730349 -0.74197486042976368 -0.41816000640392298 0.99852281808853161 0.5572263002395631 -0.55645433068275441 -0.46268670260906214 -0.74281468987464894 -1.4068140983581541 -1.2995544672012327 -0.036857793107628815 -0.53261977434158314 -0.53261977434158314 -0.56480154395103443 -0.35696427524089808 1.8529434204101565 0.092131376266479506 0.72742068767547619 0.28612594306468969 -0.036140358075499528 1.7796550393104555 1.1853023171424868 -0.25753434002399439 -2.2696633338928218 -0.80696669220924366 -0.36432264745235438
decision_type=2 2 2 2 2 2 2 2 2 2 2 2 2 2 2 2 2 2 2 2 2 2 2 2 2 2 2 2 2 2
left_child=17 2 5 9 28 11 16 8 14 -4 -10 -2 -8 -11 -7 -16 -6 27 21 20 -5 -19 -23 25 -25 26 -9 -1 29 -3
right_child=1 4 3 19 6 7 12 23 10 13 -12 -13 -14 -15 15 -17 -18 18 -20 -21 -22 22 -24 24 -26 -27 -28 -29 -30 -31
leaf_value=-0.014582975593129441 -0.0029192273739796367 0.016139803223939247 -0.018075059611227458 -0.0015182627455099958 -0.012770755439555538 -0.00037778588781093642 0.0063033024119812688 -0.005781722378672742 -0.0066719773429829779 0.0046372157018916204 0.0043033533528402512 -0.016362971188327208 -0.00070314528464805368 -0.011517910166199444 -0.010298798481792229 -0.0028173275010253984 -0.0025237155678860738 0.004776775636483252 0.0022455184234066697 0.010845975150037435 -0.0081530034705405933 0.0094717723659148226 0.029058411392127559 0.011790687678765168 -0.0051749460764374871 -0.0071551768704542183 0.02832782091310574 0.0061236006849544741 0.0034327426965133283 0.0052656272390906207
leaf_weight=58.033159971237183 279.1507066488266 386.97955936193466 878.48541840910912 1228.9325899928808 716.19789080321789 2482.9143387675285 801.51585456728935 40.809266924858093 319.47734124958515 116.83821339905262 1571.5230897963047 479.50548634678125 2373.0611361414194 1937.7427900284529 730.5922044813633 1485.7577253878117 410.30424836277962 1992.5823576748371 8557.1359993517399 108.50390832126141 1572.0347710251808 335.66053676605225 87.258454412221909 676.96595764160156 143.97878843545914 255.26835831999779 56.436801075935364 5222.1111555099487 3758.745445638895 954.22801494598389
leaf_count=182 1327 1125 6716 5167 4465 9257 2839 127 1124 645 5610 2943 9370 12506 3186 5547 1705 5931 25559 460 7209 975 250 2023 447 782 175 14970 11246 2791
internal_value=0.000546963 -0.0018384 -0.00425106 -0.00875671 0.00184819 -0.00116221 -0.0015806 -0.000160196 -0.00121646 -0.0128383 0.00244911 -0.0114163 0.00106584 -0.0105992 -0.00269151 -0.0052835 -0.00903849 0.004035 0.00313947 -0.00464202 -0.00524199 0.00630636 0.013513 0.00577191 0.00881522 -0.00131543 0.0140138 0.00589602 0.00473988 0.00840316
internal_weight=40018.7 23765.9 14364.9 5842.54 9401.03 8522.38 4301.08 7763.72 6590.26 2933.07 1891 758.656 3174.58 2054.58 4699.26 2216.35 1126.5 16252.8 10972.6 2909.47 2800.97 2415.5 422.919 1173.46 820.945 352.514 97.2461 5280.14 5099.95 1341.21
internal_count=146659 98792 65251 32703 33541 32548 18379 28278 24724 19867 6734 4270 12209 13151 17990 8733 6170 47867 32715 12836 12376 7156 1225 3554 2470 1084 302 15152 15162 3916
is_linear=0
shrinkage=0.05


Tree=85
num_leaves=31
num_cat=0
split_feature=29 28 29 28 14 26 28 28 16 15 31 31 16 2 29 24 26 31 15 12 16 39 31 15 29 12 24 35 24 31
split_gain=334.172 189.58 116.67 98.6088 90.41 79.8961 57.3652 52.7004 43.1487 42.8166 37.93 32.8666 30.3353 25.07 22.9156 21.715 20.8938 20.1957 19.6587 18.1115 18.039 15.6648 14.8459 13.8841 13.7289 12.4374 12.3045 12.3656 14.2679 11.6906
threshold=-0.56731906533241261 -0.55081871151924122 -0.73537117242813099 -0.32576616108417505 -0.46129611134529108 0.15863803774118426 -0.74281468987464894 -0.33570362627506251 -0.15049669891595838 -0.21668356657028195 -0.56003680825233448 -0.54124015569686879 0.12977330386638644 -1.1365108489990232 -0.74461004137992848 -0.12153971567749976 -0.28928498923778528 1.7859630584716799 -0.4824289977550506 0.62339606881141674 1.8570302128791811 1.236170291900635 -0.54526427388191212 -1.2218816876411436 -0.37246233224868769 -0.42328423261642451 -0.090876162052154527 0.32866813242435461 -0.071051619946956621 1.8477053046226504
decision_type=2 2 2 2 2 2 2 2 2 2 2 2 2 2 2 2 2 2 2 2 2 2 2 2 2 2 2 2 2 2
left_child=2 6 14 7 -4 10 16 8 23 -8 -5 18 22 -7 21 -15 -2 -13 -12 -16 -11 -1 -6 -3 -25 -9 -14 28 -28 -19
right_child=1 3 4 5 12 13 9 25 -10 20 11 17 26 15 19 -17 -18 29 -20 -21 -22 -23 -24 24 -26 -27 27 -29 -30 -31
leaf_value=-0.011875452987067664 0.0017341318609111291 0.0098862886689314346 0.015414255200019359 -0.0100672695252881 0.011250215758890325 -0.015369475191038715 0.012068793352579588 -0.009331251565237916 -0.0096271468592738843 0.0037091416006069357 0.016168478718627255 -0.0040433337972025163 -0.0046710043760064685 -0.017874960044443354 0.0016284237838329375 -0.004047126082460396 -0.0085445415973951239 0.0080060959898322244 0.0050746982376803605 -0.01108823101571677 -0.012774814511046083 0.0084432640027795446 0.0052334137360507491 -0.0050478544371976349 0.0010796523962000898 -0.015135425209830682 0.0057927961600054761 0.0079104170984043674 -0.0054621543835654505 -0.0022285455754478731
leaf_weight=690.95486810803413 961.99762079119682 189.17896783351898 3276.918369576335 605.75041699409485 1871.9974412173033 747.59729844331741 2053.9871541261673 1458.9126501381397 5264.9858109951019 2971.4704700410366 486.06733718514442 1726.785934984684 687.035504758358 311.73513771593571 2854.9333507120609 3181.664128318429 1017.1596347689629 784.40435396134853 2237.8817097246647 310.44086280465126 175.78835678100586 109.95261722803116 2266.4705492854118 4773.4961211979389 1130.6528115570545 2512.4583910703659 526.11610439419746 793.20571276545525 605.84612828493118 433.05827635526657
leaf_count=2076 2703 526 12417 1913 6480 2306 7304 4606 16901 8585 1689 5046 1913 1055 7922 9556 2950 2437 6697 925 507 328 6817 14128 3364 8788 1471 2286 1709 1254
internal_value=-0.000746769 -0.00349065 0.0057287 -0.00548745 0.00859996 -0.00175833 0.00369647 -0.00804533 -0.00631183 0.00645328 0.00182505 0.00309596 0.00529216 -0.00705943 -0.00153046 -0.00528106 -0.00354845 -0.000566204 0.0070543 0.000381251 0.00278844 -0.009086 0.00795506 -0.0034472 -0.00387443 -0.0130032 0.00107339 0.00312339 -0.000231052 0.00436558
internal_weight=47018.9 33025 13993.9 25844.6 10027.6 10514.9 7180.4 15329.7 11358.3 5201.25 6273.95 5668.2 6750.67 4241 3966.28 3493.4 1979.16 2944.25 2723.95 3165.37 3147.26 800.907 4138.47 6093.33 5904.15 3971.37 2612.2 1925.17 1131.96 1217.46
internal_count=146659 102315 44344 80266 33093 31953 22049 48313 34919 16396 19036 17123 20676 12917 11251 10611 5653 8737 8386 8847 9092 2404 13297 18018 17492 13394 7379 5466 3180 3691
is_linear=0
shrinkage=0.05


Tree=86
num_leaves=31
num_cat=0
split_feature=32 17 32 32 32 15 12 15 35 12 4 15 23 6 33 17 23 14 23 35 15 4 3 15 17 12 33 31 35 12
split_gain=126.392 95.2464 74.4624 58.906 52.3717 25.9883 24.2613 21.6896 38.1036 20.901 18.6149 21.7395 17.7054 16.4787 12.7591 11.2496 16.4785 14.7123 10.8639 14.4051 10.8628 10.7937 11.9495 10.5006 11.6795 10.968 13.7127 11.2271 10.3127 9.99398
threshold=-0.55043593049049366 0.18826775252819064 1.0000000180025095e-35 1.8167446851730349 -0.52605235576629628 -0.86315050721168507 1.7661835551261904 -0.27410610020160669 1.3370198011398318 -0.23814254254102704 0.12808495759963992 0.051322452723979957 0.45305794477462774 1.3510809540748598 -0.88786378502845753 1.6235178709030154 2.3423361778259282 2.3059233427047734 0.56773942708969127 0.35120424628257757 -0.4936701357364654 0.50215119123458873 -0.14117633551359174 -0.083711370825767503 -0.027945538982748982 1.0113947391510012 1.255914628505707 1.8477053046226504 -1.8732155561447141 -1.2207691669464109
decision_type=2 2 2 2 2 2 2 2 2 2 2 2 2 2 2 2 2 2 2 2 2 2 2 2 2 2 2 2 2 2
left_child=9 2 4 29 5 -2 10 8 -6 14 11 -3 -9 -10 -1 16 17 23 -13 -20 -5 22 -16 24 -11 -25 -27 -28 -18 -4
right_child=1 6 3 20 7 -7 -8 12 13 15 -12 18 -14 -15 21 -17 28 -19 19 -21 -22 -23 -24 25 -26 26 27 -29 -30 -31
leaf_value=0.015711699276808266 -0.016300957148503676 0.018216386726504146 -0.011134864972590142 -0.01008013234846023 -0.015596040718733412 -0.0029476510108222514 0.0090078852968705943 -0.0045118721608208767 0.12932693369404094 0.0061663972159735018 -0.0021380942070153191 0.004026649769350364 -0.015698594651898174 0.021890753084417632 0.0035625615962573071 0.011252576231636559 0.035205541817425738 -0.020457571079523396 0.00052511661050820362 -0.015614236616076221 -0.0034426179450985361 0.0048057899877862074 -0.0016968453430609731 0.0032133870663422718 0.013986644791062734 0.01272325469529275 0.0020037499869454546 -0.034872925959387145 -0.0078542977779813908 0.0044144768710687775
leaf_weight=156.41836196184158 393.27984517812729 228.88651059567928 106.38455787301064 928.21069809794426 2072.6354323029518 4956.3735308647156 1182.9240305870771 1311.5408053249121 5.9298019409179679 2169.7647306621075 2555.7228927612305 3021.153569072485 484.31875830888748 8.9653048068284971 1629.8981439173222 725.11721789836884 14.524981796741484 55.465552508831024 1101.1186096668243 158.10754112899303 1835.0058723986149 1609.1198349893093 3200.9562750756741 4760.077225714922 612.14713373780251 647.80618876218796 129.54930263757706 24.551235347986221 325.69995018839836 3606.8841139823198
leaf_count=470 2401 683 328 5084 14384 20656 3603 6952 31 6380 9124 9944 2546 46 5047 2015 41 157 3584 538 8084 4935 10039 13838 1736 1826 366 70 947 10804
internal_value=0.000330435 -0.0019703 -0.00425466 -0.000144489 -0.00713772 -0.00392932 0.00238065 -0.0115575 -0.0150234 0.00376231 0.00127102 0.0032032 -0.00752878 0.0646615 0.00160175 0.00526811 0.00477158 0.00520854 0.0024004 -0.00150133 -0.00567227 0.00125904 7.76436e-05 0.00537915 0.00788721 0.00412471 0.00953429 -0.00387143 -0.00601597 0.00396899
internal_weight=40018.5 23957.4 15709.5 6476.49 9233.04 5349.65 8247.91 3883.39 2087.53 16061.1 7064.99 4509.27 1795.86 14.8951 6596.39 9464.7 8739.59 8399.36 4280.38 1259.23 2763.22 6439.97 4830.85 8343.9 2781.91 5561.98 801.907 154.101 340.225 3713.27
internal_count=146659 98792 71316 24300 47016 23057 27476 23959 14461 47867 23873 14749 9498 77 20491 27376 25361 24373 14066 4122 13168 20021 15086 24216 8116 16100 2262 436 988 11132
is_linear=0
shrinkage=0.05


Tree=87
num_leaves=31
num_cat=0
split_feature=28 28 28 14 24 26 15 28 26 7 14 15 15 35 24 18 12 35 6 16 23 13 13 35 24 24 12 16 39 11
split_gain=105.498 45.487 42.5343 54.6328 33.4108 26.1219 20.3053 17.4681 15.4346 13.862 13.108 11.8426 11.6587 14.9823 10.241 9.80769 9.49226 9.36703 9.2446 14.6377 13.6123 9.92246 8.55039 11.962 8.65029 9.07952 13.038 8.53134 10.1055 9.90705
threshold=-0.50947284698486317 -0.32576616108417505 -0.74893552064895619 -0.046431811526417725 -0.15649059414863584 0.53804919123649608 -0.61530113220214833 -0.70986980199813832 3.4315838813781743 -1.4787589907646177 0.98872205615043651 -0.22683454304933545 -0.33735868334770197 -1.0418204665184019 1.9687851071357729 -0.15661865472793576 -0.093785662204027162 -0.8895992338657378 1.771749794483185 -0.43012367188930506 1.6014351248741152 -0.99069264531135548 -1.7633451223373411 0.53362613916397106 -0.10540226846933363 0.35978923738002783 -1.0122237801551817 0.46212233603000646 -1.507859945297241 0.98999601602554332
decision_type=2 2 2 2 2 2 2 2 2 2 2 2 2 2 2 2 2 2 2 2 2 2 2 2 2 2 2 2 2 2
left_child=2 8 10 6 -3 12 -4 -8 11 15 -1 17 13 -6 -9 -7 -14 -2 21 20 -20 -19 23 -15 -24 -26 -27 28 -18 -29
right_child=1 4 3 -5 5 9 7 14 -10 -11 -12 -13 16 22 -16 -17 27 18 19 -21 -22 -23 24 -25 25 26 -28 29 -30 -31
leaf_value=1.0273096348880159e-05 0.0092351930301839014 0.0086610243439234035 -0.015440191962892395 -0.00085428175159010388 0.021057111146116664 0.029666834429900063 -0.0019717265191211298 -0.010632541907997686 0.023693417487799677 0.0019747564548142807 0.01274585209612776 0.0049107265401136229 0.0016434862298705566 0.0033901909714527841 0.03816802394337631 0.0084357681613422223 0.0090339101802470161 -0.0029813177310268682 0.0112847536938692 -0.0057140310551864358 0.055512532976193796 0.0021541952761516868 0.0034501883290905173 0.062987680716142289 -0.0068738856942352072 0.045654242844927362 0.00028134887187245987 0.0045838063299105209 -0.0048233797276933544 -0.0044792672900861074
leaf_weight=2992.6860872358084 444.18286782503128 1005.4040171205997 1167.3178797438741 2877.9562788456678 56.122776031494141 67.683181658387184 926.15337528288364 1879.6365168914199 97.020566269755363 2781.6559185534716 216.66820669174194 8950.4301797002554 2355.9043888151646 45.856229223310947 10.812410861253737 277.07327857613564 139.1932874917984 1147.3352989405394 346.32582193613052 136.00201888382435 18.317456319928169 5219.2422616109252 256.4479992389679 10.313058756291865 2691.7221649214625 17.459877759218216 169.8988724052906 756.44829908013344 2400.9388403594494 501.39637830853462
leaf_count=10509 1314 2902 8151 11388 203 211 3905 11340 291 9212 634 26635 9365 202 59 865 512 3539 1043 420 56 16269 845 45 12546 59 711 2617 9074 1737
internal_value=0.000544656 0.0020358 -0.00388121 -0.00610342 -0.00010859 -0.000812367 -0.00989537 -0.00759736 0.00380984 0.00314685 0.000870071 0.00369121 -0.00212895 -0.0045526 -0.0103534 0.0126039 -0.000849831 0.00219831 0.00174315 0.00828517 0.0135065 0.00122871 -0.00500292 0.0143327 -0.0053493 -0.00613309 0.00450963 -0.00239645 -0.00406403 0.000971125
internal_weight=39963.6 29892.4 10071.2 6861.88 13533.5 12528.1 3983.92 2816.6 16358.9 3126.41 3209.35 16261.8 9401.7 3247.82 1890.45 344.756 6153.88 7311.41 6867.22 500.645 364.643 6366.58 3191.7 56.1693 3135.53 2879.08 187.359 3797.98 2540.13 1257.84
internal_count=146659 100673 45986 34843 51106 48204 23455 15304 49567 10288 11143 49276 37916 14611 11399 1076 23305 22641 21327 1519 1099 19808 14408 247 14161 13316 770 13940 9586 4354
is_linear=0
shrinkage=0.05


Tree=88
num_leaves=31
num_cat=0
split_feature=32 37 22 15 15 17 32 32 32 22 22 22 32 15 22 22 32 17 26 17 11 41 3 22 40 34 22 22 21 17
split_gain=466.002 210.655 108.057 59.8645 56.6407 53.6616 51.3055 31.9854 32.0854 31.2992 29.7494 29.38 28.8739 28.5676 27.0417 24.9519 22.6842 19.14 19.0768 18.6464 17.3656 16.1945 17.0096 15.1832 15.0281 14.6209 14.5847 17.3512 13.6809 13.653
threshold=-0.55043593049049366 -0.61308032274246205 -0.40989206731319422 -0.34135290980339045 -0.39759270846843714 -0.027945538982748982 1.9011231660842898 1.0000000180025095e-35 1.8167446851730349 -0.3786234557628631 -0.42728608846664423 -0.3786234557628631 -0.56480154395103443 -0.922773778438568 2.4396792650222783 2.3404433727264409 -0.56480154395103443 0.53880113363266002 -0.086528994143009172 1.3262790441513064 0.089744947850704207 0.57437843084335338 -0.51910951733589161 -0.41827584803104395 -3.4149692058563228 -2.2158759832382198 2.6582129001617436 2.4396792650222783 0.49686206877231603 -1.3278285861015318
decision_type=2 2 2 2 2 2 2 2 2 2 2 2 2 2 2 2 2 2 2 2 2 2 2 2 2 2 2 2 2 2
left_child=5 6 4 9 10 12 7 18 -9 -4 -3 19 -1 -12 -13 -11 -7 23 -2 28 -18 22 -14 -6 -8 -10 27 -17 -5 -24
right_child=1 2 3 11 17 16 24 8 25 15 13 14 21 -15 -16 26 20 -19 -20 -21 -22 -23 29 -25 -26 -27 -28 -29 -30 -31
leaf_value=-0.0099734174742547952 0.0066230452141060291 -0.012921200615451404 0.015786232305919405 0.0075593174569224836 -0.0067386113382202325 -0.016808114213898939 -0.021731362306770863 -0.012265289465168734 -0.01664288785649588 -0.01087655150317475 0.017603749917466015 -0.0054235545900158146 -0.01041044145718157 0.0052572007984503987 0.0072619518190860438 0.0058587799957531715 -0.0050757573319682916 -0.0057659102896445305 -0.0046991704479494301 -0.0021651265686541783 -0.012121769413331561 -0.0088753611384043314 0.015990739948747772 0.0012614575711253442 0.0042504096571091042 -0.0018983496053037461 -0.029547667293425429 0.017264126203402678 0.019287868590374336 -0.0020814538603656694
leaf_weight=2781.5721855163574 579.62122732400894 201.92944234609604 3024.2390895336866 4906.9725697636604 676.24974617362022 1638.5375674515963 57.692950218915939 2695.1760258674622 188.91563361883163 170.78529733419418 530.02230671048164 1013.6271125972271 631.25926941633224 4037.2549729347229 717.46303248405457 929.85988530516624 1299.7831024825573 1719.8328225016594 1038.78963509202 478.32118651270866 2672.3929921090603 1321.3123679459095 106.90932443737984 4822.6647587716579 1575.8112444281578 1528.316002458334 23.756140738725662 519.91925524175167 261.90838128328323 4651.205307841301
leaf_count=9027 1694 613 12589 15448 2030 6125 157 8968 598 493 1944 2867 1866 12052 2208 2768 4184 4979 2946 1281 8954 3950 293 13202 4749 4297 65 2033 811 13468
internal_value=-0.000753421 0.00269038 0.00499209 0.00833643 0.00163131 -0.00798151 -0.0045276 -0.00665666 -0.00886194 0.0127675 0.00585965 0.00553273 -0.00569014 0.00668999 -0.000165953 0.00721532 -0.0118581 -0.00116222 -0.000644207 0.0072796 -0.00981616 -0.00391473 -0.00269853 0.000277619 0.00333277 -0.00352042 0.0093122 0.00994896 0.00815361 -0.00167539
internal_weight=46802.1 31699.1 24034.8 12046.9 11988 15103 7664.32 6030.82 4412.41 4668.56 4769.21 7378.29 9492.26 4567.28 1731.09 1644.32 5610.71 7218.75 1618.41 5647.2 3972.18 6710.69 5389.37 5498.91 1633.5 1717.23 1473.54 1449.78 5168.88 4758.11
internal_count=146659 98792 75383 40563 34820 47867 23409 18503 13863 17948 14609 22615 28604 13996 5075 5359 19263 20211 4640 17540 13138 19577 15627 15232 4906 4895 4866 4801 16259 13761
is_linear=0
shrinkage=0.05


Tree=89
num_leaves=31
num_cat=0
split_feature=29 16 12 22 29 32 15 15 31 39 40 31 35 12 15 18 16 14 28 13 9 11 35 12 25 12 15 22 31 31
split_gain=118.115 43.913 42.3425 44.7425 32.2934 29.4228 21.9258 16.6903 16.0465 29.7231 15.3026 13.7006 13.1247 13.0766 15.8585 11.1635 14.4186 14.5269 10.6523 10.1561 10.3819 9.5459 9.49305 9.937 9.98148 9.3715 12.3027 9.23594 9.76394 12.8166
threshold=-0.64168971776962269 0.096864044666290297 0.78525015711784374 -0.41827584803104395 -0.73537117242813099 -0.55043593049049366 -0.51068514585494984 -0.60875511169433583 -0.54124015569686879 0.92818883061409008 -0.45230364799499506 -0.54869693517684925 -0.28117825090885157 -0.13056355714797971 -0.19222407788038251 1.2398821115493777 0.096864044666290297 0.26723612844944006 -0.06233719736337661 -1.1399093270301817 -0.83308160305023182 0.42479716241359716 1.3370198011398318 -0.28098516166210169 1.2700143456459048 2.111241459846497 1.2744119763374331 2.6582129001617436 -0.56003680825233448 -0.54526427388191212
decision_type=2 2 2 2 2 2 2 2 2 2 2 2 2 2 2 2 2 2 2 2 2 2 2 2 2 2 2 2 2 2
left_child=1 4 3 13 12 -5 27 -6 11 -10 -3 -8 -1 19 -15 16 -13 -18 -16 20 -2 -21 -9 24 -24 -4 -27 28 -7 -30
right_child=2 10 25 5 7 6 8 22 9 -11 -12 15 -14 14 18 -17 17 -19 -20 21 -22 -23 23 -25 -26 26 -28 -29 29 -31
leaf_value=0.0048484717705620205 0.015976750333040392 0.0065581092399679564 0.005040689955381086 0.0030375026606089808 -0.014603656974224721 0.0032583464913637709 0.004015438411139975 -0.0079413400669001901 0.0041862821056458431 -0.0060816526085878961 -0.0017380466886063543 -0.0060944868326189448 -0.0041857013148272311 0.010202612847335263 0.0025522648708847032 -0.012168745361602524 0.0080551782796296073 -0.0029073655826908355 0.0090771823857696259 0.0010768649830965255 0.0036933596457736821 -0.02264634648438343 0.020563182700540753 -0.00067884011311720809 0.10653630829993155 0.028271897010734848 0.0087665110596808829 0.019382875010862582 -0.017005058207301655 -0.0065705720175405352
leaf_weight=513.6935059428215 216.75671973824501 798.89662183821201 3732.3450647592545 3291.3117125928402 1171.396801173687 178.03494304418564 562.28352254629135 2884.5916224718094 2474.1006134003401 985.56485606729984 1826.9987158477306 2056.4544154852629 1849.3618714362383 1119.6694403588772 3963.6424314975739 407.13174811005592 435.86947540938854 985.37387773394585 742.7208366394043 6214.4561783969402 833.49638102948666 42.695656031370163 11.549321144819261 39.541286185383797 4.7705689072608939 88.971962004899979 884.57602024078369 31.678537115454674 387.52476492524147 1223.1297364532948
leaf_count=1724 652 2735 11320 9893 8117 530 1639 15837 8331 4153 6611 10442 7092 3212 11471 1858 1788 3722 2145 18943 2549 124 57 181 23 256 2560 106 2840 5748
internal_value=0.000337732 -0.00466791 0.00181403 0.00102835 -0.00687972 -0.00104889 -0.00243158 -0.0095566 -0.00129255 0.00126123 0.000785958 -0.00327928 -0.0022218 0.00308741 0.00485436 -0.00433511 -0.00341803 0.000454647 0.00358198 0.00167867 0.00622847 0.00091499 -0.00754599 0.0128692 0.0456945 0.00618026 0.0105491 -0.00737896 -0.00785292 -0.00908112
internal_weight=39958.6 9100.8 30857.8 26151.9 6474.9 13018.5 9727.15 4111.85 7906.78 3459.67 2625.9 4447.11 2363.06 13133.4 5826.03 3884.83 3477.7 1421.24 4706.36 7307.4 1050.25 6257.15 2940.45 55.8612 16.3199 4705.89 973.548 1820.37 1788.69 1610.65
internal_count=146659 42377 104282 90146 33031 51050 41157 24215 31933 12484 9346 19449 8816 39096 16828 17810 15952 5510 13616 22268 3201 19067 16098 261 80 14136 2816 9224 9118 8588
is_linear=0
shrinkage=0.05


Tree=90
num_leaves=31
num_cat=0
split_feature=32 34 22 22 15 17 22 31 35 16 21 15 15 7 34 35 6 35 22 26 23 35 25 22 36 23 7 13 39 23
split_gain=104.174 64.3571 56.0133 37.7573 30.934 22.1271 15.2929 14.0876 14.0678 34.3529 15.0459 14.98 13.7608 17.341 13.0559 13.2215 12.9029 12.3437 11.8081 12.5381 12.3422 11.1479 11.0012 10.9175 12.6218 11.5671 10.2579 10.2321 9.75251 12.9682
threshold=-0.55043593049049366 -0.67024084925651539 -0.40989206731319422 -0.3786234557628631 -0.17713180929422376 -0.70181003212928761 2.391140460968018 1.8477053046226504 1.6889176964759829 0.35394202172756201 0.27666854858398443 0.93435448408126842 -0.43875919282436365 2.0690565109252934 0.46981404721736914 1.3811109662055971 -0.58340126276016224 0.50522008538246166 -0.42406351864337916 0.50185248255729686 -1.2993503808975218 0.40749019384384161 0.56289130449295055 -0.42728608846664423 0.5005207657814027 -1.0150322914123533 -0.96588268876075734 -1.2567815780639646 1.5706862807273867 0.45305794477462774
decision_type=2 2 2 2 2 2 2 2 2 2 2 2 2 2 2 2 2 2 2 2 2 2 2 2 2 2 2 2 2 2
left_child=12 18 5 4 -4 23 -5 -8 17 22 -11 -12 13 -1 16 -16 26 -6 -2 -20 -21 -18 27 -3 -25 -26 -7 -10 -17 -30
right_child=1 2 3 6 8 14 7 -9 9 10 11 -13 -14 -15 15 28 21 -19 19 20 -22 -23 -24 24 25 -27 -28 -29 29 -31
leaf_value=0.00034439226120829919 0.0081512460953625555 0.0051101314669477153 -0.013232915858226954 0.0041292317247931549 -0.0038214199792777461 -0.0025586079238907279 -0.0056126888453878103 0.0063490561869583434 -0.0098987085042958854 -0.012044213075413424 0.0594646321976013 -0.00731298312756917 0.0042944750008341841 0.015698418268060576 0.0054784945427271995 -0.0053191501330258247 -0.001800322007670972 -0.010993138024740279 -0.00040292319745499129 0.065739937482706567 0.0045042731278711898 -0.010007403700549072 0.015071100982491363 -0.0093382230183777348 -0.035286711370697804 0.021378647445205439 0.0042544633235696459 0.06851413418415378 0.036761941787023432 -0.01009611263209035
leaf_weight=4190.6351122260094 887.93269801139832 177.81600910425186 2307.1107275113463 788.9410482943058 1606.3828320503235 855.13094897568226 1847.6447815597057 283.97537696361542 4.8538672029972068 144.28881296515465 16.317994967103004 17.304038524627686 11923.468649357557 192.33450907468796 1807.6875806450844 528.26179940998554 3207.7250039428473 957.66928039491177 2674.9138069152832 8.2606823742389661 2115.9489663392305 475.0446443259716 28.21878257393837 1185.834809564054 10.646552927792071 58.442639276385307 1560.9919217228889 29.118724122643471 33.293938979506493 26.532593250274658
leaf_count=12547 2558 528 16828 2325 7755 2917 8782 1002 22 614 69 71 34772 564 6351 1710 11709 4738 9990 26 6827 1696 121 6369 55 294 5291 127 108 85
internal_value=0.000339316 -0.00178087 -0.00324874 -0.00635317 -0.00894456 -0.000737078 -0.00181799 -0.00401914 -0.00541633 0.00615671 -0.00502525 0.0250966 0.00341384 0.00101816 0.000232371 0.0033599 -0.000996191 -0.00650004 0.00285452 0.00187453 0.00474241 -0.00285896 0.0381449 -0.00648491 -0.00812786 0.0126466 0.00184313 0.0573108 -0.0031523 0.0159808
internal_weight=39952.7 23646.3 17959.2 8031.83 5111.27 9927.41 2920.56 2131.62 2804.15 240.102 177.911 33.622 16306.4 4382.97 8494.67 2395.78 6098.89 2564.05 5687.06 4799.12 2124.21 3682.77 62.1914 1432.74 1254.92 69.0892 2416.12 33.9726 588.088 59.8265
internal_count=146851 98968 79567 42454 30345 37113 12109 9784 13517 1024 754 140 47883 13111 29867 8254 21613 12493 19401 16843 6853 13405 270 7246 6718 349 8208 149 1903 193
is_linear=0
shrinkage=0.05


Tree=91
num_leaves=31
num_cat=0
split_feature=32 37 17 31 31 31 31 17 31 31 17 16 31 36 31 32 14 41 32 17 36 35 32 36 32 11 18 27 14 27
split_gain=412.169 185.872 107.483 66.2031 70.5797 53.14 52.8481 51.5252 47.2657 33.5317 31.399 28.6625 26.1594 22.4462 22.4139 21.7654 21.3465 21.1181 20.9665 19.9958 18.1102 16.9295 15.1761 15.0428 14.6412 14.1353 13.2105 12.5595 15.481 15.2124
threshold=-0.55043593049049366 -0.44070318341255182 0.20819934457540515 -0.54869693517684925 -0.54124015569686879 -0.54124015569686879 -0.54869693517684925 -0.2302126660943031 1.8225664496421816 1.8477053046226504 -0.60238161683082569 0.089079048484563841 -0.54526427388191212 0.76153647899627697 -0.52100145816802967 -0.56480154395103443 -0.47282481193542475 -1.1659187674522398 -0.52605235576629628 -0.80533674359321583 -2.7822217941284175 1.6135346293449404 1.0000000180025095e-35 2.3886033296585087 -0.56480154395103443 0.90129181742668163 1.2168913483619692 -0.404692992568016 -1.0980138182640073 -0.070381101220846162
decision_type=2 2 2 2 2 2 2 2 2 2 2 2 2 2 2 2 2 2 2 2 2 2 2 2 2 2 2 2 2 2
left_child=7 3 5 -2 11 6 -3 13 14 16 -8 -5 -12 24 19 -9 -10 -6 23 -7 -13 -18 -20 -4 -1 -14 -22 28 -26 -29
right_child=1 2 18 4 17 8 10 15 9 -11 12 20 25 -15 -16 -17 21 -19 22 -21 26 -23 -24 -25 27 -27 -28 29 -30 -31
leaf_value=-0.0071030453460163767 -0.01007493775154715 -0.0025327726018630563 -0.0033852969874642765 0.0066196112483437571 -0.015326500005817097 0.010235337487325306 0.016609684231277053 -0.014814218389577633 0.016175765334885649 0.00059005585484942598 0.01170163496931699 -0.015138715548070242 0.0049900105784159579 -0.012321444455357265 -0.01898661127658266 -0.0088582675463909338 0.0082976640452339639 -0.0049101227984065139 0.0033766452779629219 -0.00071309818602546371 -0.0015732166985550234 -0.016764198693448282 -0.0071276295823936107 -0.018849557326753964 0.0070724860560057142 -0.029520405516887623 0.007748974166913023 0.0035155014543451334 -0.0061050648704341851 -0.0057164100361194927
leaf_weight=2005.4858770370483 2606.8529362082481 778.91510087251663 2386.3654169440269 2340.9847953617573 675.58504110574722 483.01503548026085 1948.6207282096148 2089.2459811866283 1060.4601477235556 1204.5375438332558 3636.2581873387098 208.01999101042747 1849.0486141145229 828.3708727657795 149.43921011686325 5770.9683896005154 2005.1087801903486 1739.3526674211025 2388.8840731680393 3053.1032251119614 1962.8087887465954 69.727342814207077 401.66249904036522 168.35081359744072 251.73823010921478 30.155795723199844 471.28333866596222 1509.3554457724094 1944.2239761352539 633.52000287175179
leaf_count=6437 8627 2282 6708 7552 2140 1534 7977 7752 3961 3306 13357 585 5246 2557 424 18725 6487 5041 6707 8301 5431 204 1190 495 709 82 1331 4259 5623 1821
internal_value=-0.000829147 0.00241146 0.0050197 -0.00322316 -0.000808795 0.0070408 0.00986048 -0.00764507 0.00414467 0.00768078 0.0111538 0.00259102 0.00922619 -0.00458075 -1.91788e-05 -0.0104414 0.0104049 -0.00782413 -0.00113154 0.0007824 -0.000978428 0.00745543 0.00186469 -0.00440436 -0.00357005 0.00443622 0.000231725 -0.00193704 -0.00459443 0.000786178
internal_weight=46651.4 31618.5 21613.7 10004.9 7398.03 16268.4 8243 15032.9 8025.39 4339.83 7464.08 4983.1 5515.46 7172.69 3685.56 7860.21 3135.3 2414.94 5345.26 3536.12 2642.11 2074.84 2790.55 2554.72 6344.32 1879.2 2434.09 4338.84 2195.96 2142.88
internal_count=146851 98968 68261 30707 22080 53161 28944 47883 24217 13958 26662 14899 18685 21406 10259 26477 10652 7181 15100 9835 7347 6691 7897 7203 18849 5328 6762 12412 6332 6080
is_linear=0
shrinkage=0.05


Tree=92
num_leaves=31
num_cat=0
split_feature=32 17 32 32 32 15 15 35 15 41 17 34 23 15 17 15 20 28 4 16 6 8 24 33 13 10 34 39 8 23
split_gain=100.408 89.3959 67.4067 54.6123 45.731 27.7163 18.7239 22.4043 14.5006 14.1685 13.946 13.6481 13.5644 11.3781 11.1563 14.8088 10.9003 12.0226 10.514 10.9264 10.0231 9.91276 14.5451 11.5193 11.0383 10.2006 9.82183 9.72103 15.2709 9.56722
threshold=-0.55043593049049366 0.20819934457540515 1.0000000180025095e-35 1.8167446851730349 -0.52605235576629628 -0.83893945813179005 -0.26873028278350825 1.3370198011398318 -0.4936701357364654 -0.66245681047439564 -0.38720710575580591 -2.2158759832382198 0.45305794477462774 -0.44524389505386347 2.5391933917999272 2.503979086875916 -0.44563330709934229 -0.29639063775539393 1.0738122463226321 -0.26207743585109705 -0.27973678708076471 1.058685898780823 -0.12661322951316831 2.0032337903976445 -0.55955776572227467 -0.023122729733586308 0.18539848923683169 -0.012365585658699272 -1.0110595822334287 -0.32031004130840296
decision_type=2 2 2 2 2 2 2 2 2 2 2 2 2 2 2 2 2 2 2 2 2 2 2 2 2 2 2 2 2 2
left_child=10 2 4 11 5 -2 7 -6 -5 20 18 -4 -8 -12 15 21 -17 -18 -1 -20 -3 24 -23 -24 25 -15 -7 -16 -29 -13
right_child=1 9 3 8 6 26 12 -9 -10 -11 13 29 -14 14 27 16 17 -19 19 -21 -22 22 23 -25 -26 -27 -28 28 -30 -31
leaf_value=0.00097488797045611284 -0.015154223120198497 0.0053248284533512066 0.056875065137760743 -0.010221079758176623 -0.014269625212035867 -0.00012164761255403256 -0.0042408958248906217 0.047232293170581904 -0.0025215662028451919 0.0011681521770109619 0.012493408806574237 0.0012768153129093405 -0.013946714911504324 0.0067391960950963243 0.0025765013053292828 -0.031737339111962172 -0.022809403928993027 0.033498723470184226 0.0050382905519287986 0.029020805579825771 0.061847127648688438 -0.007894140583159643 0.001213250995375507 0.01351178475741148 0.0037708165859237173 0.018051989841259497 -0.0045807119250345692 0.057738950842746543 0.015287634245999477 0.0063623140991929204
leaf_weight=4762.5686522722244 458.02734206616879 3157.9361978024244 12.266600519418715 905.91708333790302 2016.4853598847985 2531.0016300678253 1340.3719150573015 14.917451754212378 1881.601555660367 4868.2571131438017 445.37938195466995 1697.2274629771709 492.15564927458763 2308.0009172856808 121.06214669346809 49.919264942407608 20.065645724534988 17.968769758939743 167.63444066047668 66.267223209142685 7.8629298806190482 375.44259747862816 1197.239737868309 226.40156930685043 5948.1486418843269 218.09096911549568 2411.6289940327406 24.276102632284164 166.35799121856689 2032.1397536545992
leaf_count=14771 2818 9861 35 5086 14504 10369 7157 73 8296 16792 1286 5074 2622 6764 332 140 56 50 507 196 23 1119 3535 649 17337 616 10193 66 459 6065
internal_value=0.000629009 -0.0014326 -0.0036169 0.000274122 -0.00635907 -0.00338772 -0.0105122 -0.013818 -0.00502383 0.0028614 0.00367736 0.0042211 -0.00684755 0.0046634 0.00433666 0.00405628 -0.0163729 0.0037925 0.00148319 0.0118328 0.00546521 0.00423118 0.000860352 0.00316909 0.00494681 0.00771589 -0.00229733 0.0136569 0.0206936 0.00404791
internal_weight=39942.6 23827.8 15793.7 6529.15 9264.59 5400.66 3863.93 2031.4 2787.52 8034.06 16114.8 3741.63 1832.53 11118.4 10673 10361.3 87.9537 38.0344 4996.47 233.902 3165.8 10273.3 1799.08 1423.64 8474.24 2526.09 4942.63 311.696 190.634 3729.37
internal_count=146851 98968 72292 24556 47736 23380 24356 14577 13382 26676 47883 11174 9779 32409 31123 30266 246 106 15474 703 9884 30020 5303 4184 24717 7380 20562 857 525 11139
is_linear=0
shrinkage=0.05


Tree=93
num_leaves=31
num_cat=0
split_feature=28 28 14 28 14 24 15 35 6 15 12 20 31 31 31 12 35 15 10 35 30 15 12 24 9 34 37 37 12 13
split_gain=93.6795 37.102 36.4034 33.7234 28.8446 24.5315 18.5081 16.8449 15.7992 14.9819 13.8146 12.6588 12.6068 17.1037 15.8466 12.0861 11.5054 11.2138 11.0129 10.1688 10.1674 9.91328 10.0556 10.2018 9.80524 12.2544 9.51531 9.13391 10.8684 9.12768
threshold=-0.56616526842117298 -0.70393428206443776 -0.18581615388393399 -0.29639063775539393 1.0191146135330202 -0.11465539783239363 0.36967641115188604 0.53362613916397106 1.8048242926597597 -0.1061229109764099 1.3438533544540407 3.6495593786239628 -0.56003680825233448 -0.54124015569686879 1.7240150570869448 -0.52157211303710926 -0.8895992338657378 -0.56783229112625111 -0.99355152249336232 -0.43003617227077479 1.0210086703300478 2.3063796758651738 2.111241459846497 -0.049085516482591622 0.20540641248226169 -0.67024084925651539 -2.9626005887985225 0.62066027522087108 0.52364361286163341 -1.7279089689254759
decision_type=2 2 2 2 2 2 2 2 2 2 2 2 2 2 2 2 2 2 2 2 2 2 2 2 2 2 2 2 2 2
left_child=1 4 -3 9 7 19 12 -1 10 16 11 -8 15 17 -15 -7 -2 18 -14 26 29 22 23 -11 -17 -26 -5 28 -18 -16
right_child=3 2 -4 5 -6 6 8 -9 -10 21 -12 -13 13 14 20 24 27 -19 -20 -21 -22 -23 -24 -25 25 -27 -28 -29 -30 -31
leaf_value=-0.0036091252250876043 0.008502295874156093 -0.012503164718842386 -0.0030971922115610919 -0.040093522477844708 0.011966437530961471 0.01249316546246323 0.0027384406319189039 0.0038235477477520808 0.019338748311994326 0.0037674457331458456 -0.003725395257053904 0.028455284345961125 0.072750134290624394 0.0028917903566976332 0.016191969621935236 -0.006580059935977745 0.0008025599940244669 -0.0046264194009296563 -0.014410818284970098 0.0029004473894135938 0.0044469784452761873 0.013723813600255902 -0.0072797673699122895 0.0083494778302507268 0.037870736122391835 0.0014840560845504154 0.012172641611463591 0.0049563267502107412 -0.0174773564892849 -0.0053706228328469271
leaf_weight=4181.6147911176085 598.93432748317719 1947.5517384707928 2180.2259148955345 8.8626259565353376 383.31753468513489 264.35445749759674 2517.1571246683598 932.22480484843254 125.5509535074234 5868.2304855883121 990.13714547455311 48.778928175568581 3.6577387079596511 1666.2279703468084 50.335000798106194 274.81098836660385 6955.4406137317419 2753.7046347483993 393.96007560938597 1279.0844328999519 345.7582935616374 298.40107707679272 178.92380608618259 1531.9059183001518 30.463824272155762 96.238640278577805 499.31647083163261 1442.4872774854302 82.274498134851456 1967.3865653499961
leaf_count=16949 1775 13593 9696 26 1139 785 8597 3277 404 17508 3278 151 30 5708 205 805 21777 12431 2605 3728 1476 894 539 4558 88 282 1447 4443 244 8413
internal_value=0.000344172 -0.00395263 -0.00753508 0.00171032 -0.00126258 -0.000172892 -0.00101789 -0.00225419 0.00190689 0.00318917 0.00129144 0.00322732 -0.00239014 -0.00300042 -0.000842519 0.00419132 0.00180479 -0.0057598 -0.013609 0.00527767 -0.00347517 0.00478473 0.00443278 0.00471597 -0.00127458 0.0102327 0.0112611 0.00133177 0.000588858 -0.00483271
internal_weight=39897.3 9624.93 4127.78 30272.4 5497.16 13315.8 11528.5 5113.84 3681.62 16956.6 3556.07 2565.94 7846.9 7181.03 4029.71 665.868 9079.14 3151.32 397.618 1787.26 2363.48 7877.46 7579.06 7400.14 401.513 126.702 508.179 8480.2 7037.72 2017.72
internal_count=146851 44654 23289 102197 21365 50459 45258 20226 12430 51738 12026 8748 32828 30868 15802 1960 28239 15066 2635 5201 10094 23499 22605 22066 1175 370 1473 26464 22021 8618
is_linear=0
shrinkage=0.05


Tree=94
num_leaves=31
num_cat=0
split_feature=32 37 15 31 31 17 28 32 28 15 32 32 32 36 3 15 32 36 41 32 15 23 16 25 0 17 17 32 32 3
split_gain=371.335 167.819 99.7064 60.4149 65.2114 48.0918 37.4762 37.1993 36.1798 34.2185 32.9484 26.6213 24.4423 22.9711 22.0984 22.094 21.8359 19.7668 19.6132 19.1051 17.268 17.0198 15.6292 15.223 16.0642 14.7687 14.568 14.1647 12.6713 12.5558
threshold=-0.55043593049049366 -0.44070318341255182 -0.11781527474522589 -0.54869693517684925 -0.54124015569686879 0.083397664129734053 -0.74281468987464894 -0.52605235576629628 -0.57727560400962818 -0.47721654176712031 1.0000000180025095e-35 -0.52605235576629628 1.0000000180025095e-35 0.76153647899627697 -0.43043898046016688 -0.57248303294181813 1.8167446851730349 -2.7822217941284175 -1.1659187674522398 -0.54039704799652089 1.7873002886772158 0.75228035449981701 -0.49402657151222223 -0.34350962936878199 0.28612594306468969 -0.64242482185363758 -0.82656124234199513 1.8167446851730349 -0.56480154395103443 0.32799524068832403
decision_type=2 2 2 2 2 2 2 2 2 2 2 2 2 2 2 2 2 2 2 2 2 2 2 2 2 2 2 2 2 2
left_child=5 3 6 -2 9 13 -3 19 15 -5 11 26 20 14 -1 -8 -12 -11 -6 22 21 -9 -4 25 -25 -16 -10 -14 -7 -27
right_child=1 2 7 4 18 28 8 12 10 17 16 -13 27 -15 23 -17 -18 -19 -20 -21 -22 -23 -24 24 -26 29 -28 -29 -30 -31
leaf_value=-0.010264195195653069 -0.0096737378141362098 0.0011161724491619996 0.040524725430333919 0.013804614651049455 -0.014815231715945744 -0.015487947700026922 0.016054325896055432 0.0044849482171078082 0.01655227094070523 -0.014062473137169039 -0.0044547447215014758 0.012981697884898617 -0.012340404371819123 -0.011337259100175315 -0.00023456079110358171 0.0090738334508511983 0.0086514017837308384 0.0017044589377620716 -0.0047486916801842945 -0.0061913121120422097 -0.0079785116528130091 0.012877547096677714 0.00011032480507214562 0.0019856399943122259 -0.0049838427291607106 -0.0047637451055821253 0.0039450439499341518 0.0010456566048383928 -0.0098102495397093155 -0.011392207279817247
leaf_weight=1388.2923380732536 2591.0312712788582 1862.4351267814636 24.191101580858231 587.42043586075306 670.7527117729187 1410.7375176697969 2020.4537592679262 3066.2243942320347 253.37583345174789 208.7228955924511 997.47501236200333 1838.7454664260149 318.70318830013275 1410.0613420903683 1022.4100403189659 2582.3511723428965 466.40560683608055 4174.7878063321114 1736.6929108798504 2020.3777296841145 229.64955177903175 752.30581215023994 2153.8927547931671 1981.4762270450592 1418.8153422772884 1970.6423714756966 2395.4906529635191 520.18877705931664 3238.660754352808 1120.7409758865833
leaf_count=4330 8627 5226 68 2181 2140 5407 8323 9155 913 589 2883 7195 1001 4487 3040 9175 1557 12129 5041 5699 617 2226 5910 5906 4320 5994 6822 1491 10916 3483
internal_value=-0.000826294 0.00225668 0.00474281 -0.00310546 -0.000798911 -0.00731122 0.00765528 0.000762491 0.00880918 0.00247231 0.00623472 0.00835952 0.00372789 -0.00540781 -0.00446864 0.012138 -0.000279008 0.000953709 -0.00755339 -0.00268928 0.00533757 0.00613841 0.000559191 -0.00339786 -0.000922466 -0.00544392 0.00515098 -0.00403984 -0.011533 -0.00716681
internal_weight=46433.5 31471.7 21502.3 9969.41 7378.38 14961.8 12416.7 9085.53 10554.3 4970.93 5951.49 4487.61 4887.07 10312.4 8902.38 4602.8 1463.88 4383.51 2407.45 4198.46 4048.18 3818.53 2178.08 7514.08 3400.29 4113.79 2648.87 838.892 4649.4 3091.38
internal_count=146851 98968 68261 30707 22080 47883 42094 26167 36868 14899 19370 14930 14490 31560 27073 17498 4440 12718 7181 11677 11998 11381 5978 22743 10226 12517 7735 2492 16323 9477
is_linear=0
shrinkage=0.05


Tree=95
num_leaves=31
num_cat=0
split_feature=29 29 28 15 16 17 17 28 33 28 15 16 15 39 35 28 16 34 17 15 23 35 8 38 40 33 40 10 14 21
split_gain=88.0773 46.0659 34.9216 31.9284 31.7074 24.7889 23.8156 20.6312 20.0738 19.5667 19.5484 16.3878 13.0725 12.6761 18.2184 12.6272 12.6586 11.9715 11.629 18.292 11.5813 15.6815 10.8642 10.7955 10.9381 10.7913 15.0297 11.841 10.4824 10.0514
threshold=-0.64469286799430836 -0.7315705120563506 -0.4805584698915481 -0.7652524709701537 0.20244501531124118 -0.22492343187332151 0.20819934457540515 -0.32576616108417505 -0.79021298885345448 -0.74281468987464894 0.042559698224067695 -0.0069091338664293281 0.15741334855556491 0.40353441238403326 -0.51613751053810109 -0.74281468987464894 3.2629762887954716 0.14654500782489779 2.3294630050659184 2.503979086875916 -0.52875629067420948 0.086132969707250609 2.0265775918960576 0.27815233170986181 0.51812234520912182 0.073318503797054305 -0.14075815677642819 -0.065930899232625947 -0.50849449634551991 -0.33522084355354304
decision_type=2 2 2 2 2 2 2 2 2 2 2 2 2 2 2 2 2 2 2 2 2 2 2 2 2 2 2 2 2 2
left_child=1 3 5 8 28 9 7 12 -1 -2 13 17 -4 14 -8 -7 -17 23 19 -12 21 -14 -15 24 25 -5 27 -27 -3 -21
right_child=2 4 6 11 -6 15 10 -9 -10 -11 18 -13 20 22 -16 16 -18 -19 -20 29 -22 -23 -24 -25 -26 26 -28 -29 -30 -31
leaf_value=0.045680138694905364 2.1908761315594924e-05 -0.015168695144041773 0.0033099172582572375 0.0027727981406485656 -0.00042749456047504501 0.0060222164061732491 0.0076767763011543564 -0.00097761992778545317 -0.010830524697057538 -0.009709170704367073 0.0039183714232944025 0.0049715728401838596 -0.00036909273389056335 0.0016391019012344382 0.03080329834306237 -0.0012718134299962408 0.025981262022606373 -0.0050380817132485234 0.010363371830659069 -0.03153196491431455 0.0017130315340988245 -0.020597300707493108 0.059279664102175091 -0.0051770793723346573 0.062758536996912362 0.030877904812860762 0.0057382596628472371 0.12019965992051887 -0.0085863449379083908 0.0003900474801554501
leaf_weight=16.026872426271439 853.79389233887196 895.69180246442556 10403.145658791065 1073.2038580626249 1025.7860461622477 905.85646218061447 161.30961462855339 5325.1749728173018 807.06698106229305 1307.924695417285 7140.7018560320139 1633.0912906676531 213.05190318822861 193.15441699326038 180.39168141782284 2586.1370788067579 43.322147786617279 1223.9532439559698 701.39073568582535 56.460500538349152 576.95635515451431 174.10780917108059 8.5361360013484937 428.28975106775761 7.9057352095842353 8.8693206012248975 26.042306631803513 6.3788354396820059 1862.6187918633223 43.78188481926918
leaf_count=52 3084 6704 31630 4239 4004 2768 455 20225 4292 7939 21669 5262 622 552 510 10230 126 5162 1995 161 1710 515 25 1789 29 38 110 24 10806 124
internal_value=0.000617601 -0.00373044 0.00188714 -0.000690429 -0.00793269 -0.00164795 0.00268702 0.00159061 -0.00973018 -0.00586578 0.00484379 0.00099764 0.00279373 0.0140186 0.0198858 0.000931103 -0.0008228 -0.00134133 0.00421607 0.00362062 -0.00277606 -0.00946583 0.00407862 0.00157651 0.00415357 0.00373785 0.0288211 0.0682443 -0.0107238 -0.0175897
internal_weight=39890.1 9014.92 30875.2 5230.83 3784.1 5697.03 25178.2 16692.4 823.094 2161.72 8485.73 4407.73 11367.3 543.392 341.701 3535.32 2629.46 2774.64 7942.33 7240.94 964.116 387.16 201.691 1550.69 1122.4 1114.49 41.2905 15.2482 2758.31 100.242
internal_count=146851 42511 104340 20997 21514 24147 80193 54702 4344 11023 25491 16653 34477 1542 965 13124 10356 11391 23949 21954 2847 1137 577 6229 4440 4411 172 62 17510 285
is_linear=0
shrinkage=0.05


Tree=96
num_leaves=31
num_cat=0
split_feature=32 37 22 17 22 15 22 31 22 34 19 15 7 2 7 35 22 15 9 21 7 19 25 23 25 35 35 35 3 38
split_gain=83.5179 55.6466 50.2053 23.3218 22.5973 32.0057 14.8692 15.3749 14.2146 13.8902 12.0988 12.063 15.9324 12.7596 11.9912 11.8297 11.5453 11.4866 14.0706 10.8138 11.2824 10.7142 10.3732 10.2247 11.2514 9.99159 9.82767 9.76069 9.73322 10.7298
threshold=-0.55043593049049366 -0.56515938043594349 -0.40989206731319422 -0.82656124234199513 -0.3786234557628631 -0.088561426848173128 2.391140460968018 1.8477053046226504 -0.42406351864337916 0.46981404721736914 -0.51402568817138661 -0.43875919282436365 2.0690565109252934 0.26432894170284277 1.9010542035102846 1.3811109662055971 -0.42728608846664423 0.089023407548666014 -2.5210473537445064 5.0049631595611581 -2.2036743164062496 -0.86570233106613148 1.275335490703583 0.45305794477462774 -0.4102900475263595 -0.72010931372642506 -1.56621778011322 -2.7307931184768672 -0.90076753497123707 -0.7033897042274474
decision_type=2 2 2 2 2 2 2 2 2 2 2 2 2 2 2 2 2 2 2 2 2 2 2 2 2 2 2 2 2 2
left_child=11 16 3 8 5 -4 -6 -8 -3 10 -5 12 -1 -14 25 -11 -2 19 -19 20 21 -18 -20 24 -12 28 -24 -26 -7 -30
right_child=1 2 4 9 6 14 7 -9 -10 15 23 -13 13 -15 -16 -17 17 18 22 -21 -22 -23 26 -25 27 -27 -28 -29 29 -31
leaf_value=0.00019928768245728001 0.0077094931692660478 0.0076884456630011699 -0.012305152683858164 -0.0037268946509367872 0.0055413548063319761 -0.0076190658604821729 -0.0062081714229255749 0.0064042698567125314 -0.012181686348165355 0.0051859999617411938 -0.0020395339143864468 0.0039108344254953041 0.082390865951713785 0.012430643955295549 0.014873562773088565 -0.0030330073966771194 0.078467313789396267 0.023201096945290853 0.0023159507019143728 0.020034164980630889 -0.0017464963642324365 0.012056518883270723 0.038391375614933408 -0.0067569453115040173 0.055683256420353815 -0.0062308795559531246 0.006859637653379819 0.0042853013307482561 0.058483092942605744 0.0067816550912529307
leaf_weight=4196.1455116569996 799.8743340075016 105.32677912712097 2430.7967479750514 2675.0223289728165 483.26867231726646 139.24550385773182 1591.8222892805934 284.87534838914871 618.80032452940941 1852.3796219974756 1061.5739495903254 11959.468664348125 6.753020465373992 186.80906164646149 79.627005144953728 573.29163362085819 6.6827760189771643 86.893767848610878 3249.2425507903099 60.750690385699272 2979.6747671961784 66.587174996733665 38.364504396915436 384.17322789132595 9.2900649309158307 2012.577466070652 69.436510682106018 1615.7084804326296 10.52805373072624 214.36257979273796
leaf_count=12547 2310 312 18052 10085 1417 570 7751 1002 3757 6562 3917 34772 20 544 343 1857 22 284 10637 222 11273 221 113 1419 27 9680 212 5961 46 916
internal_value=0.000343669 -0.00156557 -0.00320817 -0.000691352 -0.00629748 -0.00823766 -0.00227966 -0.00429365 -0.00929151 7.07662e-05 -0.00126865 0.003088 0.000846249 0.0148714 -0.00421247 0.00324349 0.00203835 0.00134661 0.00333638 -0.000854198 -0.00126986 0.0181137 0.0028222 0.000872799 0.00196383 -0.00485191 0.0180812 0.00457914 0.00276964 0.00920201
internal_weight=39849.4 23500.2 16142.7 8895.57 7247.1 4887.14 2359.97 1876.7 724.127 8171.44 5745.77 16349.2 4389.71 193.562 2456.34 2425.67 7357.51 6557.63 3443.94 3113.7 3052.94 73.27 3357.04 3070.75 2686.57 2376.71 107.801 1625 364.136 224.891
internal_count=146851 98968 73674 33897 39777 29607 10170 8753 4069 29828 21409 47883 13111 564 11555 8419 25294 22984 11246 11738 11516 243 10962 11324 9905 11212 325 5988 1532 962
is_linear=0
shrinkage=0.05


Tree=97
num_leaves=31
num_cat=0
split_feature=32 37 22 17 17 17 31 31 31 15 22 22 15 17 31 15 32 36 36 23 35 32 15 16 32 15 31 22 12 22
split_gain=337.733 154.05 101.138 56.4926 44.7988 44.6495 36.3962 50.2112 27.3873 27.9341 25.7008 34.86 24.09 22.1187 22.2437 20.8138 20.1005 19.7096 17.1377 14.7783 14.312 13.599 13.3923 13.146 12.9642 12.9335 12.8357 11.9265 11.878 11.8132
threshold=-0.55043593049049366 -0.61308032274246205 -0.40989206731319422 0.074986636638641371 -0.2302126660943031 -0.66175144910812367 -0.54869693517684925 -0.54124015569686879 -0.56003680825233448 -0.9422127604484557 -0.3786234557628631 2.391140460968018 -0.49913963675498957 0.37577587366104132 -0.56003680825233448 -0.55645433068275441 -0.56480154395103443 0.76153647899627697 -2.7822217941284175 0.45305794477462774 1.8843143582344057 -0.56480154395103443 0.40687091648578649 0.20244501531124118 -0.54039704799652089 1.0324622988700869 1.8477053046226504 -0.41279751062393183 0.80886450409889232 2.6582129001617436
decision_type=2 2 2 2 2 2 2 2 2 2 2 2 2 2 2 2 2 2 2 2 2 2 2 2 2 2 2 2 2 2
left_child=4 6 5 10 17 8 -2 12 -3 -10 15 -12 -8 14 -7 -4 -6 21 -14 27 -17 -1 -15 -9 -16 -24 -5 -11 -18 -13
right_child=1 2 3 26 16 13 7 23 9 19 11 29 18 22 24 20 28 -19 -20 -21 -22 -23 25 -25 -26 -27 -28 -29 -30 -31
leaf_value=-0.0066285704892546848 -0.0097090336204398251 -0.0070751734609612931 0.016766734605621454 0.0028936485023032536 -0.013892650797159524 -0.013186802979148725 0.015564376258723346 -0.0047414179228419395 0.021401111989448426 0.0092110063761206996 -0.0074991211848785102 0.0087061116685272673 -0.013723157635507084 -0.013900278912229525 0.0039118340874848175 0.010027375954687263 -0.007056892670353733 -0.01145319351006647 0.001086631282326584 0.015792508801572503 -0.036473675998122727 -0.0016366827398742998 0.0007038751915920021 -0.013344747857913669 -0.00049465853518175105 -0.0078675261853259296 -0.015276318089065509 -0.00013803263406600379 -0.013011716779481715 -0.022986539596851034
leaf_weight=1992.4780174195766 2073.4293831884861 302.87923714518547 1490.0164890438318 3756.0801472365856 2049.1892999410629 280.54973477125168 275.43407219648361 926.38750028610229 373.63760085403919 616.15345951914787 421.38768529891968 2073.7000369429588 207.71276581287384 363.62877658009529 2679.9711061120033 3933.9552728235722 4690.5558145046234 819.2271571457386 3279.808669090271 331.42631021142006 16.616726666688919 4327.6186450719833 927.65268927812576 852.73765331506729 4425.5191560387611 837.36449608206749 99.778424263000488 764.2551181614399 1019.4300901591778 29.82576909661293
leaf_count=6437 7088 898 6812 10730 7752 865 988 2684 1485 2310 1241 6831 588 1021 7679 14631 15146 2557 9414 1082 50 12412 2622 2736 12155 2486 285 2204 3579 83
internal_value=-0.000816857 0.00212945 0.00411556 0.00739142 -0.0070146 0.000862187 -0.00405784 -0.00194359 0.00697439 0.00901485 0.00979626 0.00562722 0.00132886 -0.000672082 0.00062211 0.0117311 -0.00964458 -0.00415627 0.000204577 0.00631133 0.00983179 -0.00321043 -0.00516271 -0.00886501 0.00116733 -0.00336259 0.00242346 0.00403497 -0.00812003 0.00825674
internal_weight=46238.4 31339.9 23724.4 11821.4 14898.5 11903 7615.51 5542.08 2388.35 2085.47 7965.5 2524.91 3762.96 9514.69 7386.04 5440.59 7759.18 7139.32 3487.52 1711.83 3950.57 6320.1 2128.65 1779.13 7105.49 1765.02 3855.86 1380.41 5709.99 2103.53
internal_count=146851 98968 75470 40663 47883 34807 23498 16410 7979 7081 29648 8155 10990 26828 20699 21493 26477 21406 10002 5596 14681 18849 6129 5420 19834 5108 11015 4514 18725 6914
is_linear=0
shrinkage=0.05


Tree=98
num_leaves=31
num_cat=0
split_feature=32 17 32 32 32 15 15 35 12 18 41 34 12 15 35 15 1 15 34 16 36 35 32 11 13 26 17 15 11 40
split_gain=81.5653 73.6127 53.7108 46.1444 38.2723 24.5108 17.7518 20.8395 16.0196 17.5274 14.9477 13.4798 12.6551 14.5485 12.5861 12.29 11.7075 10.9815 12.6265 11.0165 10.6849 10.454 10.1236 12.5106 10.1007 10.214 9.86516 13.2778 9.62286 10.5997
threshold=-0.55043593049049366 0.2281315550208092 1.0000000180025095e-35 1.8167446851730349 -0.52605235576629628 -0.96077492833137501 -0.26873028278350825 1.3370198011398318 1.7661835551261904 2.0257128477096562 -0.64893367886543263 -2.2158759832382198 -0.13056355714797971 -0.25230526924133295 2.0085384845733647 -0.49913963675498957 -3.4397181272506709 0.55569446086883556 0.46009038388729101 0.31967586278915411 -0.55918213725090016 -1.8732155561447141 -0.52605235576629628 -0.089237127453088746 -0.45474155247211451 -0.62793850898742665 2.5391933917999272 2.503979086875916 0.26020734012126928 -0.54324373602867115
decision_type=2 2 2 2 2 2 2 2 2 2 2 2 2 2 2 2 2 2 2 2 2 2 2 2 2 2 2 2 2 2
left_child=12 2 4 11 5 -2 7 -6 9 10 -3 -4 21 -14 16 -5 -10 18 -12 -19 24 -1 23 -20 -7 -26 27 -15 29 -23
right_child=1 8 3 15 6 20 -8 -9 14 -11 17 -13 13 26 -16 -17 -18 19 22 -21 -22 28 -24 -25 25 -27 -28 -29 -30 -31
leaf_value=0.036445715448573092 -0.021760575345651605 0.0051790639252609436 0.055046728126892 -0.0095582325745417543 -0.013284824320520073 -0.011622109147759119 -0.0060164324031931962 0.045520179077873472 0.021955192812548294 -0.012730370958414994 0.0069647919971568932 0.0036388232653716129 0.010524174021274858 0.0038084236487327481 0.020443469868573091 -0.0024108641663374095 0.0040789494619445843 -0.0096043721808576118 -0.012752231910111364 -0.00041418121240075845 -0.0029272327266043983 0.0098827597252037457 -0.0081609696774158167 0.0081819432187462734 0.060777124456401183 0.0093510541764238991 0.012645022785334643 -0.016001515986057431 -0.0095122211300092477 0.0016456680167045918
leaf_weight=21.85598149895668 168.37963481992483 2558.6034677922726 12.794663250446318 876.36683388799429 1946.8392301946878 58.739355355501175 1864.5351661145687 15.18354159593582 102.1039442718029 202.50136178731918 981.94143432378769 3786.8561193197966 952.62146615982056 6902.1389927268028 175.57285729050636 1917.2865931391716 889.55203066766262 399.28462040424347 91.631684839725494 1778.829064771533 4972.2928545698524 412.67574363946915 332.44099888205528 322.73858323693275 10.091580495238302 223.36584222316742 312.56220585107803 85.635795116424561 183.05505388975143 7287.6832673549652
leaf_count=63 1166 8041 36 5031 14504 214 10060 73 291 658 3490 11266 2710 19793 507 8477 2724 1399 304 5976 21415 1231 1450 1054 40 792 856 241 535 22454
internal_value=0.000604203 -0.00126417 -0.00322371 0.000225254 -0.0056796 -0.0029818 -0.00950988 -0.0128297 0.00270053 0.00175461 0.00220829 0.00381193 0.00334323 0.00471272 0.00810421 -0.00465299 0.00591954 0.000262733 0.00323823 -0.0020989 -0.00238118 0.00191351 -0.00166163 0.00355267 0.00691099 0.011574 0.00395438 0.00356565 0.00181777 0.00208711
internal_weight=39846.2 23687.9 15852.7 6593.3 9259.43 5432.87 3826.56 1962.02 7835.2 6667.97 6465.47 3799.65 16158.2 8252.96 1167.23 2793.65 991.656 3906.87 1728.75 2178.11 5264.49 7905.27 746.811 414.37 292.197 233.457 7300.34 6987.77 7883.41 7700.36
internal_count=146851 98968 73074 24810 48264 23627 24637 14577 25894 22372 21714 11302 47883 23600 3522 13508 3015 13673 6298 7375 22461 24283 2808 1358 1046 832 20890 20034 24220 23685
is_linear=0
shrinkage=0.05


Tree=99
num_leaves=31
num_cat=0
split_feature=28 15 28 28 17 24 35 33 29 15 24 15 29 33 28 35 35 7 37 29 12 28 26 3 26 30 23 39 35 14
split_gain=77.7872 31.5717 31.9022 27.455 22.8207 21.2313 14.7098 14.5962 13.3123 13.567 12.1287 11.4992 10.5718 10.228 11.4094 10.4662 9.79462 9.50159 9.48456 11.2848 10.9254 9.08853 9.04943 8.78902 8.76995 8.76215 8.75759 10.0524 8.73231 8.43798
threshold=-0.56616526842117298 0.70669168233871471 -0.74893552064895619 -0.29639063775539393 -0.64242482185363758 -0.15649059414863584 -0.068414565175771699 0.47626537084579473 -0.54371789097785939 -0.1061229109764099 -0.038377240300178521 1.7873002886772158 -0.7425892949104308 -0.51604774594306935 -0.70393428206443776 1.6889176964759829 -0.8895992338657378 0.044995790347456939 0.62066027522087108 3.7063885927200322 0.52364361286163341 -0.88338494300842274 0.51983368396759044 -0.92220300436019886 -0.26597180962562555 0.66298171877861034 2.1801403760910039 -1.619222819805145 0.53362613916397106 -1.0184851884841917
decision_type=2 2 2 2 2 2 2 2 2 2 2 2 2 2 2 2 2 2 2 2 2 2 2 2 2 2 2 2 2 2
left_child=1 2 28 8 -4 -5 22 10 11 16 -8 12 -2 -6 -15 -16 17 -10 19 20 26 -3 -7 -22 -23 -17 -18 -28 29 -1
right_child=3 21 4 5 13 6 7 -9 9 -11 -12 -13 -14 14 15 25 18 -19 -20 -21 23 24 -24 -25 -26 -27 27 -29 -30 -31
leaf_value=0.012112146598406905 0.0038611939716872452 0.018935393452124395 -0.01409587378712669 0.0068755704922807475 -0.00122205085323422 -5.8120294043820562e-05 -0.0058439280963014633 0.00011237017453246642 0.0093937339225909217 0.0047589549199919569 0.0019477049357692752 0.025409824198151462 -0.0099687855422883158 -0.0027899926502896735 -0.0093756349307809392 0.0055288419550864644 0.00083393105711182698 -0.02269250973703002 0.0052217124059510487 -0.01417440112597735 0.032924126086624865 -0.017733369102124887 0.0044333037212006777 -0.023113570759960091 0.0036402955356837187 0.066811516610612035 0.090588816354447821 0.0097924494811618256 0.005513157937195803 -0.00235452168320448
leaf_weight=105.4947696775198 204.18652515113354 93.173580646514893 925.73717395216227 1003.6833496391773 1075.3683433383703 3797.7079894915223 2881.1023470535874 3397.1712654978037 566.5051798671484 7527.8499682545662 604.19876822084188 31.598797231912613 427.45173405855894 1166.6930859386921 2223.019535638392 41.977348133921623 6432.1295494139194 24.052304551005363 1367.3709631562233 125.83905294537544 7.7631065249443045 50.238342598080635 1591.4465981572866 70.915073186159134 1073.8897627592087 6.7740308940410605 3.9250081777572623 200.6308485865593 508.19127932190895 2262.8150226771832
leaf_count=355 676 265 6962 2878 4830 15129 12071 12798 1659 22117 2488 101 2053 4787 13612 182 19761 71 4061 380 23 185 5095 211 3630 27 12 613 1625 8194
internal_value=0.000346825 -0.00359175 -0.00469262 0.00158744 -0.00694464 -0.000116221 -0.000688073 -0.0022199 0.0029186 0.00320068 -0.0044932 -0.00402549 -0.00549804 -0.005478 -0.00680903 -0.00887306 0.00186755 0.00808692 0.0014201 0.000660261 0.000938248 0.0039289 0.00126822 -0.0175844 0.00268509 0.0140441 0.00115783 0.0113428 -0.000433979 -0.00171011
internal_weight=39798.9 9533.37 8316.07 30265.5 5439.57 13275.3 12271.6 6882.47 16990.2 16327 3485.3 663.237 631.638 4513.83 3438.46 2271.77 8799.13 590.557 8208.57 6841.2 6715.36 1217.3 5389.15 78.6782 1124.13 48.7514 6636.69 204.556 2876.5 2368.31
internal_count=146851 44654 40574 102197 30400 50459 47581 27357 51738 48908 14559 2830 2729 23438 18608 13821 26791 1730 25061 21000 20620 4080 20224 234 3815 209 20386 625 10174 8549
is_linear=0
shrinkage=0.05


Tree=100
num_leaves=31
num_cat=0
split_feature=32 31 17 31 24 17 15 15 34 31 36 5 32 35 32 35 32 31 32 26 34 11 23 11 22 29 15 32 2 17
split_gain=304.189 136.356 129.649 79.8752 47.2932 42.267 40.5002 37.0169 25.7924 23.7547 20.4118 20.3791 20.1724 17.7682 17.6582 21.6084 17.4936 17.4781 20.4897 16.5994 16.4452 14.1746 14.146 13.9026 13.8055 13.1883 12.8549 15.8187 12.6339 12.1958
threshold=-0.55043593049049366 -0.54869693517684925 0.40261681377887731 -0.54526427388191212 -0.11213024333119391 0.083397664129734053 -0.922773778438568 -0.51595553755760182 -0.26974858343601221 -0.54526427388191212 0.76153647899627697 -0.43043898046016688 1.7705337405204775 -0.29734252393245691 -0.52605235576629628 1.8843143582344057 -0.54039704799652089 1.8225664496421816 1.8167446851730349 1.5084825754165652 0.9008149802684785 -0.25168700516223902 1.8012173771858218 1.0000000180025095e-35 -0.41168570518493647 0.53154218196868908 -0.50479483604431141 -0.56480154395103443 -0.44746366143226618 -0.72387123107910145
decision_type=2 2 2 2 2 2 2 2 2 2 2 2 2 2 2 2 2 2 2 2 2 2 2 2 2 2 2 2 2 2
left_child=5 12 3 7 -5 10 28 -3 29 -4 11 -1 -2 -9 16 17 20 18 -16 -11 -10 -14 -15 -17 -7 26 27 -13 -6 -8
right_child=1 2 9 4 6 24 8 13 14 19 -12 25 21 22 15 23 -18 -19 -20 -21 -22 -23 -24 -25 -26 -27 -28 -29 -30 -31
leaf_value=-0.009628500982570223 -0.012895574148282435 0.015907867587903479 0.00093543864787122555 -0.010039166268664947 -0.013727168962983413 -0.0090452596646082434 0.010552269454872221 0.0035087850019726199 0.006810630025957067 -0.0038353196452443374 -0.010545743876192192 -0.0065220559793881961 -0.00080306352781374336 0.0088211618507361023 -0.016345171066190007 -0.051197639718399295 0.0003615149134759564 0.010479916017339752 0.005119027600296245 -0.01179158060824851 -0.0039544014294561067 -0.0086325127663133393 0.024275612051451255 0.0050208748973497586 -0.015252817646770681 0.0022263392988707761 -0.0055369127411554198 0.0021094613966404167 0.01836802911426396 -0.0017450953591511985
leaf_weight=1376.7674606591463 1124.9931776821613 1661.1599608659744 2265.7854131758213 675.02916860580444 32.510071605443954 3358.9900532066822 216.02086441218853 1917.7230309396982 2799.4253151267767 3200.769210755825 1394.6498622000217 813.96171134710312 1151.8527871668339 3258.4204830229282 125.37208610773087 25.725507646799088 3580.8815690279007 2057.0523275583982 982.53929772973061 824.41235873103142 406.25645136833191 1160.4946859776974 155.11898067593575 19.208008885383606 1221.3493550717831 1036.2362235784531 4104.8840607404709 1525.8612744808197 539.30306281149387 3023.4985556453466
leaf_count=4330 3793 7689 6226 2097 101 11945 693 6230 8606 9275 4487 2615 3531 11496 354 74 9799 7450 2842 2515 1119 3918 536 55 4378 3103 12662 4363 2115 8454
internal_value=-0.000812284 0.00198992 0.00315286 0.00500207 0.00288325 -0.00670728 0.00351499 0.0093906 0.00295215 -0.0031597 -0.00492327 -0.00403801 -0.0074041 0.0073599 0.00420863 0.00726425 0.00276339 0.00775306 0.00269012 -0.00546487 0.00544638 -0.00473242 0.00952345 -0.0271656 -0.0107005 -0.00300916 -0.00385097 -0.000893212 0.0165433 -0.00092507
internal_weight=46036.3 31203.6 27766.2 21475.2 14482.8 14832.7 13807.8 6992.42 13236 6290.97 10252.4 8857.71 3437.34 5331.26 9996.46 3209.9 6786.56 3164.96 1107.91 4025.18 3205.68 2312.35 3413.54 44.9335 4580.34 7480.94 6444.71 2339.82 571.813 3239.52
internal_count=146851 98968 87726 69710 43759 47883 41662 25951 39446 18016 31560 27073 11242 18262 30299 10775 19524 10646 3196 11790 9725 7449 12032 129 16323 22743 19640 6978 2216 9147
is_linear=0
shrinkage=0.05


Tree=101
num_leaves=31
num_cat=0
split_feature=32 17 32 32 32 15 15 35 12 18 15 17 35 23 33 17 18 35 15 12 15 1 29 28 15 23 35 34 29 39
split_gain=72.8914 66.4619 47.8637 41.3475 34.8394 22.9664 16.527 19.2336 14.7947 16.4767 14.1837 14.2442 15.4082 13.5214 12.4899 11.8058 11.5635 11.5366 11.0806 10.891 11.5461 10.78 10.7166 15.1211 12.2034 10.5993 10.2456 11.6895 10.8127 10.1794
threshold=-0.55043593049049366 0.2281315550208092 1.0000000180025095e-35 1.8167446851730349 -0.52605235576629628 -0.83893945813179005 -0.26873028278350825 1.3370198011398318 1.7661835551261904 2.0257128477096562 0.39459976553916937 0.59146308898925792 0.83621153235435497 -1.2180223464965818 -2.1721512079238887 -0.38720710575580591 -1.4191297888755796 2.0085384845733647 -0.4936701357364654 -0.796879082918167 -0.44524389505386347 -3.4397181272506709 0.67871561646461498 -0.43045017123222346 0.014577959664165975 0.45305794477462774 2.7096775770187382 0.19166199862957004 -0.42927795648574824 1.0000000180025095e-35
decision_type=2 2 2 2 2 2 2 2 2 2 2 2 2 2 2 2 2 2 2 2 2 2 2 2 2 2 2 2 2 2
left_child=15 2 4 14 5 -2 7 -6 9 10 29 12 -12 22 -4 -1 -13 21 -5 -17 -21 -10 24 -24 -8 -15 27 -22 -29 -3
right_child=1 8 3 18 6 -7 13 -9 17 -11 11 16 -14 25 -16 19 -18 -19 -20 20 26 -23 23 -25 -26 -27 -28 28 -30 -31
leaf_value=0.0011621910118055658 -0.013796376023591961 0.0090160894302417551 0.04115901137102302 -0.0090810347364949414 -0.012758012507376777 -0.0018431124894297988 -0.011174958917909775 0.043004218486164744 0.021016793435791856 -0.0124039284068831 -0.00099050383452734046 -0.010104649520442736 -0.014507866702324283 -0.0041405817280861078 0.003371181825421505 -0.015062376485085131 0.003029244125533001 0.019543986953909315 -0.0022880260893802552 0.012247099045905794 0.0053507954945397531 0.0039080038398693782 0.022845700944885357 0.13763441214809885 0.03806959573952326 -0.012748902481646588 0.016455344981251362 -0.0034139841757330433 0.0029701232919082925 0.001093300014834305
leaf_weight=5012.4522843956947 437.15236397087574 1065.9388434290886 21.994436323642731 877.18683993071318 1911.1586219370365 4975.5083654671907 36.298114478588104 15.590102702379225 102.68147936463356 201.56103898584843 1008.1705801039934 176.55715268850327 266.55817936360836 1284.0827907174826 3785.0942276418209 73.790491908788681 3298.9512573033571 176.6223112642765 1901.8922721594572 429.59803456068039 5292.0443630516529 890.94763761758804 10.488201916217802 3.9492642730474463 19.253928899765015 495.60004976391792 159.71355384588242 779.97157329320908 4431.8723802864552 654.26073907315731
leaf_count=15474 2818 3510 62 5086 14504 20809 204 73 291 658 3535 587 1026 6983 11240 224 10640 507 8422 1228 15337 2724 56 20 95 2702 446 2307 12867 2416
internal_value=0.000592792 -0.00117833 -0.00304846 0.000204697 -0.00538012 -0.00280852 -0.00906595 -0.0123068 0.00258357 0.00167405 0.00211259 0.000703858 -0.00381712 -0.00569003 0.00358949 0.00317814 0.00236204 0.00776907 -0.00443217 0.00408302 0.00421037 0.00567602 0.015867 0.0542453 0.00589284 -0.0065378 0.0038866 0.00369549 0.00201472 0.00600274
internal_weight=39796.9 23617.5 15775.2 6586.17 9189.08 5412.66 3776.42 1926.75 7842.25 6672 6470.44 4750.24 1274.73 1849.67 3807.09 16179.4 3475.51 1170.25 2779.08 11167 11093.2 993.629 69.9895 14.4375 55.552 1779.68 10663.6 10503.9 5211.84 1720.2
internal_count=146851 98968 73074 24810 48264 23627 24637 14577 25894 22372 21714 15788 4561 10060 11302 47883 11227 3522 13508 32409 32185 3015 375 76 299 9685 30957 30511 15174 5926
is_linear=0
shrinkage=0.05


Tree=102
num_leaves=31
num_cat=0
split_feature=28 15 28 28 35 17 32 15 31 41 7 40 6 38 25 13 39 32 35 19 11 23 23 17 0 20 20 35 3 25
split_gain=70.1439 28.7669 28.7273 24.8497 21.8442 21.2229 17.0266 13.2787 11.2274 10.5535 10.5435 10.9579 10.0126 9.68738 11.647 9.58835 10.0057 9.52938 10.8815 11.7553 9.2215 8.89467 8.82339 13.177 8.1092 8.0843 9.47427 8.07021 8.26399 8.0651
threshold=-0.56616526842117298 0.70669168233871471 -0.74893552064895619 -0.024892879649996754 -0.57695847749710072 -0.64242482185363758 -0.52605235576629628 -0.17713180929422376 -0.54124015569686879 -0.15613707900047299 1.8092766404151919 3.4014381170272832 -1.8769857883453367 -0.94261690974235524 1.2700181603431704 -0.67464223504066456 0.63517197966575634 -0.55043593049049366 2.0085384845733647 -0.83850815892219532 -0.85971024632453907 -1.3277560472488401 -0.020182831212878224 -0.31372657418251032 -0.38813310861587519 -0.52453613281249989 -0.25105312466621393 0.53362613916397106 1.7021818161010744 -1.370319604873657
decision_type=2 2 2 2 2 2 2 2 2 2 2 2 2 2 2 2 2 2 2 2 2 2 2 2 2 2 2 2 2 2
left_child=1 2 27 7 8 -4 -6 12 20 15 -11 22 -2 -7 -15 -8 21 18 19 -3 -5 -17 23 -12 -16 -25 -27 -1 -29 -23
right_child=3 17 5 4 6 13 9 -9 -10 10 11 -13 -14 14 24 16 -18 -19 -20 -21 -22 29 -24 25 -26 26 -28 28 -30 -31
leaf_value=-0.0016527710695025668 -0.014557720445265482 -0.011865932898015605 -0.013579828984465941 0.023533188164801835 1.7497584447321531e-05 -0.0015152476405991466 0.0041799845875086237 0.0038625406918030708 0.0076112015689711494 -0.0086622812953500248 -0.022721710861778599 0.086680367821846738 0.0013935078013883812 -0.008617022066417351 0.042893897098986049 0.048661688113117968 0.065112122744767062 0.0024780686501096045 -0.023053166556732837 0.0352032363425673 0.00032551608152440624 0.039375710619546457 -0.0067364008840661059 -0.0070247463072301277 -0.0024888948021518963 0.10746066200653254 0.034052632861684681 0.006705606555939176 -0.023263023295673115 -0.006030768641377058
leaf_weight=2365.6807815730572 99.492191955447197 16.620620757341385 908.68377734720707 44.024126522243023 5713.7706073373556 1276.0992735251784 481.77128079533577 10142.118431985378 1061.6127313897014 1425.0246778652072 10.539979279041289 4.2303512543439856 8783.574256926775 2259.6485054120421 9.9476345181465131 7.6462183296680442 5.1148345917463294 1123.4898916780949 13.293736428022383 65.697433322668076 1543.664132617414 9.8937392532825452 63.228083021938801 5.9881776124238995 937.40075228363276 6.7164444029331234 12.719052299857138 485.27900889515877 24.148322999477386 846.49217802286148
leaf_count=8549 316 47 6962 151 19222 6309 2059 30907 3326 8084 80 16 28208 13019 40 37 25 3809 38 186 5575 29 339 29 4070 31 61 1552 73 3702
internal_value=0.000349214 -0.00340245 -0.00445982 0.001525 -0.000338695 -0.00661214 -0.00156246 0.00262631 0.00363064 -0.0046977 -0.00754353 0.00787141 0.00121485 -0.00519985 -0.006666 -0.00147789 -0.00461408 0.00376766 0.0189211 0.0256996 0.000969029 -0.00502684 0.00451035 0.0242834 -0.00201235 0.0437704 0.0594207 -0.000423498 0.00528501 -0.00550619
internal_weight=39753.6 9485.99 8266.89 30267.6 11242.4 5391.78 8593.14 19025.2 2649.3 2879.37 1528.45 103.422 8883.07 4483.1 3207 1350.92 869.147 1219.1 95.6118 82.3181 1587.69 864.032 99.1917 35.9637 947.348 25.4237 19.4355 2875.11 509.427 856.386
internal_count=146851 44654 40574 102197 42766 30400 33714 59431 9052 14492 8640 556 28524 23438 17129 5852 3793 4080 271 233 5726 3768 540 201 4110 121 92 10174 1625 3731
is_linear=0
shrinkage=0.05


Tree=103
num_leaves=31
num_cat=0
split_feature=29 29 26 29 16 12 31 31 24 31 16 29 14 31 16 28 31 31 24 12 2 35 8 16 18 16 2 25 25 31
split_gain=182.797 110.943 82.9748 79.7093 71.5898 32.3954 26.8588 30.5427 23.8649 22.6944 22.2432 21.0266 18.1408 18.0741 17.8683 17.3683 17.082 15.4221 14.9428 17.0559 15.7456 13.5705 13.0098 15.229 12.9786 12.4684 12.4438 12.4313 12.2735 12.2449
threshold=-0.4842399507761001 -0.34485784173011774 0.077932592481374754 -0.73537117242813099 -0.071731697767972932 -0.29155485332012171 -0.54124015569686879 -0.56003680825233448 -0.12055662646889685 1.7859630584716799 -0.88225236535072316 -0.35327951610088343 -0.40053792297840113 1.8775747418403628 0.11336148530244829 -0.58585885167121876 -0.52100145816802967 -0.54526427388191212 -0.083214901387691484 -0.92298763990402211 0.74479335546493541 -1.8732155561447141 0.12782279402017596 0.22245254367589953 0.70888769626617443 1.8570302128791811 -1.1693451404571531 1.2147065401077273 -0.89132779836654652 -0.58029967546463002
decision_type=2 2 2 2 2 2 2 2 2 2 2 2 2 2 2 2 2 2 2 2 2 2 2 2 2 2 2 2 2 2
left_child=3 5 6 14 10 18 7 -3 -4 16 -5 21 -9 -11 -1 25 -8 -12 19 22 -20 -7 23 -2 -14 -10 -17 -28 -23 -24
right_child=1 2 8 4 -6 11 9 12 15 13 17 -13 24 -15 -16 26 -18 -19 20 -21 -22 28 29 -25 -26 -27 27 -29 -30 -31
leaf_value=-0.00052428278850877167 -0.006582128747898295 -0.0058997254194613092 -0.014696467122934416 0.022923043931933534 0.001003156529771001 -0.018775230558126133 -0.00014554278720566634 0.010954715024823215 0.0014882336410257456 0.0089387883472381944 0.011745196333266084 -0.01250275131975285 0.0026794749245437816 -0.0039502874363243961 -0.0090212487008370559 -0.010745670394656081 -0.0085584557355124751 0.0066400482730364519 0.00067548396317160101 -0.0073802044106589405 -0.013698728208845507 0.0022809603836322721 0.019410486057955128 0.072102624502383958 0.010054652242332833 -0.013194946672441036 -0.0027775761005847202 -0.011204079919086639 -0.0068230610978671329 0.00059528235912112285
leaf_weight=3182.5826914012432 370.99129711091518 558.79160189628601 511.06418143212795 294.15263202786446 4081.2534530609846 224.57277350127697 2075.1902785748243 1528.9041032195091 1875.7916049957275 956.23358497023582 2601.6894320547581 2019.8933312892914 2580.9429858326912 380.10652014613152 768.03250816464424 829.41344614326954 850.72914186120033 3429.196879312396 2437.2546796351671 2605.367772385478 206.67163740098476 393.91418220102787 142.41010269522667 6.2530155181884757 775.83047159016132 156.65576305985451 3124.0685749948025 508.99792923033237 6150.2345522344112 220.14800389111042
leaf_count=8984 1113 1814 1782 1301 11883 776 5884 5804 5495 3142 10828 7523 7903 1071 2337 2602 2607 11444 7280 8179 649 1159 404 20 2506 471 9403 1696 20125 666
internal_value=-0.000805386 -0.00293715 -0.000146459 0.00387042 0.00616592 -0.00609325 0.00284662 0.00517374 -0.00429334 -0.00012597 0.00949722 -0.00802579 0.00644025 0.00527264 -0.00217616 -0.00347475 -0.00259165 0.00884238 -0.00325737 -0.00547772 -0.000448126 -0.00668979 0.00122228 -0.00527789 0.00438405 0.000356492 -0.0052197 -0.00395814 -0.00627506 0.00798575
internal_weight=45847.3 31490.4 16712.7 14356.9 10406.3 14777.7 9706.73 5444.47 7005.99 4262.26 6325.04 8788.61 4885.68 1336.34 3950.62 6494.93 2925.92 6030.89 5989.1 3345.17 2643.93 6768.72 739.802 377.244 3356.77 2032.45 4462.48 3633.07 6544.15 362.558
internal_count=146851 100074 52180 46777 35456 47894 30731 18027 21449 12704 23573 29583 16213 4213 11321 19667 8491 22272 18311 10382 7929 22060 2203 1133 10409 5966 13701 11099 21284 1070
is_linear=0
shrinkage=0.05


Tree=104
num_leaves=31
num_cat=0
split_feature=32 16 22 28 1 15 20 23 12 14 35 31 12 14 16 33 12 18 35 35 8 35 23 0 2 37 12 10 16 33
split_gain=64.9244 57.7921 36.121 20.6524 18.2729 17.7679 17.1038 17.776 22.6258 14.3971 12.5213 11.5168 22.9587 11.2818 16.1167 14.3338 10.9178 10.0062 11.5571 9.35707 9.11596 11.9064 10.0732 9.41408 9.37675 9.96668 8.99517 10.8067 8.8124 8.67365
threshold=-0.55043593049049366 0.073233742266893401 -0.40989206731319422 -0.74893552064895619 -0.1030459553003311 -0.51068514585494984 -0.69477844238281239 0.53332450985908519 1.9839787483215334 -0.89134147763252247 1.3811109662055971 -0.54869693517684925 0.11256441846489908 0.16650351136922839 0.28455993533134466 0.48526796698570257 -0.75256332755088795 2.30373227596283 0.36636766791343695 2.7096775770187382 0.56409910321235668 1.6135346293449404 2.8894698619842534 -0.23265428096055982 0.91507476568222057 0.65713617205619823 -0.53798270225524891 -0.40225900709629053 -0.95140418410301197 -1.1164423227310178
decision_type=2 2 2 2 2 2 2 2 2 2 2 2 2 2 2 2 2 2 2 2 2 2 2 2 2 2 2 2 2 2
left_child=16 2 4 -4 -2 11 -3 13 17 -6 28 26 29 15 -15 -8 -1 18 -9 20 21 -18 23 -22 -25 -26 -5 -28 -11 -13
right_child=1 6 3 5 9 -7 7 8 -10 10 -12 12 -14 14 -16 -17 19 -19 -20 -21 22 -23 -24 24 25 -27 27 -29 -30 -31
leaf_value=-0.00080213643141059795 0.001093524000123323 -0.0045527313540927065 0.0058365109827554496 -0.0065357793104087363 -0.017321943018870401 -0.0048676249849914262 0.012361408592611334 0.0012335843159081261 0.0123135258301503 0.054262353989238038 0.020705280439037209 0.02795629254530865 0.12377113861935052 -0.0036584811799368865 0.0045579116817400468 -0.0019425163693774909 0.0041354853137019979 -0.012485226519241664 -0.0061188114082883389 0.01547073856742113 0.0060930129416163535 0.041310235364262413 -0.016202677012630718 -0.00101057104051158 0.033215674290879148 0.003658609649824866 0.037362669941721341 -0.00554894007331189 -0.0034792932451573437 -0.012844921358105242
leaf_weight=1678.3299564421177 4683.0585507303476 916.81212729215622 345.16868288815022 130.08304250240326 184.13783893734217 3910.6142806485295 775.10810540616512 1728.8937913775444 311.63765203952789 6.621695101261138 55.004141539335251 13.133072212338446 3.0963343381881705 708.83455121517181 3777.2754673212767 226.26955871284008 9511.822747528553 206.72045695781708 773.64750577509403 160.29576903581619 1023.9471409916878 21.587734699249268 78.577714949846268 2562.1207702457905 29.256703823804855 1134.5299219787121 30.95385879278183 27.892384707927704 3145.0086720064282 1590.7528737559915
leaf_count=5231 16545 3292 1231 390 1213 21300 2620 5889 915 28 200 62 22 2692 12332 879 27856 762 2969 446 2988 60 233 7696 85 3288 91 81 13633 11822
internal_value=0.000579662 -0.00109629 -0.00311952 -0.00603996 -0.000930514 -0.00675833 0.00193592 0.0026351 -0.000445119 -0.00372595 -0.00294521 -0.0108753 -0.0122482 0.00433078 0.00325967 0.00912932 0.003016 -0.00191271 -0.00103937 0.00345726 0.00332318 0.00421966 0.00155312 0.00184686 0.000679936 0.00440165 0.00080216 0.0170231 -0.00335798 -0.0125108
internal_weight=39751.2 23550.7 14125.5 6051.69 8073.83 5706.53 9425.2 8508.39 3020.9 3390.77 3206.63 1795.91 1606.98 5487.49 4486.11 1001.38 16200.5 2709.26 2502.54 14522.1 14361.8 9533.41 4828.43 4749.85 3725.91 1163.79 188.929 58.8462 3151.63 1603.89
internal_count=146851 98968 66618 34999 31619 33768 32350 29058 10535 15074 13861 12468 11906 18523 15024 3499 47883 9620 8858 42652 42206 27916 14290 14057 11069 3373 562 172 13661 11884
is_linear=0
shrinkage=0.05


Tree=105
num_leaves=31
num_cat=0
split_feature=28 15 28 31 24 15 26 15 14 33 32 18 25 26 29 8 39 15 17 6 23 23 23 9 24 15 16 16 15 12
split_gain=68.6788 30.1276 26.301 24.1011 20.6666 18.5022 14.8822 14.3153 13.3591 11.6304 10.1961 9.95933 9.17174 10.5116 8.80563 8.45337 8.32567 10.6767 8.4679 8.31273 12.4215 10.8306 8.30106 8.18121 8.15307 8.08545 9.16965 7.93306 7.87608 14.0957
threshold=-0.50947284698486317 0.70669168233871471 -0.020242397673428055 -0.53261977434158314 -0.15649059414863584 -0.5903257131576537 0.61829683184623729 -0.16619589924812314 -1.0184851884841917 1.3789762854576113 -0.56480154395103443 -1.6397160291671751 1.3585731387138369 -0.24252786487340924 -0.29012133181095118 1.0927672982215884 -1.4048568010330198 -0.29827441275119776 -0.40267582237720484 -0.10746420174837111 3.0396853685379033 0.65744018554687511 1.6014351248741152 2.0842289924621586 -0.060395637527108186 -0.54983976483345021 -0.93155127763748158 -0.27715429663658137 2.3063796758651738 2.111241459846497
decision_type=2 2 2 2 2 2 2 2 2 2 2 2 2 2 2 2 2 2 2 2 2 2 2 2 2 2 2 2 2 2
left_child=1 3 7 5 -4 -1 10 14 -5 19 23 -7 13 -3 22 -15 17 -12 -19 -10 21 -21 -2 -6 -11 26 -24 -22 29 -9
right_child=2 12 4 8 6 11 -8 28 9 24 16 -13 -14 15 -16 -17 -18 18 -20 20 27 -23 25 -25 -26 -27 -28 -29 -30 -31
leaf_value=-0.013255764341432753 0.0016818247639193693 -0.016760667573221203 0.0072714043545012794 0.015280887104326832 0.0064542520434913422 -0.018056579053051632 0.0027473791213773139 0.0041676607747315334 0.00026143473291096868 0.022624505515976001 -0.0049398250272986079 -0.0046172735119973957 0.027841534375621764 0.0056776039688963484 -0.0020123976369271625 -0.0069747159525400662 -0.0028083056569873149 0.048108303765922192 0.0065905770700364717 -0.0033299981601577402 0.090305256792998945 -0.012999520303243707 0.024388449227823884 -0.03570278630793422 0.0003219353056337809 0.013665032844622893 -0.0063903546989608102 0.013796796277122089 0.011385002508434364 -0.0089127771709323449
leaf_weight=898.64102949202061 6912.8654659539461 63.261006847023964 847.0516009926796 114.79455383867025 448.83903068304062 143.95878972113132 2248.0129361301661 9168.4230938702822 1558.9574374780059 78.755360208451748 265.74088007956743 3250.2351752743125 38.628239721059799 1083.9595215171576 1573.9819551557302 150.32514494657516 6945.3118359819055 12.655122473835943 415.90599252283573 1979.377389639616 5.2964031025767317 339.21907418966293 29.967922754585743 11.811307102441786 85.428013116121292 289.59911765158176 125.69467298686504 9.4038432538509351 362.4954825937748 210.69277466833591
leaf_count=7166 21559 231 2420 401 1290 835 7314 27721 5535 309 1208 16980 108 3598 5480 525 28805 43 1528 8590 25 1442 90 34 312 898 402 36 1085 644
internal_value=0.00048721 -0.0031448 0.0016789 -0.00424627 -0.000237311 -0.0068763 -0.000851932 0.00282771 -0.00153958 -0.00201559 -0.00185082 -0.00518728 0.00383258 0.00311783 0.00138195 0.00413666 -0.00228642 0.00293412 0.00781657 -0.00256546 -0.0044542 -0.00474468 0.00210804 0.00537332 0.01102 0.00872525 -0.000464867 0.0413623 0.00415332 0.00387382
internal_weight=39669.3 9800.24 29869 8464.07 11195.3 4292.83 10348.3 18673.7 4171.23 4056.44 8100.26 3394.19 1336.17 1297.55 8932.11 1234.28 7639.61 694.302 428.561 3892.25 2333.3 2318.6 7358.13 460.65 164.183 445.262 155.663 14.7002 9741.61 9379.12
internal_count=146614 46093 100521 41631 42642 24981 40222 57879 16650 16249 32908 17815 4462 4354 28429 4123 31584 2779 1571 15628 10093 10032 22949 1324 621 1390 492 61 29450 28365
is_linear=0
shrinkage=0.05


Tree=106
num_leaves=31
num_cat=0
split_feature=32 41 16 22 22 32 31 31 16 22 31 15 16 22 17 35 35 12 23 26 22 12 15 25 14 8 7 17 26 1
split_gain=269.005 118.192 73.9841 41.4829 38.5917 37.927 36.9763 51.9539 25.5028 22.3979 22.2755 30.6708 20.6368 20.3475 20.2311 15.9995 23.7162 17.8368 13.2979 13.1099 12.0769 35.7133 14.8325 12.2683 11.9957 11.9665 15.3428 12.4709 12.3407 14.3537
threshold=-0.55043593049049366 -0.66245681047439564 -0.25181812047958368 -0.40989206731319422 -0.40989206731319422 -0.56480154395103443 -0.54869693517684925 -0.54124015569686879 -0.1122218258678913 -0.3786234557628631 -0.56003680825233448 -0.922773778438568 1.1889991164207461 2.3404433727264409 -0.18203596770763394 0.31386974453926092 2.0085384845733647 0.065368924289941802 -0.5039834976196288 -0.14371242374181745 -0.42406351864337916 -0.66677343845367421 -1.1448308229446409 -0.31507574021816248 -0.43683150410652155 -0.37404325604438776 0.044995790347456939 0.53880113363266002 1.2637582421302798 0.27608016133308416
decision_type=2 2 2 2 2 2 2 2 2 2 2 2 2 2 2 2 2 2 2 2 2 2 2 2 2 2 2 2 2 2
left_child=5 6 3 10 25 14 -2 12 20 24 -3 -12 -8 -11 -1 19 -17 -18 -19 -6 21 -7 -22 -23 -5 28 -27 -28 29 -4
right_child=1 2 4 9 15 8 7 -9 -10 13 11 -13 -14 -15 -16 16 17 18 -20 -21 22 23 -24 -25 -26 26 27 -29 -30 -31
leaf_value=-0.0073375465990444966 -0.010220910379452738 -0.0063295162359003291 -0.00069201210863311627 0.013984470584829232 0.0058644821258226803 0.031009597375620021 0.0033733304390994086 -0.0093453553738282111 -0.0076229415341831641 -0.0092522814481866261 0.017672778087007786 0.0034722519648284498 -0.0064695078744681006 0.0069247021007075686 -0.014283636335138371 0.007346922749782674 -0.042942981142454366 -0.026243351912789054 0.0022563478662665413 -0.0010392832903095266 0.0060893803396049129 -0.0042269389477504549 -0.0055055225849661455 0.0030294462722011088 0.0080613839970006297 -0.008610614042203972 0.00057567391584718017 -0.0065697342157553032 -0.014122162566514392 0.0097676721768282203
leaf_weight=2411.0458464920521 1753.0035640448332 521.92900359630585 1113.4236907958984 2267.0789627730846 968.06127066910267 89.76965856552124 2886.9907135516405 1580.3646760731936 4464.3640279024839 221.59230744838715 408.08602769672871 5572.2786022722721 652.97434079647064 1582.9772142916918 1854.6582975387573 2821.8949641734362 31.823428362607956 50.828055888414383 210.18378078937531 2373.9884067475796 301.69279608130455 1359.1059042513371 3215.738873064518 1019.3600201308727 1372.2041878402233 1171.0911893248558 1851.1604814827442 911.21651786565781 121.90539747476578 464.9636056125164
leaf_count=7936 6098 1606 3245 10301 3184 240 8565 4854 15056 662 1698 16506 1850 5359 7241 8813 89 140 586 7088 841 3951 9648 2942 5329 3359 5088 2659 377 1303
internal_value=-0.000820401 0.00182863 0.00348196 0.00627265 0.000724606 -0.00638461 -0.00395325 -0.00180745 -0.00476284 0.00949276 0.00357671 0.00444126 0.00155774 0.00493825 -0.0103576 0.00336328 0.00594145 -0.00760238 -0.00329353 0.000960468 -0.00262966 5.14374e-05 -0.00451102 -0.00111701 0.0117512 -0.00229954 -0.0038146 -0.00178136 0.00120541 0.00238922
internal_weight=45625.8 30910 24036.7 11946.1 12090.5 14715.7 6873.33 5120.33 10450 5443.85 6502.29 5980.36 3539.97 1804.57 4265.7 6456.78 3114.73 292.835 261.012 3342.05 5985.67 2468.24 3517.43 2378.47 3639.28 5633.76 3933.47 2762.38 1700.29 1578.39
internal_count=146614 98759 77392 41461 35931 47855 21367 15269 32678 21651 19810 18204 10415 6021 15177 19900 9628 815 726 10272 17622 7133 10489 6893 15630 16031 11106 7747 4925 4548
is_linear=0
shrinkage=0.05


Tree=107
num_leaves=31
num_cat=0
split_feature=32 16 22 36 23 12 22 34 34 20 24 15 3 18 36 3 17 18 35 32 12 15 17 23 34 6 39 17 2 36
split_gain=62.6034 52.5721 40.5479 21.4341 18.247 24.7386 15.4604 12.5451 12.0421 11.6772 14.1485 11.2285 11.049 11.354 10.837 12.516 10.7859 10.5884 10.0771 10.059 9.02468 8.98736 15.0489 12.5573 11.9225 10.5103 10.4023 11.804 8.91851 13.6907
threshold=-0.55043593049049366 0.089079048484563841 -0.40989206731319422 -0.3847504705190658 0.53332450985908519 1.9839787483215334 -0.3786234557628631 2.7090361118316655 -0.30896648764610285 -0.69910424947738636 -0.12638819962739942 -0.4512247741222381 -0.14802578091621396 2.30373227596283 -0.40253125131130213 1.0136235952377322 -0.45949085056781763 2.4405217170715336 -1.8732155561447141 -0.52605235576629628 -0.055246761068701737 0.38163739442825323 0.55549210309982311 -1.1637400984764097 0.73658719658851635 1.1230459809303286 -0.68589159846305836 0.43100956082344061 0.93446773290634166 0.32318687438964849
decision_type=2 2 2 2 2 2 2 2 2 2 2 2 2 2 2 2 2 2 2 2 2 2 2 2 2 2 2 2 2 2
left_child=7 2 3 -2 9 12 11 14 -8 -3 -11 -4 13 -6 15 -1 -5 -9 -16 -14 -21 23 24 -12 25 -23 -25 -28 -20 -30
right_child=1 4 6 16 5 -7 8 17 -10 10 21 -13 19 -15 18 -17 -18 -19 28 20 -22 22 -24 26 -26 -27 27 -29 29 -31
leaf_value=0.0048929618529074508 0.0024690487497540346 -0.0031049779137244473 -0.012108180529251018 -0.005298912186923594 0.00098834866331805218 0.011390404886828874 0.0011208493587361267 0.020898140847694483 -0.0060694106314821746 0.019854014357795807 0.03383982150513682 -0.0062618209633680186 -0.0013906047363771957 -0.0150522018320896 0.012897950439962464 0.019624651651322902 -0.00065210556094805162 -0.024885622361566568 0.0014215165850298267 0.0017910164076092431 -0.013182105102155992 -0.0029233572127641016 0.003743535462202486 0.010344790298603398 -0.018985802942169418 0.034135462799094095 0.00020412221894938127 0.014430294553933513 0.014926232717874719 0.0033661220002367299
leaf_weight=2151.787987858057 3098.6657634824514 626.72994685173035 1245.6651206314564 2340.7432096078992 1559.4441323578358 344.06463994085789 994.73369011282921 143.86899042129517 1404.4684557169676 138.93665009737015 41.117555812001228 2410.6234726905823 555.29006166756153 118.71717692911625 215.7100418806076 154.5324512720108 2676.9302379637957 13.843448936939238 11209.504606574774 122.92396473884583 554.99052493274212 486.22573053836823 2814.0237333029509 756.82502895593643 120.14583726227283 19.91619274020195 856.14556378126144 175.74387058615685 293.23413246870041 2023.5201468467712
leaf_count=6182 10123 2196 10343 11531 5229 1011 3757 399 6868 396 148 14256 1862 418 597 436 10125 38 33516 590 2284 1674 8941 2529 470 76 3373 559 837 5850
internal_value=0.000456379 -0.0011944 -0.00311077 -0.000800641 0.00172862 -0.0012885 -0.00620709 0.00284638 -0.00308826 0.00335591 0.00410451 -0.00825362 -0.00278689 -0.000146399 0.00270847 0.00588004 -0.00281984 0.0168794 0.00217618 -0.0063801 -0.0104671 0.00368931 0.00218346 0.00652049 -0.00482626 -0.00146513 0.00589249 0.00262702 0.0020052 0.0048293
internal_weight=39669.1 23463.1 14171.8 8116.34 9291.24 3255.43 6055.49 16206 2399.2 6035.81 5409.08 3656.29 2911.37 1678.16 16048.3 2306.32 5017.67 157.712 13742 1233.2 677.914 5270.14 3440.31 1829.83 626.288 506.142 1788.71 1031.89 13526.3 2316.75
internal_count=146614 98759 67003 31779 31756 11394 35224 47855 10625 20362 18166 24599 10383 5647 47418 6618 21656 437 40800 4736 2874 17770 11161 6609 2220 1750 6461 3932 40203 6687
is_linear=0
shrinkage=0.05


Tree=108
num_leaves=31
num_cat=0
split_feature=28 15 28 31 15 17 15 14 32 11 12 35 26 2 12 7 35 7 18 34 35 17 21 35 32 12 12 23 11 6
split_gain=61.9142 27.6237 23.7565 21.9281 17.372 17.2548 14.7708 12.4973 11.8217 11.194 12.2584 10.5387 10.5495 10.4649 10.3734 11.0154 10.2728 10.2579 9.72649 9.41232 11.9342 9.28611 9.24629 9.0847 9.04584 9.9909 12.5071 12.807 8.83508 8.48907
threshold=-0.50947284698486317 0.70669168233871471 0.047445081174373634 -0.53261977434158314 0.39459976553916937 -0.60798662900924672 -0.22683454304933545 -1.0184851884841917 -0.56480154395103443 -1.0615866184234617 -1.2207691669464109 1.7796550393104555 -0.24700373411178586 0.76102223992347728 0.58806386590003978 -1.7609879970550535 -0.55107763409614552 -1.3202362656593321 -1.6826320886611936 1.378342926502228 1.3370198011398318 -0.62474665045738209 -0.68609547615051258 0.26478847861289984 -0.52605235576629628 0.45269867777824407 0.11256441846489908 0.97167155146598827 -0.58936879038810719 -1.8769857883453367
decision_type=2 2 2 2 2 2 2 2 2 2 2 2 2 2 2 2 2 2 2 2 2 2 2 2 2 2 2 2 2 2
left_child=1 3 6 5 8 -1 29 -5 -4 10 -10 12 -3 23 -6 -16 28 -7 -19 20 -9 -8 -17 -12 -14 26 -26 -28 -11 -2
right_child=2 11 4 7 14 17 21 19 9 16 13 -13 24 -15 15 22 -18 18 -20 -21 -22 -23 -24 -25 25 -27 27 -29 -30 -31
leaf_value=-0.013198600706283776 -0.014339319400420603 -0.015268994383783416 0.0051821489168757083 0.014778910919352711 0.006397127381529916 0.0018415084585986436 0.039953969915784364 -0.0021099746167389678 -0.013123229095429567 0.012311689305051976 0.014445759073393953 -0.008755152647535595 0.011584275015708568 -0.03277182244015419 0.0178433162126648 0.031518191094797469 -0.0034029479828489328 -0.020368029285049313 -0.0055418969628979898 0.010555085280915663 -0.030115939257705105 0.0038002788401139392 -0.00056028721871155996 0.046927668066180629 -0.010218256976177894 7.1052979734963768e-05 0.017024628028463211 0.069047376089752158 -3.3679564196710775e-05 0.0012204490807615842
leaf_weight=795.9993854239583 88.621171995997429 59.344645097851753 588.88265043497086 115.23521389812231 1224.2184595316648 468.9400222748518 17.789804369211197 3863.9986008107662 38.056548401713371 169.60719439387321 71.232156991958618 150.77187494933605 477.60811811685562 8.7308194786310178 88.483109891414642 22.725800111889839 5522.6577161103487 115.04460265487432 2877.4387698471546 145.76151729375124 38.417461216449738 10990.24690836668 1947.3031717836857 30.848595395684242 26.870857402682304 562.2241829931736 44.921299129724503 16.06000491976738 995.85532055795193 8069.73697822541
leaf_count=6469 287 216 1683 401 4031 2220 51 15575 116 673 241 526 1427 28 278 69 23412 691 15601 541 133 33488 6452 102 87 1996 158 52 3679 25931
internal_value=0.000480385 -0.00297736 0.00160985 -0.00403767 -0.000276449 -0.00656083 0.00266376 -0.00145754 -0.00161542 -0.00220091 0.0113598 0.00369683 0.00527843 0.0197681 0.00275245 0.000584917 -0.00250275 -0.00503439 -0.00611188 -0.00191973 -0.00238568 0.00385871 -0.000190237 0.0242617 0.00635975 0.00252131 0.0182021 0.0307253 0.00176291 0.00105143
internal_weight=39633.6 9758.64 29875 8420.84 10708.6 4257.42 19166.4 4163.41 7425.87 6836.99 148.868 1337.8 1187.03 110.812 3282.73 2058.51 6688.12 3461.42 2992.48 4048.18 3902.42 11008 1970.03 102.081 1127.68 650.076 87.8522 60.9813 1165.46 8158.36
internal_count=146614 46093 100521 41631 40764 24981 59757 16650 29934 28251 487 4462 3936 371 10830 6799 27764 18512 16292 16249 15708 33539 6521 343 3720 2293 297 210 4352 26218
is_linear=0
shrinkage=0.05


Tree=109
num_leaves=31
num_cat=0
split_feature=32 32 32 16 32 32 32 17 17 18 16 17 17 35 31 16 12 35 14 32 32 35 12 23 35 17 20 10 28 22
split_gain=243.396 107.259 109.093 75.7986 46.2624 39.4863 35.6903 33.1349 24.9176 24.5416 23.5299 23.4436 19.0913 17.6779 21.8263 15.1641 15.0621 13.6605 12.8821 12.7316 12.9635 12.2064 14.7569 15.1482 14.2667 13.5172 13.2106 12.2413 11.9082 11.2803
threshold=-0.55043593049049366 1.0000000180025095e-35 1.8167446851730349 -0.2569113820791244 -0.52605235576629628 -0.52605235576629628 -0.56480154395103443 0.50604578852653515 -0.12665726244449613 0.98465287685394298 -0.1122218258678913 -0.91978719830512989 -0.18203596770763394 -0.44006110727787012 -0.53261977434158314 1.3366457223892214 -1.2207691669464109 -3.1243698596954341 -0.46804115176200861 1.7705337405204775 1.8074808716773989 2.0085384845733647 0.065368924289941802 -0.4311018288135528 0.51456949114799511 0.18826775252819064 -0.74875658750534047 1.030182480812073 -0.74281468987464894 -0.42406351864337916
decision_type=2 2 2 2 2 2 2 2 2 2 2 2 2 2 2 2 2 2 2 2 2 2 2 2 2 2 2 2 2 2
left_child=6 3 8 5 15 11 12 13 19 21 29 28 -1 -4 -15 -5 -10 -11 -7 -3 -21 24 -23 -24 25 -6 27 -27 -2 -8
right_child=1 2 7 4 9 18 10 -9 16 17 -12 -13 -14 14 -16 -17 -18 -19 -20 20 -22 22 23 -25 -26 26 -28 -29 -30 -31
leaf_value=-0.0070479217163920754 0.0042565561892686085 -0.0099493265899770287 -0.0002186249598303987 -0.00088116269284709318 0.0050536640589094175 0.01422703709503685 0.00010001763031855764 -0.0054753028182572445 0.1217733099328461 -0.027689836540500792 -0.007296096418948044 0.0035908812311430251 -0.013821324971577368 0.0090477527288078223 -1.7262538085633784e-05 -0.0083106428359634842 -0.012665753190299348 0.01178484855471131 0.0080846618437556937 -0.0007453369507658097 -0.012284258933387145 -0.044658874377142381 -0.025538205868821436 0.0057731099213124085 0.0074150343749983128 0.0057701631476043645 -0.0032904614416191269 0.043228313755947989 0.021611482082861781 -0.0043122557698971314
leaf_weight=2400.9789888858795 150.29423353075981 886.88982683420181 1644.073126450181 5186.7172026634216 1339.7869396209717 1936.3924957662821 2466.4384025037289 1155.9871867150068 2.0856776237487784 22.356853306293488 4441.9936412721872 4723.6177837997675 1835.6857044100761 2114.8059688061476 967.94596108794212 791.64501318335533 1915.9869240373373 1112.6090567260981 1526.5184463262558 1496.8732855021954 290.67177212238312 25.581859707832336 56.323564320802689 122.94632232189178 1447.9067581444979 136.97505593299866 1433.6560898721218 25.941832274198532 288.72176499664783 3510.005067050457
leaf_count=7936 517 2836 4941 14362 4511 8954 7133 3381 7 61 15056 14016 7241 7330 2735 2417 6746 3674 6068 4554 862 71 154 339 4508 385 3982 71 1277 10489
internal_value=-0.000809121 0.00171445 -0.00239563 0.00383244 0.00121119 0.00738874 -0.00611337 0.00211272 -0.00817065 0.00442399 -0.00453989 0.00461807 -0.00998274 0.00396843 0.00620145 -0.00186496 -0.0125196 0.0110073 0.0115194 -0.00505165 -0.00262168 0.00279584 -0.00913381 -0.00406438 0.00335324 0.00135039 -0.00175726 0.0117348 0.0156701 -0.00249134
internal_weight=45458.4 30803.3 10475.3 20328 11702.4 8625.54 14655.1 5882.81 4592.51 5724.08 10418.4 5162.63 4236.66 4726.83 3082.75 5978.36 1918.07 1134.97 3462.91 2674.43 1787.55 4589.12 204.852 179.27 4384.27 2936.36 1596.57 162.917 439.016 5976.44
internal_count=146614 98759 33392 65367 34535 30832 47855 18387 15005 17756 32678 15810 15177 15006 10065 16779 6753 3735 15022 8252 5416 14021 564 493 13457 8949 4438 456 1794 17622
is_linear=0
shrinkage=0.05


Tree=110
num_leaves=31
num_cat=0
split_feature=29 16 29 33 32 16 22 23 11 35 16 16 14 34 13 37 14 34 32 16 9 14 30 23 4 10 11 0 21 29
split_gain=65.0481 27.6131 24.3187 20.597 20.4599 19.3488 18.5807 13.1429 13.6467 11.1235 17.2767 10.8668 11.6914 15.6011 10.8478 10.406 10.1265 12.1154 10.0565 9.96122 11.3178 10.3161 9.59437 9.59891 9.58459 9.35099 9.31664 9.2939 8.77585 8.71019
threshold=-0.47207333147525782 -0.39121915400028223 -0.73537117242813099 -0.69486635923385609 -0.55043593049049366 0.065373782068490996 -0.40989206731319422 0.58436143398284923 2.348428606987 0.24394121021032336 1.1456941366195681 1.7575116753578188 1.9996045827865603 1.2935458421707156 -0.19146965444087979 1.3274911642074587 0.15638855844736102 0.52615088224411022 -0.54039704799652089 0.63516113162040722 -0.83308160305023182 0.47429279983043676 1.6131017804145815 2.7617641687393193 1.18838506937027 -0.19724214076995847 4.3978714942932138 -1.7002459168434141 -0.51635968685150135 -0.72783213853836048
decision_type=2 2 2 2 2 2 2 2 2 2 2 2 2 2 2 2 2 2 2 2 2 2 2 2 2 2 2 2 2 2
left_child=1 2 3 -1 11 6 15 16 -9 29 -11 12 22 -14 -13 18 17 -7 -6 21 -21 -18 23 27 -4 -17 -16 -2 -24 -3
right_child=4 9 24 -5 5 7 -8 8 -10 10 -12 14 13 -15 26 25 19 -19 -20 20 -22 -23 28 -25 -26 -27 -28 -29 -30 -31
leaf_value=0.026880460208488458 0.016967878480452423 0.0032739294072039815 -0.0099357605008183955 -0.0026784983072214341 -0.0049622573606442968 0.012363867392189717 -0.0044175016878183126 -0.0021664221250257952 0.010502602043866304 -0.0047741811475659392 0.0077747621783110484 0.019312598333361342 -0.033880135446802011 0.018291072147569268 0.0077736807533539164 0.0041754157710637996 0.0028900390640544619 -0.0041147919743785098 0.0015019700593196066 0.012349979319693526 0.0031873768363613756 -0.0054819988785004955 0.021993434341669598 -0.0078340340958231378 0.081470219487072282 0.092262402669163801 -0.016407368748702061 0.0025984181405392043 0.006219462212728814 -0.0012672074252135703
leaf_weight=61.5505530834198 113.51013669371605 1729.0386632531881 2136.2826863899827 1386.3398716002703 711.16335026174784 601.7754297554493 3011.7889327555895 1947.620027422905 238.59981894493103 2630.2997739315033 306.20547069609165 196.5414425432682 47.059200346469879 20.603293210268021 313.43943604826927 6.1954867839813232 1071.5381161272526 136.91919584572315 3907.4928629174829 442.36006623506546 1415.3657561391592 560.37983909249306 104.92475825548172 218.91885486245155 2.8717573136091223 5.8648800849914533 45.632840365171432 12992.738954603672 552.36394137144089 2712.4564828872681
leaf_count=197 317 5913 15018 5603 3445 1989 15868 6741 708 10951 955 538 133 58 866 23 3866 518 12899 1321 4400 1879 302 651 15 22 124 38367 1571 11356
internal_value=0.000447714 -0.00282751 -0.00642602 -0.00142193 0.00170066 0.000338976 -0.0013605 0.00236379 -0.000783749 -0.00107798 -0.00346563 0.0030112 0.00273999 -0.017994 0.00986943 0.000627751 0.00399119 0.0093095 0.000506633 0.0028654 0.00536917 1.51879e-05 0.00284032 0.00254943 -0.00981305 0.0470116 0.00470062 0.00272287 0.0087375 0.000500621
internal_weight=39627.8 10965 3587.04 1447.89 28662.8 14057.1 7642.51 6414.56 2186.22 7378 2936.51 14605.7 14050.1 67.6625 555.614 4630.72 4228.34 738.695 4618.66 3489.64 1857.73 1631.92 13982.5 13325.2 2139.15 12.0604 359.072 13106.2 657.289 4441.5
internal_count=146614 50008 20833 5800 96606 53679 32257 21422 7449 29175 11906 42927 41399 191 1528 16389 13973 2507 16344 11466 5721 5745 41208 39335 15033 45 990 38684 1873 17269
is_linear=0
shrinkage=0.05


Tree=111
num_leaves=31
num_cat=0
split_feature=28 15 28 28 14 15 15 14 27 32 24 17 6 6 35 26 22 24 7 36 37 35 33 9 15 12 8 35 23 10
split_gain=55.5154 25.2014 21.4306 19.3787 26.5344 16.4584 12.1691 12.0057 10.9822 11.0329 10.3613 10.3127 10.0963 9.8703 9.83388 9.84847 9.7564 9.51361 8.9649 8.61719 8.53254 8.28972 8.1559 11.6425 12.8816 8.14381 10.2389 9.85248 8.07877 7.96242
threshold=-0.50947284698486317 0.70669168233871471 0.13288120925426486 -0.74281468987464894 -0.46804115176200861 0.39459976553916937 -0.16619589924812314 -1.0184851884841917 -0.82387802004814137 -0.56097197532653797 -0.15817306935787198 -0.91978719830512989 -1.5603340864181516 1.8048242926597597 1.7796550393104555 -0.24700373411178586 -0.40989206731319422 -0.10497567802667616 -1.4555328488349912 0.08058642223477365 1.3274911642074587 2.1774215698242192 -0.51604774594306935 0.19631902128458026 -0.78463357686996449 0.88929536938667308 0.19854448735713962 0.43211278319358831 -1.2343442440032957 -0.4983693659305572
decision_type=2 2 2 2 2 2 2 2 2 2 2 2 2 2 2 2 2 2 2 2 2 2 2 2 2 2 2 2 2 2
left_child=1 3 6 7 11 8 -2 -1 -4 -10 -7 -5 -11 18 15 -3 -13 -17 19 -12 -6 -22 23 24 -18 27 -27 28 -20 -25
right_child=2 14 5 4 20 10 -8 -9 9 12 13 16 -14 -15 -16 17 22 -19 25 -21 21 -23 -24 29 -26 26 -28 -29 -30 -31
leaf_value=0.01557929896772792 0.001185057345460755 -0.014857377105503076 0.014571626672672255 -0.023627656422169501 -0.0038172128381961041 0.013136152747388639 0.0036673269603957736 -0.0011401233870288756 0.0029218544193731323 0.0045817616820472079 0.0081546268714818432 -0.0045702221966535776 -0.0033429018144007202 0.017419325329751465 -0.00849936728234146 0.019664809350173468 0.073558641483462112 0.0045638717866257538 0.043567780143135601 0.06172932618703067 0.0038361923377276778 0.041687242414260722 -0.014286406107879941 0.098637514322268041 -0.010084967135887522 -0.0066228899228561403 0.0028717806924712843 -0.0024789293128051511 0.0057725461361199902 0.011913536804168422
leaf_weight=111.74563053250313 9373.218397513032 58.880986377596855 102.3324775993824 143.3239731118083 3645.4929814189672 220.51925677061081 10433.233594983816 2742.3036510795355 1001.1386708915234 434.0097913891077 289.75545856356621 591.88480104506016 5436.3225895836949 98.822941541671753 150.194649502635 116.25784382224083 4.8959951326251021 1013.8828828334808 14.392449170351027 7.7052074223756781 182.35941287875175 15.711457312107084 852.71205989271402 4.7505015730857849 76.92378818243742 683.55739715695381 485.69825513660908 499.02588644623756 802.11299973726273 5.9764611199498159
leaf_count=368 30315 216 298 1262 18213 621 31822 9752 2917 1701 914 3289 23251 313 526 334 33 3386 50 25 806 58 7245 34 530 2247 1649 1748 2650 41
internal_value=0.000470012 -0.00281294 0.0015376 -0.00383098 -0.00555945 -0.0003398 0.00249262 -0.000485502 -0.00168749 -0.00192963 0.00269043 -0.0108003 -0.00275701 0.00189091 0.00355584 0.00507863 -0.00960424 0.00611731 0.00133935 0.00954239 -0.00326808 0.00683863 -0.0127563 0.00134146 -0.00507984 0.000357344 -0.00267889 0.00305598 0.00643876 0.0503198
internal_weight=39599.1 9717.3 29881.8 8378.08 5524.03 10075.4 19806.5 2854.05 6973.8 6871.47 3101.59 1680.47 5870.33 2881.07 1339.22 1189.02 1537.14 1130.14 2782.25 297.461 3843.56 198.071 945.259 92.5467 81.8198 2484.79 1169.26 1315.53 816.505 10.727
internal_count=146614 46093 100521 41631 31511 38384 62137 10120 28167 27869 10217 12434 24952 9596 4462 3936 11172 3720 9283 939 19077 864 7883 638 563 8344 3896 4448 2700 75
is_linear=0
shrinkage=0.05


Tree=112
num_leaves=31
num_cat=0
split_feature=22 24 14 31 16 31 10 22 22 22 17 31 31 16 18 22 24 12 22 12 15 34 12 31 17 8 16 35 34 17
split_gain=166.998 110.724 98.2492 37.5233 36.3767 29.4124 25.9188 24.6921 32.8753 29.9693 24.3391 21.9178 24.0792 21.2897 19.0827 17.5766 26.2049 20.653 27.7835 26.5623 17.2781 16.8447 16.6158 14.4086 12.4788 12.3812 15.8604 12.1821 12.0209 11.8424
threshold=-0.41827584803104395 -0.10647905245423316 -0.17100917547941205 -0.54124015569686879 1.2835684418678286 -0.56003680825233448 0.15482626110315326 -0.3786234557628631 -0.40989206731319422 2.391140460968018 -0.61353585124015797 1.8225664496421816 1.8477053046226504 -0.5245886743068694 1.1124674677848818 -0.42728608846664423 -0.094624452292919145 -0.4991649985313415 -0.42406351864337916 -0.66677343845367421 0.11459575593471528 0.54616782069206249 -0.83600148558616627 -0.54526427388191212 -0.2451478913426399 0.22967174649238589 -0.013568103313446043 -0.018087295815348622 0.018076200969517234 -0.91978719830512989
decision_type=2 2 2 2 2 2 2 2 2 2 2 2 2 2 2 2 2 2 2 2 2 2 2 2 2 2 2 2 2 2
left_child=6 20 3 5 7 -3 15 8 -4 -9 29 21 13 -13 -10 16 -1 18 19 -17 -2 28 25 -12 -18 26 -20 -11 -5 -7
right_child=1 2 4 11 -6 10 -8 9 14 27 23 12 -14 -15 -16 17 24 -19 22 -21 -22 -23 -24 -25 -26 -27 -28 -29 -30 -31
leaf_value=0.00070296823541234586 -0.0060677484412076802 -0.0046955306526005733 -0.0013927174939884987 -0.0014985599656444318 -0.0068871487284352792 0.023239432615603874 -0.008956421018547928 -0.0098617474083459878 0.0030917659303501769 -0.0038105020057791423 0.0084855727496927196 0.014913404064687379 -0.00053747464551893249 0.0044612245971683362 0.012099980261736743 0.031983341573434153 -0.006805861483150228 -0.0045141081907923162 -0.0055178732146450062 0.0055143122115201221 -0.015038650347784102 -0.0099211454257643675 -0.0087078040251449516 0.0027421227190192166 -0.014001523724148427 0.0093561008747751993 0.048830175116400615 0.0042544811450563836 0.0045410951146166115 0.01163066627753003
leaf_weight=848.26660820841789 1970.2572999000549 457.34689351916313 5081.7525486946106 1987.4735399484634 2072.7058237940073 252.73708902299404 3862.0467874407768 1197.7103714346886 4304.3449949473143 926.53310397267342 3177.1297558695078 828.79244130849838 1062.0883080661297 1182.0019439607859 680.89916966855526 115.51628229022026 1662.1714735627174 3998.1435153633356 375.68457806110382 528.08478772640228 737.70520503818989 393.65622664988041 583.70087930560112 1663.8452098667622 945.11514468491077 352.58432704210281 13.92162451148033 946.59065270423889 1407.1628293246031 1680.0356718450785
leaf_count=2587 6195 1476 14176 5585 6251 1199 13675 4077 12945 2688 12696 3333 2994 4206 2262 311 5463 12612 1098 1466 2736 1137 1785 4823 3568 1015 44 2811 4020 7380
internal_value=-0.000794124 0.00116171 0.00205565 0.00506354 -0.000731099 0.00757674 -0.00550671 0.000240118 0.00143732 -0.00368461 0.00840534 0.00241484 0.00555259 0.00876932 0.00432213 -0.00409286 -0.00693066 -0.00244964 0.00174131 0.0102651 -0.00851161 -0.000130351 -0.00239622 0.00651155 -0.00941422 0.00256758 -0.00357588 0.00026517 0.00100503 0.0131487
internal_weight=45296 32010.8 29302.8 14092.3 15210.5 7231.09 13285.2 13137.8 10067 3070.83 6773.75 6861.18 3072.88 2010.79 4985.24 9423.19 3455.55 5967.64 1969.49 643.601 2707.96 3788.29 1325.89 4840.97 2607.29 742.191 389.606 1873.12 3394.64 1932.77
internal_count=146614 102990 94059 48849 45210 27574 43624 38959 29383 9576 26098 21275 10533 7539 15207 29949 11618 18331 5719 1777 8931 10742 3942 17519 9031 2157 1142 5499 9605 8579
is_linear=0
shrinkage=0.05


Tree=113
num_leaves=31
num_cat=0
split_feature=29 12 12 29 17 14 22 22 23 15 15 32 41 23 7 41 29 26 13 30 15 17 18 35 14 10 15 25 35 35
split_gain=58.379 23.9071 22.2355 14.7231 14.3773 23.9298 18.7212 16.5612 13.0323 12.5647 13.324 12.404 13.7253 12.6242 11.8342 11.3528 10.373 10.2357 10.0448 9.89886 9.82832 15.1872 10.3656 9.71485 9.45712 9.37107 10.8063 11.2127 9.09021 8.7593
threshold=-0.47207333147525782 -0.41217344999313349 -0.46062994003295893 -0.73537117242813099 1.435335159301758 2.1425942182540898 -0.40989206731319422 -0.3786234557628631 -1.1637400984764097 -0.065932735800743089 0.36967641115188604 -0.56097197532653797 -0.22529058903455731 2.6350198984146123 -1.2995544672012327 0.99598994851112377 -0.73520001769065846 -0.28928498923778528 0.59184378385543834 -0.73309901356697071 -0.74662297964096058 -0.82656124234199513 -0.39357446134090418 1.7796550393104555 -0.48813456296920771 0.69625231623649608 1.0691684484481814 0.95177379250526439 1.0574441552162173 -1.5065899491310117
decision_type=2 2 2 2 2 2 2 2 2 2 2 2 2 2 2 2 2 2 2 2 2 2 2 2 2 2 2 2 2 2
left_child=1 14 11 -3 5 6 24 8 9 -8 -11 13 -13 -2 -1 16 20 -5 -14 -20 -16 22 -22 -6 29 -26 27 -27 -23 -4
right_child=2 3 4 17 23 -7 7 -9 -10 10 -12 12 18 -15 15 -17 -18 -19 19 -21 21 28 -24 -25 25 26 -28 -29 -30 -31
leaf_value=0.0027121675802354956 0.0021269693293110284 0.0026752473230141332 0.035185940112226102 -0.0064033895271790519 0.0047294462527870222 -0.019817194653252095 -0.0099856896571470857 0.0018680168948280564 -0.0044470046138678134 0.041496722192170619 0.001519760870169616 0.00058522042609049742 -0.0072995313343594175 -0.021879605252049586 -0.0096994539667658031 0.014049231284259063 -0.011311488166078056 -0.0012920516637286224 -0.01602318256661929 0.002780173798486019 -0.0062253048963820312 -0.0038951172890240577 0.044540907787259054 0.013521325468053026 0.0020542689211106085 0.0095398945738675526 -0.0038865123843138945 0.0015736241713606852 0.038763288293420795 0.0065674957719164141
leaf_weight=330.79507578909397 2840.1533469557762 1897.7565122544765 27.293874859809875 1251.443401619792 1780.3355749547482 125.06300902366638 42.879058107733727 3714.3707133680582 2167.2823807224631 45.731505826115608 38.297057062387466 1833.6628685742617 1625.5056259632111 55.839328408241272 708.16351670771837 61.181096248328686 1181.9407262206078 4506.7936752587557 80.835521385073662 521.82584197819233 15.504794552922247 927.66039307415485 28.607435405254364 381.54149222373962 9822.5776959359646 1327.7199214696884 263.4478774368763 661.92198181152344 12.65875621140003 1311.1272086054087
leaf_count=1797 8505 6146 77 6867 5157 362 276 12000 10747 213 150 6905 7585 173 4006 302 8865 17626 397 2450 72 4154 124 1078 29938 3844 760 1931 49 4058
internal_value=0.00043846 -0.00267211 0.00162361 -0.00114414 0.00241194 0.00198404 0.00212441 -0.000195001 -0.0035351 0.0120382 0.0232767 -0.000836128 -0.00261872 0.00166408 -0.00625333 -0.00726355 -0.00771717 -0.0024029 -0.0052554 0.000258062 -0.00520725 -0.00197573 0.0266973 0.00628109 0.00316335 0.00272136 0.00562962 0.00688964 -0.00332084 0.0071511
internal_weight=39589.9 10922.5 28667.4 7655.99 21709.6 19547.7 19422.6 6008.56 2294.19 126.908 84.0286 6957.82 4061.83 2895.99 3266.51 2935.72 2874.54 5758.24 2228.17 602.661 1692.59 984.431 44.1122 2161.88 13414.1 12075.7 2253.09 1989.64 940.319 1338.42
internal_count=146614 50008 96606 30639 70591 64356 63994 23386 11386 639 363 26015 17337 8678 19369 17572 17270 24493 10432 2847 8405 4399 196 6235 40608 36473 6535 5775 4203 4135
is_linear=0
shrinkage=0.05


Tree=114
num_leaves=31
num_cat=0
split_feature=29 29 14 29 14 31 31 9 24 23 17 16 15 34 29 20 35 15 7 16 7 8 36 23 8 23 8 35 33 8
split_gain=35.7521 27.54 38.0498 27.2504 15.5968 16.0361 19.5732 15.1764 13.0662 13.059 12.5217 12.5155 11.8317 13.3005 11.5232 11.0184 10.5001 10.0956 11.9832 13.4982 10.145 9.49039 9.25336 9.14216 9.82052 10.6781 10.8452 8.8449 8.70291 8.66897
threshold=-0.5095129907131194 -0.73537117242813099 -0.46804115176200861 1.0000000180025095e-35 0.43094049394130712 -0.56003680825233448 -0.54526427388191212 -2.8261283636093135 -0.17497330904006955 -0.95987477898597706 -0.55313387513160694 -1.0588344931602476 0.99852281808853161 -0.7159113585948943 1.8730459213256838 -0.1993099898099899 2.3824590444564824 -0.531620293855667 -0.56069111824035633 0.28455993533134466 2.006449937820435 1.5692781209945681 0.099984515458345427 -1.0150322914123533 -0.46362626552581782 2.1801403760910039 -1.4343181848525999 0.47701297700405126 -0.61098244786262501 0.11777314543724061
decision_type=2 2 2 2 2 2 2 2 2 2 2 2 2 2 2 2 2 2 2 2 2 2 2 2 2 2 2 2 2 2
left_child=1 11 -3 12 5 -5 10 -6 16 -10 -7 27 13 23 -8 -12 -9 20 29 21 -15 -20 -22 -2 25 -25 -27 -1 -21 -19
right_child=3 2 -4 4 7 6 14 8 9 -11 15 -13 -14 17 -16 -17 -18 18 19 28 22 -23 -24 24 -26 26 -28 -29 -30 -31
leaf_value=0.015707887433109004 0.014711278188207402 -0.010525070482853005 -0.0017846519671222466 0.0046218644711373642 0.043027185228183849 -0.017199538491038203 -0.0021680883492958738 0.020002437255357317 0.013729343427439542 0.0004418784435691644 -0.0087241234192946809 0.0011068344495530024 0.0064421171828339986 -0.0016391302157946009 0.0037083368888925355 -0.0012456776280867657 -0.035727444212714871 -0.0031870529810846407 0.0034394435576153245 0.02136880114661438 0.075164912790361055 0.010235175331124165 0.0091397460562656994 0.0024806338645106097 0.014676897763901501 0.001665462357780487 0.028020114716124058 0.070010612225337193 -0.0011766079251444375 0.0045398939874648388
leaf_weight=65.183768197894096 236.02052916586399 1684.5207854658365 4774.0967794135213 851.71650359034538 22.649904876947403 244.3408220037818 3684.8830404654145 137.19578546285629 197.32111784815788 2940.4537783563137 1045.6255928352475 3175.1338278353214 1714.2357397526503 3033.7616461887956 1078.3674077689648 931.13593974709511 9.0068320631980878 1509.912350282073 6587.9854669421911 43.764346197247505 5.5023940205574027 557.20202302187681 149.16952043771744 2078.895409911871 212.58719474077225 71.817548543214798 85.518505021929741 8.4735706746578199 1951.4355660825968 477.86852341145277
leaf_count=213 699 12409 22331 2498 71 1854 13783 385 639 9614 5333 11036 5107 9891 3944 4324 26 4781 20544 130 16 1719 446 6278 631 218 256 24 5903 1511
internal_value=0.000460498 -0.00217548 -0.00406431 0.0013175 -0.000640138 -0.0018553 -0.00264517 0.00223957 0.00195826 0.00127747 -0.00652136 0.00157951 0.00248301 0.00208381 -0.000837706 -0.00520147 0.0165692 0.00147819 0.0021889 0.00295405 -0.0010023 0.00396939 0.0114886 0.00531321 0.00440741 0.00343114 0.0159903 0.0219549 -0.000682078 -0.00132947
internal_weight=39565.8 9707.41 6458.62 29858.4 11142.7 7836.07 6984.35 3306.63 3283.98 3137.77 2221.1 3248.79 18715.7 17001.4 4763.25 1976.76 146.203 14316.6 11128.2 9140.39 3188.43 7145.19 154.672 2684.84 2448.82 2236.23 157.336 73.6573 1995.2 1987.78
internal_count=146614 46013 34740 100601 42471 31736 29238 10735 10664 10253 11511 11273 58130 53023 17727 9657 411 44941 34588 28296 10353 22263 462 8082 7383 6752 474 237 6033 6292
is_linear=0
shrinkage=0.05


Tree=115
num_leaves=31
num_cat=0
split_feature=32 41 16 22 32 22 31 31 24 16 17 31 15 16 28 15 23 33 8 7 22 22 18 1 2 27 27 29 31 17
split_gain=201.245 91.8273 54.975 32.3437 31.9191 29.6693 29.5668 43.9877 21.577 20.0218 17.5301 17.0336 26.5461 16.1185 13.7148 14.291 13.5552 12.5807 11.7518 14.1198 11.3805 13.1717 12.9696 10.738 12.3669 10.3794 13.5312 14.3053 10.3113 10.2388
threshold=-0.55043593049049366 -0.66245681047439564 -0.25181812047958368 -0.40989206731319422 -0.56480154395103443 -0.40989206731319422 -0.54869693517684925 -0.54124015569686879 -0.10131244733929633 -0.1122218258678913 -0.35582800209522242 -0.56003680825233448 -0.922773778438568 1.1889991164207461 -0.74281468987464894 -0.57862800359725941 -0.7826375663280486 1.5353856086730959 -0.37404325604438776 0.044995790347456939 -0.3786234557628631 2.4396792650222783 1.131697475910187 0.27608016133308416 0.89519494771957409 -0.58653625845909108 -0.56962129473686207 2.1910914182662968 -0.53651306033134449 0.53880113363266002
decision_type=2 2 2 2 2 2 2 2 2 2 2 2 2 2 2 2 2 2 2 2 2 2 2 2 2 2 2 2 2 2
left_child=4 6 3 11 10 18 -2 13 -5 25 -1 -3 -13 -8 -10 -16 17 -7 23 -20 22 -22 -18 -4 -25 -6 -27 -28 -9 -21
right_child=1 2 5 8 9 16 7 28 14 -11 -12 12 -14 -15 15 -17 20 -19 19 29 21 -23 -24 24 -26 26 27 -29 -30 -31
leaf_value=-0.0057071862066281629 -0.0092557483721589246 -0.0056575197563391117 -0.0012351591209673225 -0.012171816267779689 -0.0063491951464124579 -0.0012690639534076002 0.0030281998346069145 -0.023105361318633152 -0.0033327925764526328 -0.0066914481948036663 -0.012216269006616595 0.016351655203480638 0.0029089253676011203 -0.0056945791508407669 0.012679023113437117 0.0071859035231828551 0.004201211542156206 -0.02955729416546736 -0.008156891683888513 0.00053927408248554852 -0.0034544285120426642 0.0055587865307963578 0.012407442268443945 0.011294323658763455 -0.0075771481957931028 0.015896307420200963 -0.0021818825449566774 0.011741179043827115 -0.0075118731826869581 -0.0059492821273475155
leaf_weight=1870.1449618935585 1723.7470494657755 517.60727423429489 1167.8046167045832 125.51919832825661 1223.9076557159424 951.08692218363285 2873.5492714047432 114.36497658491135 222.59915953874588 4400.1937053054571 2314.6203850656748 393.333397179842 5538.9546620100737 649.27236425876617 1955.9418080300093 3000.2270798385143 3203.9773298352957 40.997860908508301 1166.2431543320417 1849.7148344516754 934.31411072611809 715.94919618964195 566.63161993026733 416.95824295282364 109.64209032058716 113.18394872546196 4430.2280386090279 192.50481697916985 1451.961088180542 905.66698935627937
leaf_count=6158 6098 1606 3431 379 3673 2915 8565 400 631 15056 9019 1698 16506 1850 8874 11767 9950 113 3359 5088 2697 2268 1957 1176 318 332 13062 555 4454 2659
internal_value=-0.000779965 0.00152184 0.00298791 0.00541975 -0.00562199 0.000611616 -0.00359606 -0.00167907 0.00831197 -0.00413332 -0.0093074 0.00304124 0.00380023 0.00142055 0.00880845 0.00935375 0.00293539 -0.00243807 -0.00204191 -0.00354534 0.0039188 0.000455859 0.00543441 0.00143771 0.00736514 -0.00224463 -0.00118389 -0.00160208 -0.00865043 -0.00159345
internal_weight=45140.8 30596.1 23783.2 11754.2 14544.8 12029 6812.89 5089.15 5304.29 10360 4184.77 6449.9 5932.29 3522.82 5178.77 4956.17 6412.96 992.085 5616.03 3921.62 5420.87 1650.26 3770.61 1694.4 526.6 5959.82 4735.92 4622.73 1566.33 2755.38
internal_count=146614 98759 77392 41461 47855 35931 21367 15269 21651 32678 15177 19810 18204 10415 21272 20641 19900 3028 16031 11106 16872 4965 11907 4925 1494 17622 13949 13617 4854 7747
is_linear=0
shrinkage=0.05


Tree=116
num_leaves=31
num_cat=0
split_feature=29 27 12 29 15 16 22 14 29 22 32 41 16 15 22 35 32 38 13 12 13 30 25 38 1 26 27 30 21 37
split_gain=52.6601 23.6935 20.1718 13.6013 16.2505 13.4064 15.464 13.6639 12.4529 11.1927 10.5812 13.8068 10.3831 9.97128 10.6952 10.3574 11.0953 10.6688 9.70285 9.63071 9.46547 9.44338 9.28801 9.28737 8.87464 8.79086 11.24 9.96954 8.61873 10.9296
threshold=-0.47207333147525782 -0.25332224369049067 -0.46617713570594782 -0.72783213853836048 -0.83893945813179005 1.7575116753578188 -0.40989206731319422 2.3059233427047734 -0.74461004137992848 -0.3786234557628631 -0.56097197532653797 -0.22529058903455731 -0.40115544199943537 0.38163739442825323 2.391140460968018 -0.28905482590198511 1.8167446851730349 -1.2680321931838987 -0.73429647088050831 0.74098601937294017 0.59184378385543834 -0.73309901356697071 0.42986410856246954 1.4717999100685122 0.26883716881275183 0.045477414503693588 -0.48553203046321863 -1.3012239336967466 1.3296893239021303 -1.1053170561790464
decision_type=2 2 2 2 2 2 2 2 2 2 2 2 2 2 2 2 2 2 2 2 2 2 2 2 2 2 2 2 2 2
left_child=1 3 10 4 -1 6 7 -4 24 -8 -2 -12 23 14 22 16 -16 -18 -7 -15 -13 -22 -11 -10 -3 26 -6 -28 29 -24
right_child=2 8 5 -5 25 18 9 -9 12 13 11 20 -14 19 15 -17 17 -19 -20 -21 21 -23 28 -25 -26 -27 27 -29 -30 -31
leaf_value=-0.011617268158427141 0.0014985607646226171 0.013734365334987951 0.0029642303368939346 -0.0089878800595136529 0.0012508092546780619 0.014765701848867621 -0.002733025265470848 -0.028242813444679417 -0.0082410075027043242 0.0084345297336532454 0.00074958555714708247 -0.0071864468832238959 -0.0004949061326295608 -0.0063667302284789867 0.017815481096209593 -0.0058373171430781629 -0.019214561048947643 0.005218019948671453 0.0047940786777734374 0.003099015920529738 -0.015867903462778547 0.0027232695435181241 0.052732800964572168 0.0074805920048510227 -0.00029236295551097693 0.015243204424367555 0.014497928652539219 -0.0085163702538229163 -0.0061961484354892318 0.0038502993927199414
leaf_weight=453.95557123422623 2868.9457940459251 244.6249633282423 14104.58455991745 1688.2389976233244 1141.2430022954941 313.40720725059509 2451.5562236309052 35.163413405418396 775.79036726802588 1059.4701760113239 1801.655626155436 1581.8418294489384 5492.9073561429977 642.94436019659042 117.49174299091101 518.74391832947731 59.913597285747528 175.73277667909861 1100.8372562378645 461.6597348600626 78.852404184639454 510.65968090295792 11.694365888833998 106.8791466653347 209.20341202616692 78.942773506045341 50.785123839974403 640.92867478728294 259.51700183749199 515.6050773859024
leaf_count=2772 8591 735 42560 11527 4964 895 11955 100 4580 3084 6794 7455 21127 1939 408 2229 249 724 3150 1351 392 2407 33 522 632 258 206 2685 762 1528
internal_value=0.0004295 -0.00253157 0.00155355 -0.00555949 -0.00311304 0.00229607 0.00196992 0.00288662 -0.000734126 -9.59509e-05 -0.000815351 -0.00248625 -0.00130376 0.00159521 0.00322309 -0.00134094 0.00526405 -0.000994016 0.00700387 -0.0024106 -0.00517114 0.000236537 0.00537838 -0.00633734 0.0072684 -0.00109383 -0.00179744 -0.00682668 0.0012632 0.00493441
internal_weight=39553.8 10883.5 28670.3 4054.09 2365.86 21828.3 20414.1 14139.7 6829.41 6274.33 6841.96 3973.01 6375.58 3822.77 2718.17 871.882 353.138 235.646 1414.24 1104.6 2171.35 589.512 1846.29 882.67 453.828 1911.9 1832.96 691.714 786.816 527.299
internal_count=146614 50008 96606 22412 10885 70967 66922 42660 27596 24262 25639 17048 26229 12307 9017 3610 1381 973 4045 3290 10254 2799 5407 5102 1367 8113 7855 2891 2323 1561
is_linear=0
shrinkage=0.05


Tree=117
num_leaves=31
num_cat=0
split_feature=28 14 28 28 14 32 14 14 10 26 41 3 17 33 20 8 39 18 25 22 7 18 14 39 30 36 39 20 8 23
split_gain=46.2176 18.6662 17.3424 14.5614 26.0592 11.5499 10.8373 10.5315 10.4169 13.4971 10.2078 10.8825 10.017 9.43083 8.71196 8.5965 8.33554 8.01234 7.98462 7.92237 9.80371 7.80065 7.71267 9.95129 8.40486 7.86263 7.65569 14.1104 8.19274 8.55462
threshold=-0.57727560400962818 1.1270093321800234 0.13288120925426486 -0.74281468987464894 -0.46804115176200861 -0.56480154395103443 0.95631533861160289 -1.0184851884841917 -0.79936286807060231 -0.3983254730701446 -1.1659187674522398 0.47856119275093084 -0.91978719830512989 1.4272552728652956 -0.28469620645046229 -2.3590105772018428 1.5706862807273867 1.039344370365143 1.4286381602287295 -0.3786234557628631 -1.5607287287712095 0.34830684959888464 -0.3127226829528808 -1.3348659873008726 0.91618624329566967 -1.9047199487686155 0.43126675486564642 -0.73253339529037464 -1.7210245132446287 1.0520623326301577
decision_type=2 2 2 2 2 2 2 2 2 2 2 2 2 2 2 2 2 2 2 2 2 2 2 2 2 2 2 2 2 2
left_child=1 3 10 7 12 -4 8 -1 9 19 -2 -12 -5 -6 -11 -8 -16 -9 -3 20 -7 -15 24 -24 -10 -25 28 -28 -21 -30
right_child=2 18 5 4 13 6 15 17 22 14 11 -13 -14 21 16 -17 -18 -19 -20 26 -22 -23 23 25 -26 -27 27 -29 29 -31
leaf_value=0.014510221576149649 0.0058667239813653595 0.004584686734745584 0.0053236960205039268 -0.023394235990783142 -0.0031365380573770071 0.025991657901183469 0.024271531476820239 -6.4795344050983387e-05 -0.005749329663859843 0.00022812905715050409 0.0011306673322714488 0.0038280849107177719 -0.0090305342355565549 0.018629614990748302 0.017327576894140283 0.0025340530724378462 -0.029486370985551326 -0.0079056767699263574 0.038978590224981118 -0.049972241881752269 -0.011468938405997643 -0.0036544496586407072 0.0052645683609107785 0.036227562851004633 0.0043623148565151834 -0.0019690344269448572 0.054730128561373936 -0.020224050983102811 0.013007602900024602 0.060526951795553133
leaf_weight=112.63545003533363 1764.7394332140684 634.43661250174046 835.30269977450371 132.50379958748817 3769.6935504898429 18.992132015526295 47.095880538225174 2537.1653490364552 1898.0164486765862 141.59332878142595 13334.852812342346 5196.1861949637532 1445.8280516415834 93.015075489878654 255.59260849654675 1327.5981498360634 9.8761610612273198 373.81833791732788 17.33559176325798 4.4862460792064658 217.28171756863594 67.969177559018135 553.31197787821293 13.514463841915129 230.46000950783491 4371.5456822142005 7.3885440528392783 41.809786260128021 69.913531042635441 10.955158948898314
leaf_count=368 5289 2052 2367 1240 18669 99 142 8935 8554 549 42368 16358 10912 368 1014 4237 40 1324 48 16 1198 299 2002 43 1090 16584 21 154 233 41
internal_value=0.000451398 -0.00265632 0.00139183 -0.0032793 -0.00480953 -0.000306256 -0.000816343 -0.000491238 -0.00153396 0.0039577 0.00223307 0.00188704 -0.0102364 -0.00263042 0.0102439 0.00327876 0.015586 -0.00107169 0.00549948 -0.00294272 -0.00845779 0.00922106 -0.00213846 -0.00105403 -0.0046545 -0.00185132 0.00674168 -0.00896753 0.0157964 0.019445
internal_weight=39534.9 9184.4 30350.5 8532.63 5509.01 10054.7 9219.43 3023.62 7844.74 777.889 20295.8 18531 1578.33 3930.68 407.062 1374.69 265.469 2910.98 651.772 370.827 236.274 160.984 7066.85 4938.37 2128.48 4385.06 134.553 49.1983 85.3549 80.8687
internal_count=146614 44215 102399 42115 31488 38384 36017 10627 31638 3365 64015 58726 12152 19336 1603 4379 1054 10259 2100 1762 1297 667 28273 18629 9644 16627 465 175 290 274
is_linear=0
shrinkage=0.05


Tree=118
num_leaves=31
num_cat=0
split_feature=32 32 32 32 15 26 15 32 15 32 31 14 12 36 33 15 18 12 31 21 41 24 33 15 12 34 15 6 30 18
split_gain=182.707 85.2923 87.1903 56.7527 43.3464 35.5293 30.62 30.0302 19.9569 19.9319 19.7952 18.6069 16.0749 15.5699 14.7481 13.7847 15.4501 13.4604 13.3422 16.5497 12.9628 10.9203 10.9124 10.6118 10.5875 10.5499 10.2798 9.9622 9.43616 10.0687
threshold=-0.55043593049049366 1.0000000180025095e-35 1.8167446851730349 -0.52605235576629628 -0.28866988420486445 -0.23752462118864057 -0.46042886376380915 -0.56480154395103443 -0.922773778438568 1.7705337405204775 -0.52100145816802967 0.62556126713752758 -0.46062994003295893 -2.7822217941284175 -1.1480510830879209 1.7873002886772158 1.0937932729721072 -1.0122237801551817 -0.53261977434158314 0.10767512395977975 0.8930584490299226 -0.15480866283178327 0.49502933025360113 0.99852281808853161 0.10414342954754831 -0.18208993971347806 -1.3341996669769285 0.800319403409958 0.78920897841453563 0.35842062532901769
decision_type=2 2 2 2 2 2 2 2 2 2 2 2 2 2 2 2 2 2 2 2 2 2 2 2 2 2 2 2 2 2
left_child=7 3 9 5 -5 8 -4 12 22 17 14 20 21 -8 -11 16 -6 -3 25 -20 26 -1 -2 -7 -16 -15 -9 -18 29 -14
right_child=1 2 6 4 15 23 13 11 -10 10 -12 -13 28 18 24 -17 27 -19 19 -21 -22 -23 -24 -25 -26 -27 -28 -29 -30 -31
leaf_value=0.005245562301376603 0.016230747214718452 0.0058805829807373339 0.0080056073328941928 0.011108410418340844 0.0033848116527716837 -0.00084550932962816757 -0.012590581264155958 0.012745249135504495 0.0028991780245472883 -0.011029693068731654 -0.014116997111491718 -0.0097118096735454296 -0.011939881104390256 0.0004003014158349106 0.00024616360257225634 -0.0062738915997344949 0.0071471124416514729 -0.013621434917938761 -0.0094875661025148657 0.0034523181618136417 -0.00828439437029415 -0.006608525561393604 -0.052619434377443354 -0.0062848211140986892 -0.0086469190782710332 0.0072195838056228583 -0.0026793669700321144 0.019860848265998217 -0.015962536326180037 -0.0043450402384238333
leaf_weight=231.59169319272041 351.34505634009838 94.750970453023911 1479.4018946439028 3060.2318760603666 4962.1592908650637 4193.242882207036 244.03160367906094 109.51455479860306 5390.6158932596445 510.57835133373737 518.61620037257671 1231.77787566185 1305.7080352753401 2321.2430142760277 1660.7254375219345 321.807831376791 468.34127631783485 1336.6634757965803 638.72216802835464 403.00564783811569 1088.2204739153385 1206.0320631861687 5.8508962392806998 1140.5898467898369 419.14970552921295 750.55865824222565 7904.1661923825741 229.62621711194515 760.54231351613998 655.45882014930248
leaf_count=754 1527 302 5449 14136 15585 11686 738 299 15890 1862 1656 4489 4958 6857 5129 870 1451 4581 1831 1175 3564 3972 26 3460 1475 2337 24326 736 2989 2504
internal_value=-0.000766177 0.00143011 -0.00225182 0.00332881 0.00626832 0.000930299 0.00179037 -0.00538838 0.00365758 -0.0074482 -0.00520039 -0.00394442 -0.00897582 -0.000319719 -0.00341526 0.00379223 0.00436454 -0.0123305 0.000408239 -0.00448161 -0.00316391 -0.00469891 0.015103 -0.00200865 -0.00154603 0.00206651 -0.00246857 0.0113298 -0.0112349 -0.00940154
internal_weight=44994.3 30501.3 10377.4 20123.8 9042.17 11081.6 5836.96 14493 5747.81 4540.48 3109.07 10333.7 4159.33 4357.56 2590.45 5981.93 5660.13 1431.41 4113.53 1041.73 9101.9 1437.62 357.196 5333.83 2079.88 3071.8 8013.68 697.967 2721.71 1961.17
internal_count=146614 98759 33392 65367 32778 32589 18387 47855 17443 15005 10122 32678 15177 12938 8466 18642 17772 4883 12200 3006 28189 4726 1553 15146 6604 9194 24625 2187 10451 7462
is_linear=0
shrinkage=0.05


Tree=119
num_leaves=31
num_cat=0
split_feature=32 16 22 23 12 37 14 35 34 0 16 22 12 9 39 18 14 3 18 12 7 32 34 35 13 18 40 19 12 15
split_gain=40.6317 38.0371 28.0266 15.8115 20.7506 14.4593 13.0341 14.5841 10.919 12.101 10.5632 10.4099 10.3474 9.96085 9.79308 9.74969 9.59903 9.52405 10.7326 9.71324 10.1039 9.36075 9.27789 8.79742 8.80684 8.70283 8.63888 12.2381 8.33483 9.19745
threshold=-0.55043593049049366 0.089079048484563841 -0.40989206731319422 0.53332450985908519 1.9839787483215334 -0.42236600816249842 0.15638855844736102 0.19847490638494494 2.7090361118316655 -1.7002459168434141 0.63516113162040722 -0.3786234557628631 1.4559254646301272 -0.84814968705177296 -1.1388788819313047 2.4405217170715336 -0.41684961318969721 -0.14802578091621396 2.30373227596283 -0.055246761068701737 1.3856081366539004 -0.52605235576629628 -0.30896648764610285 0.92763403058052074 0.60523992776870739 -0.66133281588554371 0.40819692611694341 -0.83494049310684193 -0.18231672048568723 -0.16069260239601132
decision_type=2 2 2 2 2 2 2 2 2 2 2 2 2 2 2 2 2 2 2 2 2 2 2 2 2 2 2 2 2 2
left_child=8 2 5 6 17 -2 7 -3 9 -1 23 16 28 -12 -9 -10 -4 18 -5 20 -19 -21 -13 24 -8 -6 -22 -28 -7 -30
right_child=1 3 11 4 25 12 10 14 15 -11 13 22 -14 -15 -16 -17 -18 19 -20 21 26 -23 -24 -25 -26 -27 27 -29 29 -31
leaf_value=0.014734506966209879 0.0022840069361296676 0.01315555056126746 -0.010251610881409783 0.00090838852375570958 -0.017264530369343042 -0.0035419706144188749 0.0031140576742131176 0.02707432301347594 0.019211602561963709 0.0020589369916700516 0.010082031388898417 0.0010519556303031105 0.044075535042704186 0.0026257778862244113 -0.0019125847511207118 -0.024727560590069416 -0.0048719436143401622 -0.0033004403454610222 -0.014738787634047776 -0.0028487834371632922 -0.024254620048769299 -0.01245325243475361 -0.0052876262703292175 -0.0071475608025592932 -0.0041404595063514269 0.012580758460873368 0.092230592944192391 0.019588202437324537 0.0059611412061684145 -0.0021060280963026853
leaf_weight=190.54287502169609 2754.3134832978249 604.30055226385593 1338.2982958555222 1558.6108307391405 26.442583918571472 3783.3465985134244 1434.60524328053 31.868368834257126 144.95940488576889 15918.41446480155 571.23948329687119 993.18229695409536 12.063570052385328 2074.7310742735863 340.05445006489754 13.829315572977064 2179.7334943935275 141.70971693098545 117.8783894777298 474.67206548154354 8.9560661613941175 544.93010221421719 1377.6577347517014 396.2894311696291 590.57384487986565 320.25646148622036 6.6540288627147666 45.065072529017925 556.21663770079613 968.56634874641895
leaf_count=527 8800 2023 11320 5229 77 17285 5058 102 399 46891 1721 3757 36 6531 1254 38 13279 610 418 1562 43 2284 6868 1521 2152 934 28 209 2198 3460
internal_value=0.00042074 -0.000920251 -0.00256966 0.0015592 -0.00125598 -0.000656643 0.00307083 0.00836114 0.00233748 0.00220887 0.00205167 -0.00519268 -0.00217904 0.00423551 0.000571171 0.0153848 -0.00691843 -0.00263878 -0.000191806 -0.00599587 0.00400978 -0.00798193 -0.00263188 -0.000334634 0.000998527 0.0103045 0.0210831 0.0289342 -0.00228417 0.000836747
internal_weight=39520 23252.2 13963.4 9288.84 3245.18 8074.51 6043.66 976.223 16267.7 16109 5067.44 5888.87 5320.19 2645.97 371.923 158.789 3518.03 2898.48 1676.49 1221.99 202.385 1019.6 2370.84 2421.47 2025.18 346.699 60.6752 51.7191 5308.13 1524.78
internal_count=146614 98759 67003 31756 11394 31779 20362 3379 47855 47418 16983 35224 22979 8252 1356 437 24599 10383 5647 4736 890 3846 10625 8731 7210 1011 280 237 22943 5658
is_linear=0
shrinkage=0.05


Tree=120
num_leaves=31
num_cat=0
split_feature=32 41 26 32 32 23 23 12 0 17 33 12 7 30 30 23 19 2 17 18 28 25 26 38 24 21 30 29 31 7
split_gain=38.92 34.3733 20.3196 14.6915 16.2958 11.4948 11.5861 12.586 11.1516 10.8133 12.3589 10.5824 9.56858 9.091 10.8752 9.4693 8.94586 8.79793 8.69141 8.60644 8.32193 10.1861 12.9597 10.2221 8.28338 8.1007 8.09978 8.06759 10.525 10.9681
threshold=-0.55043593049049366 -0.47860546410083765 -0.42626312375068659 -0.52605235576629628 1.0000000180025095e-35 -1.1880299448966978 0.53332450985908519 -0.97258493304252613 -0.21771376579999921 -0.053355436772108071 0.11062341928482057 -0.061639837920665734 1.8529434204101565 0.60773542523384105 1.2740697264671328 2.4317740201950078 -0.36458452045917505 -1.6534551382064817 -1.0693787336349485 1.0937932729721072 -0.58585885167121876 1.1603928208351137 -0.24700373411178586 -0.54541733860969532 -0.13039750605821607 1.7463781237602236 -1.3688531517982481 -0.73537117242813099 1.8339731693267824 1.2592405676841738
decision_type=2 2 2 2 2 2 2 2 2 2 2 2 2 2 2 2 2 2 2 2 2 2 2 2 2 2 2 2 2 2
left_child=13 20 5 8 9 -3 7 24 19 11 25 -5 -12 15 17 -1 -16 -15 -18 -4 -2 23 -23 -22 -7 -11 -8 -9 -29 -30
right_child=1 2 3 4 -6 6 26 27 -10 10 12 -13 -14 14 16 -17 18 -19 -20 -21 21 22 -24 -25 -26 -27 -28 28 29 -31
leaf_value=0.0011689128206213665 -0.00098943065057632146 -0.013791480425183225 -0.0011766961212226258 -0.0070035576937190723 0.00014730051158961662 0.030218821191452985 0.010117897397338808 0.0022049421953327058 0.0024238840940716587 0.0021969350548906876 -0.0066602927240363673 -0.020028485410055009 0.0090191223866183546 -0.019600782396079427 -0.0026194234122338977 0.0089251958307106413 0.057548475999147898 0.006280575370331486 0.0044942248722070772 -0.011739475837633235 0.0028638995404691413 -0.0083078063334047127 0.015967793711283013 -0.003761613368612673 -0.016871340104512918 0.04883550563061146 -0.01154834930059394 -0.0049100180711400968 0.012669466008992297 -0.012389440145871296
leaf_weight=11694.69708392024 2273.1169402822852 365.51821441203356 1209.4444172084332 1074.3003589734435 2434.9336077645421 9.7683396339416486 45.993165589869022 710.15350829064846 3259.3937405794859 608.02847470343113 1350.6910696327686 182.42670342326164 104.8572211265564 33.233885049819946 867.23673883080482 407.20706576108932 7.8129980862140647 2740.657028734684 645.16778120398521 229.42625396698713 4789.285900130868 69.110758259892464 268.8636190444231 662.71358126401901 212.33737730234861 9.4552592486143094 694.54246433824301 2211.2801329791546 172.1620125323534 58.50558864325285
leaf_count=34175 9439 2239 4285 8091 9206 27 242 2793 11692 2704 6441 1233 441 96 2485 1167 23 7876 1852 815 15819 207 804 2387 1342 42 3902 13323 862 298
internal_value=0.000269775 -0.00105683 -0.00247649 -0.00126999 -0.00296143 -0.0052941 -0.00453927 -0.00329632 0.000805383 -0.00523473 -0.00301622 -0.00889426 -0.00553075 0.00213122 0.00410772 0.0014299 0.000708777 0.00597049 0.00512903 -0.00286092 0.00157422 0.0025807 0.0110038 0.00205854 -0.0148003 0.00291109 -0.0102027 -0.00248572 -0.00384983 0.00631363
internal_weight=39402.3 23006.3 14943.2 10463 5764.69 4480.26 4114.74 3374.21 4698.26 3329.76 2073.03 1256.73 1455.55 16396 4294.11 12101.9 1520.22 2773.89 652.981 1438.87 8063.09 5789.97 337.974 5452 222.106 617.484 740.536 3152.1 2441.95 230.668
internal_count=146308 98634 69978 44950 28158 25028 22789 18645 16792 18952 9628 9324 6882 47674 12332 35342 4360 7972 1875 5100 28656 19217 1011 18206 1369 2746 4144 17276 14483 1160
is_linear=0
shrinkage=0.05


Tree=121
num_leaves=31
num_cat=0
split_feature=22 24 17 22 22 15 22 17 22 22 14 17 22 35 35 4 41 19 22 24 27 15 22 17 12 18 22 17 23 23
split_gain=99.9329 89.6967 67.4847 30.0715 41.0351 36.6153 36.4575 24.4845 18.3982 18.7836 18.3941 17.5378 15.4093 15.1622 17.9661 15.0409 21.9678 14.6701 14.4296 14.254 14.8201 14.1778 14.0615 13.2954 13.1008 12.7775 11.4302 11.7255 11.3494 13.0764
threshold=-0.41827584803104395 -0.10647905245423316 0.43100956082344061 -0.3786234557628631 -0.40989206731319422 -0.922773778438568 2.391140460968018 -0.2302126660943031 -0.3786234557628631 -0.40989206731319422 -0.51530572772026051 -0.066201712936162935 2.6582129001617436 1.8843143582344057 0.40749019384384161 0.31522464752197271 -0.057251775637269013 -0.73124161362647999 2.4396792650222783 -0.12478073686361311 -0.53030705451965321 -0.61530113220214833 2.4396792650222783 -0.83816921710968006 -0.23814254254102704 -1.2558061480522154 -0.41279751062393183 -0.64242482185363758 -1.1754154562950132 0.71466323733329784
decision_type=2 2 2 2 2 2 2 2 2 2 2 2 2 2 2 2 2 2 2 2 2 2 2 2 2 2 2 2 2 2
left_child=7 11 3 4 5 -3 -5 15 9 25 -6 -2 18 14 17 16 -1 -12 23 -9 -21 -20 -10 -8 -15 -4 27 -7 -28 -30
right_child=1 2 8 6 10 26 12 19 22 -11 13 -13 -14 24 -16 -17 -18 -19 21 20 -22 -23 -24 -25 -26 -27 28 -29 29 -31
leaf_value=-0.0033233031191030405 -0.0049344646256099089 0.017030236561062503 0.0058124068479388303 -0.0051765424950859481 0.011495168199174371 0.0087829288021211045 0.014061584572601689 -0.001527661147264648 -0.011840636414534915 0.0017015943632891651 0.008661019275098816 -0.013492990918336226 -0.011438199431890237 -0.058210878008969916 0.01012725606673353 -0.0059670448978168047 0.0037798957211776021 0.0020447758578438229 0.019326937928518698 -0.012592980922463987 -0.0061254715514632409 0.0055218019921534677 -0.00012882184513904758 -0.00044587458447975899 -0.004874444332541767 -0.0055399178293007063 0.0090337839246959102 0.0019385314951630224 -0.0021962446717929268 0.0050345211286310573
leaf_weight=2719.9063378274441 1773.6048046052456 383.87600447237492 276.22266381978989 2198.6848282516003 1656.5189596265554 758.71289820969105 174.76089942455292 1268.9631125032902 855.79878133535385 2412.2817150354385 1182.4557464718819 903.49438081681728 172.94026660919189 16.257175922393799 1675.8180205076933 1724.2522472441196 1814.6900417208672 2874.5563708096743 221.37829130887985 1102.1850785166025 4511.0088738799095 1163.1232426315546 365.84429389238358 1639.6372907608747 39.452879875898361 2414.4705308675766 299.58451084792614 3570.724915355444 3818.5356771498919 747.68873158097267
leaf_count=8406 5541 1699 803 6993 8191 2963 649 4267 2961 6669 4383 3399 515 46 6067 5369 5394 10143 1019 4247 15940 4044 1027 4670 114 7189 834 10190 10515 2061
internal_value=-0.000590972 0.000933025 0.00174357 0.00302146 0.00406488 0.00190074 -0.000167357 -0.00425529 -0.00282168 -0.00150221 0.00684935 -0.00782288 0.003099 0.00551985 0.00577211 -0.00199213 -0.00048069 0.00397314 0.00388491 -0.00631349 -0.00739541 0.00772921 -0.00833331 0.000951468 -0.020439 -0.0043745 0.00126912 0.00313798 -0.000393727 -0.00101226
internal_weight=44737.4 31596.4 28919.3 22594.7 17024.2 9579.12 5570.52 13141 6324.62 5102.97 7445.06 2677.1 3371.84 5788.54 5732.83 6258.85 4534.6 4057.01 3198.9 6882.16 5613.19 1384.5 1221.64 1814.4 55.7101 2690.69 9195.25 4329.44 4865.81 4566.22
internal_count=146308 102685 93745 75096 57206 28262 17890 43623 18649 14661 28944 8940 10897 20753 20593 19169 13800 14526 10382 24454 20187 5063 3988 5319 160 7992 26563 13153 13410 12576
is_linear=0
shrinkage=0.05


Tree=122
num_leaves=31
num_cat=0
split_feature=17 29 15 12 39 29 8 19 35 28 28 12 11 23 40 15 8 15 35 15 3 26 15 8 3 9 17 8 15 24
split_gain=34.6503 24.2213 19.6038 17.0159 16.2165 14.9535 13.0435 14.9084 13.8225 12.7139 14.4768 12.269 11.4299 11.4149 11.0357 10.8687 10.3135 9.83197 9.75767 12.526 10.7149 10.1743 14.8828 13.4979 12.3697 12.256 10.0397 17.3027 10.0653 9.92188
threshold=0.14201267063617709 -0.67916133999824513 0.067111853510141387 1.5236359834671023 0.40353441238403326 -0.7425892949104308 0.84931558370590221 -0.87364190816879261 1.8843143582344057 -0.46594440937042231 -0.88338494300842274 0.42605307698249822 -0.92849296331405629 2.6350198984146123 -0.21052670478820798 0.39459976553916937 0.4752341508865357 -0.51068514585494984 1.7796550393104555 1.0691684484481814 1.037159860134125 4.4955296516418466 2.7606012821197514 -1.0110595822334287 -2.6151585578918453 1.5532159209251406 2.3294630050659184 -1.4343181848525999 2.3063796758651738 -0.088237963616847978
decision_type=2 2 2 2 2 2 2 2 2 2 2 2 2 2 2 2 2 2 2 2 2 2 2 2 2 2 2 2 2 2
left_child=1 5 4 6 -2 14 7 -4 -9 10 12 17 -3 15 -1 -11 -15 -12 19 -5 21 22 26 -24 -23 -25 27 29 -28 -21
right_child=2 9 3 18 -6 -7 -8 8 -10 13 11 -13 -14 16 -16 -17 -18 -19 -20 20 -22 24 23 25 -26 -27 28 -29 -30 -31
leaf_value=0.0045902622004915803 0.01296089619170095 -0.017774431261691263 -0.0046001997906342865 0.01297267719554626 0.00087538850429305518 -0.0054652329437974304 -0.0025828727814439902 0.0023988385054477517 0.037678656380062847 0.0012316660306944457 -0.0083832459412235411 0.016706006722251542 0.010173877671045311 -0.0018253966335053055 -0.0027198169062610114 -0.0084557216413659545 -0.021173208810504933 -0.0022195898887531081 0.012853369098373521 0.014630009163968503 -0.0068837924622079695 0.037406774744703143 0.0062512319749755997 -0.01987830636198893 -0.0033342840965433999 0.035524338464846032 0.024899427263422667 0.0059556160416526522 0.0044086460471075934 -0.026307207412089903
leaf_weight=761.32909987866879 755.68787024915218 41.075498908758163 811.59002180397511 337.79124511778355 438.70458744466305 3669.584518045187 2073.7690070867538 7606.2762064635754 27.865233510732651 14477.530672080815 827.81764671951532 76.137181103229523 334.42132467031479 189.76872124522924 1604.1417654454708 295.44654153287411 108.122807726264 2962.0755704790354 395.63038343191147 18.786357194185257 261.3560267239809 48.164968550205231 111.77307438850403 153.49751225113869 30.383788675069809 10.67655950784683 122.62218895554543 640.6503928899765 117.22133439779282 69.774480313062668
leaf_count=2659 2250 141 2667 1013 1334 24252 6902 24142 84 47734 5095 328 1033 643 6300 858 383 12724 1119 54 783 133 320 438 86 31 348 1906 338 210
internal_value=0.000401445 -0.000702083 0.00239483 0.00182479 0.00852185 -0.00346698 0.000970236 0.00184267 0.00252761 0.000161937 -0.0022563 -0.00316667 0.00711662 0.000842523 -0.000367061 0.00103793 -0.00884788 -0.0035659 0.00570238 0.00423093 0.0023678 0.00419467 0.00309355 -0.00715091 0.0216475 -0.0162754 0.00601075 0.00309203 0.0148847 -0.0176232
internal_weight=39379.7 25347.5 14032.2 12837.8 1194.39 6035.06 10519.5 8445.73 7634.14 19312.4 4241.53 3866.03 375.497 15070.9 2365.47 14773 297.892 3789.89 2318.33 1922.7 1584.91 1323.55 1245 275.947 78.5488 164.174 969.055 729.211 239.844 88.5608
internal_count=146308 102150 44158 40574 3584 33211 33795 26893 24226 68939 19321 18147 1174 49618 8959 48592 1026 17819 6779 5660 4647 3864 3645 789 219 469 2856 2170 686 264
is_linear=0
shrinkage=0.05


Tree=123
num_leaves=31
num_cat=0
split_feature=32 41 26 22 23 23 21 30 31 17 15 34 29 31 7 11 27 11 35 17 15 30 30 23 38 19 2 23 22 26
split_gain=34.2494 31.4372 18.452 15.8765 10.7234 10.8524 10.4776 10.118 12.0968 12.6897 9.13758 9.12822 9.90821 9.51588 10.6134 11.9573 9.90249 10.7495 9.29711 9.08948 8.53267 8.45145 10.0913 8.65198 8.41954 8.32056 8.18906 8.14241 8.11474 12.9912
threshold=-0.55043593049049366 -0.47860546410083765 -0.42626312375068659 -0.40989206731319422 -1.1880299448966978 0.53332450985908519 1.7463781237602236 0.039536654949188239 1.8477053046226504 -0.1035650111734867 0.99852281808853161 -0.48404128849506373 -0.73537117242813099 1.8339731693267824 1.2592405676841738 -0.75828447937965382 -0.61857476830482472 0.67619234323501598 0.41550895571708685 -0.37139646708965296 -0.19683729857206342 0.60773542523384105 1.2740697264671328 2.4317740201950078 -0.008261662442237137 -0.36458452045917505 -1.6534551382064817 -0.32890777289867396 -0.42406351864337916 -0.42626312375068659
decision_type=2 2 2 2 2 2 2 2 2 2 2 2 2 2 2 2 2 2 2 2 2 2 2 2 2 2 2 2 2 2
left_child=21 28 4 10 -3 11 -5 -8 -9 -10 -4 19 -13 16 15 -15 -14 18 24 -6 -21 23 26 -1 27 -24 -23 -18 29 -2
right_child=1 2 3 6 5 -7 7 8 9 -11 -12 12 13 14 -16 -17 17 -19 -20 20 -22 22 25 -25 -26 -27 -28 -29 -30 -31
leaf_value=0.0010834138995755355 0.014104616486206527 -0.013307752620973903 -0.00018888217649243235 -0.0041004748628005704 0.017648316887901114 -0.0098219608280467451 0.0082998711621318985 -0.0095377917801974937 -0.0056618994118128509 0.04104268382562265 0.0055248648414499332 0.0013098370834214469 -0.010156191891270996 -0.014758148922471096 -0.013538787964882081 0.016821570347695835 0.0023468617893997491 0.033408340788164383 0.0037404050369883278 -0.023578711038164352 0.0062208795596718136 -0.01903582285513912 -0.002573170705568081 0.008486472556822092 -0.012030088048310872 0.0048965442719613537 0.0060029249118097767 -0.011182024895994219 0.00079807882156765302 0.0024640661555879492
leaf_weight=11702.641743719578 305.0319946706295 360.35044510662556 4600.7946895733476 4369.9695377349854 102.31705840677023 733.13720103353262 359.91610513627529 226.74777884036303 31.408057689666748 27.085757672786713 825.23661494255066 731.00209808349609 966.80732176452875 37.93169367313385 63.68127815425396 142.89611385762691 329.99786403030157 19.557709276676178 293.95056185871363 34.662100806832314 78.253260016441345 33.047915041446686 866.87988272309303 408.44395837187767 389.11718416959047 654.11284869909286 2746.2200276851654 167.7527861520648 6639.392356030643 1118.8358702659607
leaf_count=34175 871 2239 16380 23306 500 4144 1503 1089 118 83 2471 2962 6489 251 341 673 1809 83 1585 173 309 96 2485 1167 2540 1875 7876 930 24565 3220
internal_value=0.000264964 -0.000982002 -0.0023435 -0.00119433 -0.00503895 -0.00431062 -0.00322236 0.00272558 -0.00430803 0.0159648 0.000680113 -0.00310732 -0.00378955 -0.00533522 0.00401526 0.0101972 -0.00639017 -0.00335694 -0.00396587 0.00685417 -0.00292683 0.00200919 0.00391337 0.00133308 -0.0065201 0.000639229 0.00570519 -0.00221267 0.00153263 0.00495779
internal_weight=39367.2 22955.8 14892.6 10441.2 4451.41 4091.06 5015.13 645.158 285.242 58.4938 5426.03 3357.93 3142.69 2411.69 244.509 180.828 2167.18 1200.38 1180.82 215.232 112.915 16411.3 4300.26 12111.1 886.868 1520.99 2779.27 497.751 8063.26 1423.87
internal_count=146308 98634 69978 44950 25028 22789 26099 2793 1290 201 18851 18645 17663 14701 1265 924 13436 6947 6864 982 482 47674 12332 35342 5279 4360 7972 2739 28656 4091
is_linear=0
shrinkage=0.05


Tree=124
num_leaves=31
num_cat=0
split_feature=32 4 26 11 24 31 31 29 40 17 35 14 32 25 10 19 31 23 21 15 40 17 31 35 18 20 39 24 35 35
split_gain=132.158 82.5403 33.721 27.0867 23.9383 21.7711 38.9683 20.9889 18.6283 18.2576 18.9376 16.5867 16.3929 16.2324 15.7009 14.5468 14.0087 13.7422 13.0483 12.3303 12.2687 11.0762 11.4235 11.0027 11.111 10.7623 10.191 10.0163 9.93262 10.364
threshold=-0.55043593049049366 -0.57349810004234303 -0.15890031307935712 -0.17023564130067823 -0.11672714725136756 -0.54124015569686879 -0.54869693517684925 -0.73537117242813099 0.56183329224586498 1.793669641017914 0.29210893809795385 -0.83256110548973072 -0.52605235576629628 0.28713786602020269 -0.79205641150474537 -0.67796590924262989 -0.54869693517684925 0.32010738551616674 -0.69419723749160755 -0.50479483604431141 -0.79546803236007679 1.2749509215354922 -0.58029967546463002 -1.7007161974906919 2.9127112627029423 -0.2780222594738006 -0.91846555471420277 -0.10519944131374358 -0.27350537478923792 0.27171988785266882
decision_type=2 2 2 2 2 2 2 2 2 2 2 2 2 2 2 2 2 2 2 2 2 2 2 2 2 2 2 2 2 2
left_child=3 5 4 8 -3 6 -2 -6 13 10 -4 28 -12 -1 -14 -11 -16 -18 20 27 -13 -5 -23 -7 -25 -21 -17 -8 -9 -30
right_child=1 2 9 21 7 23 19 11 -10 15 12 18 14 -15 16 26 17 -19 -20 25 -22 22 -24 24 -26 -27 -28 -29 29 -31
leaf_value=-0.0031728213275671584 -0.0075006693604997288 -0.0078994444455708548 -0.00084619748966202656 -0.006059497140670618 0.00022669348650680428 -0.017895613395226079 -0.029666392324775179 -0.0031569967364645044 -0.0073018883000930393 0.0066444295241205112 0.0002395715204130751 -0.066878674142860847 -0.014874520841885419 0.0023034720141863795 -0.0079300749078076768 0.04055983881108003 0.0050115989876239556 0.013188849216493242 0.0049619569832629303 0.0033128498095615316 0.016474909808640453 -0.0021429568646878592 -0.016210654095135665 -0.0068084825067033965 0.038978041214300825 -0.0020841376870725493 -0.012801264477902566 0.013371896112056983 0.01840446109390894 0.0022611797452326099
leaf_weight=3549.1088806390762 1942.7417256385088 373.58442950248718 5104.57970058918 6332.6918570697308 1967.2318019717932 240.78668653964996 14.236701041460035 82.394548416137695 1525.2985727936029 137.92347627878189 1942.5620941072702 4.4779842644929877 83.484697505831718 2186.9805191904306 143.4806632399559 9.1213577985763532 1316.0385652333498 842.8318929374218 9065.5577000528574 1690.760389611125 311.72796484827995 195.85944956541061 548.28628773987293 1563.864250510931 13.363245308399199 2036.1248250752687 469.65921846032143 268.10419043898582 515.23516690731049 123.1947291046381
leaf_count=10896 6903 1135 15650 22172 5589 846 47 311 4980 409 5435 17 276 6660 459 28 4207 2713 32242 5000 1447 741 2225 4737 40 5938 1389 1062 2233 521
internal_value=-0.000582081 0.00129133 0.00282606 -0.00453622 0.00456588 -0.00315151 -0.00168877 0.0049517 -0.00239081 0.000671851 0.00121677 0.00587178 0.00364967 -0.00108489 0.00642619 -0.00766307 0.00719857 0.00820403 0.00531021 0.00112749 0.0152945 -0.00673758 -0.012508 -0.00794036 -0.00642055 0.000364291 -0.0117847 0.0112017 0.0131808 0.0152894
internal_weight=44601.3 30263.1 22493.1 14338.2 12443.4 7769.98 5951.97 12069.8 7261.39 10049.7 9432.98 10102.6 4328.4 5736.09 2385.84 616.704 2302.35 2158.87 9381.76 4009.23 316.206 7076.84 744.146 1818.01 1577.23 3726.89 478.781 282.341 720.824 638.43
internal_count=146308 98634 74061 47674 43495 24573 18950 42360 22536 30566 28740 36771 13090 17556 7655 1826 7379 6920 33706 12047 1464 25138 2966 5623 4777 10938 1417 1109 3065 2754
is_linear=0
shrinkage=0.05


Tree=125
num_leaves=31
num_cat=0
split_feature=17 32 37 32 37 12 25 3 23 35 17 33 2 34 18 16 35 28 3 38 26 30 2 28 24 11 26 27 18 23
split_gain=31.1436 24.7248 19.6806 13.2161 11.4015 11.1405 11.9041 10.9123 14.9786 10.3964 10.2156 10.036 10.4388 9.44254 9.28671 10.6676 13.2232 9.74672 9.50925 9.24726 9.2117 8.90301 8.63556 8.56466 9.34151 8.28292 8.26787 8.64626 8.223 8.16804
threshold=0.14201267063617709 -0.55043593049049366 -0.40408399701118464 1.9011231660842898 2.1628952026367192 1.7661835551261904 -0.40894334018230433 -0.092888664454221712 2.6350198984146123 -1.0418204665184019 0.69143059849739086 0.69445329904556286 0.0070087902713567027 -2.0603648424148555 1.0571049451828005 0.79306843876838695 0.83621153235435497 -0.41892710328102106 -0.94547170400619496 0.87130820751190197 -0.3661921620368957 -0.28202909231185908 -0.99855905771255482 -0.88338494300842274 0.12041186168789865 0.958805412054062 2.1672942638397221 2.2069747447967534 0.48020456731319433 -0.53648531436920155
decision_type=2 2 2 2 2 2 2 2 2 2 2 2 2 2 2 2 2 2 2 2 2 2 2 2 2 2 2 2 2 2
left_child=1 4 3 9 7 6 -2 19 11 13 -7 -9 -13 -3 15 16 18 -16 28 -1 -11 -17 -22 -20 26 -14 -25 -28 -8 -4
right_child=5 2 29 -5 -6 10 14 8 -10 20 -12 12 25 -15 17 21 -18 -19 23 -21 22 -23 -24 24 -26 -27 27 -29 -30 -31
leaf_value=0.0019561076747098018 0.0034659793642275584 0.025592563383317085 -0.001537954531168716 -0.0061328210953241931 0.031650224273263611 0.058177008835999071 -0.0068524165778655367 -0.00086514243479148033 -0.01704308223615358 -0.00097377825856448212 0.0057199573989109636 0.038753412010476697 0.0033974771978351431 -0.0060762336835657876 -0.01225181029491915 -0.00057057126087568734 -0.0052506438288500365 -0.001108015654242382 0.026478730516254257 0.0080783603816654611 0.0094437312206035566 0.0073077614672809547 0.0025516774699752519 0.002668001894886063 -0.012931521471964476 -0.021409607102598982 0.067745854366002431 0.00013130805734099115 0.0097213446855531436 -0.0045819239946686355
leaf_weight=2734.0273977816105 5540.0250406116247 24.568357333540916 3617.7133598923683 658.46048503369093 30.526119649410248 9.330342158675192 500.49092449247837 5327.2535082101822 127.31832364201546 1325.0764228850603 1755.8163872659206 20.582122027873993 1885.9883061349392 561.13413438946009 269.08956931531429 546.95248770713806 994.71151708066463 724.52448697388172 37.230485290288925 796.45593258738518 594.41163524985313 1041.3168994188309 1930.9256242364645 2419.0851185917854 96.55215285718441 34.26025053858757 10.00909072160721 8.9612558335065824 87.997420310974121 5638.9324646443129
leaf_count=8144 17226 72 19840 4146 87 31 1621 16115 392 4869 5074 59 5576 1890 915 1661 3432 2233 107 2355 1873 3170 6607 8050 295 96 30 28 285 30029
internal_value=0.000394683 -0.000653106 -0.00201863 0.000477213 0.00113552 0.00228308 0.00174907 0.00105027 -4.15121e-05 0.00145835 0.00599724 0.000256312 0.00333452 -0.00474783 0.000337191 0.00110933 -0.000222951 -0.00412597 0.00135951 0.00333725 0.0024024 0.0045947 0.00417392 0.00267148 0.00232178 0.00295488 0.00292585 0.0358059 -0.00437412 -0.00339227
internal_weight=39349.7 25307.6 14351.2 5094.58 10956.4 14042.1 12276.9 10925.9 7395.4 4436.12 1765.15 7268.08 1940.83 585.702 6736.92 5743.31 4155.04 993.614 3160.33 3530.48 3850.41 1588.27 2525.34 2571.84 2534.61 1920.25 2438.06 18.9703 588.488 9256.65
internal_count=146308 102150 69326 19457 32824 44158 39053 32737 22238 15311 5105 21846 5731 1962 21827 18679 13848 3148 10416 10499 13349 4831 8480 8510 8403 5672 8108 58 1906 49869
is_linear=0
shrinkage=0.05


Tree=126
num_leaves=31
num_cat=0
split_feature=28 28 14 35 32 28 11 28 24 11 30 33 14 14 39 17 6 41 35 10 25 25 23 39 27 17 24 23 17 41
split_gain=31.0625 19.8292 18.3032 16.0282 16.1636 12.5032 13.1943 12.0354 11.741 11.5365 13.1164 9.68059 9.42444 9.11969 11.6919 10.313 10.3991 13.8787 9.08932 8.67131 8.35053 8.28978 9.18669 9.49006 8.2866 8.27675 8.22485 14.4317 10.263 7.85567
threshold=-0.70392066240310658 -0.74893552064895619 -0.48160158097743982 -0.86858186125755299 -0.56097197532653797 -0.16696543246507642 -1.0615866184234617 -0.41747611761093134 0.018263566307723526 -0.40371188521385187 -0.46941281855106348 -1.4946477413177488 0.98872205615043651 -0.46804115176200861 -1.3482199311256406 0.88067278265953075 1.771749794483185 0.23219373822212222 -0.018087295815348622 0.69625231623649608 -0.29457339644432062 -0.83620762825012196 -0.22316531091928479 -0.15126598626375196 1.1753888726234438 -0.99301367998123158 -0.15649059414863584 -0.4231830090284347 0.75693446397781383 0.45239831507205969
decision_type=2 2 2 2 2 2 2 2 2 2 2 2 2 2 2 2 2 2 2 2 2 2 2 2 2 2 2 2 2 2
left_child=1 12 25 7 13 9 8 -2 -7 10 21 -8 -1 15 -15 16 -5 -18 -10 -16 24 -6 23 -23 29 -3 27 28 -9 -12
right_child=3 2 -4 4 5 6 11 26 18 -11 20 -13 -14 14 19 -17 17 -19 -20 -21 -22 22 -24 -25 -26 -27 -28 -29 -30 -31
leaf_value=-6.6518509928392957e-05 0.0084880942153533253 -0.027479568459491677 -0.0025565341988212052 -0.001478422715781653 -0.0038508042120500054 0.0076096223827767408 0.020555975784459161 -0.035646864465674249 0.010328944507665555 0.0020177782975795144 -0.0025531190692340291 -0.0020354653332701578 0.010741189872414798 -0.016459275766285458 0.0049125881527380686 0.04300484644693154 0.07286179049772902 0.0061166156847478476 0.078524831041237225 0.00032685164691831733 -0.0077592102280532593 0.024538902586842652 0.00094310069279385114 0.00052016274048310638 0.037018490921355042 -0.0084498578903811281 0.0018332463030607668 0.021851762266120366 0.0087192382399014692 0.016662023864559304
leaf_weight=2967.9705819934607 1011.4824842885137 59.719489544630051 3815.0813289657235 2349.9646488428116 180.43939374387264 70.148036576807499 47.684907957911491 21.58930641412735 8.2283939346671122 6710.9245697036386 1067.8053540959954 8509.2858278676867 216.4188277721405 72.456207513809204 4095.714620500803 13.847534924745558 7.9605817496776572 360.10165134072304 12.028576634824274 1377.6173555254936 810.69327551871538 128.93585635721684 173.19291363656521 60.385823294520378 14.06758603453636 1322.544065952301 3634.4319711476564 128.37652805447578 32.897647053003311 55.979225389659405
leaf_count=10480 3069 619 19155 6931 586 250 153 61 28 21701 3511 35189 621 208 11652 39 23 1039 40 3912 3079 421 590 243 41 10610 11424 362 92 179
internal_value=0.000261212 -0.00243895 -0.00434256 0.000992309 0.000503197 -0.000343695 -0.00170882 0.00363878 0.0172925 0.000939093 -0.00196638 -0.00190957 0.000668 0.00232942 0.00349423 -3.51789e-05 -0.000254455 0.0075602 0.0508236 0.00375838 -0.0038814 0.00490623 0.00926499 0.0168779 -0.00111855 -0.00927202 0.00235384 0.0127008 -0.00885989 -0.00159595
internal_weight=39338 8381.73 5197.34 30956.2 26127.5 17849.8 8647.38 4828.78 90.405 9202.42 2491.5 8556.97 3184.39 8277.66 5545.79 2731.87 2718.03 368.062 20.257 5473.33 1948.55 542.954 362.515 189.322 1137.85 1382.26 3817.3 182.863 54.487 1123.78
internal_count=146308 41485 30384 104823 89815 66011 35660 15008 318 30351 8650 35342 11101 23804 15772 8032 7993 1062 68 15564 6810 1840 1254 664 3731 11229 11939 515 153 3690
is_linear=0
shrinkage=0.05


Tree=127
num_leaves=31
num_cat=0
split_feature=32 4 17 11 22 22 22 41 35 29 3 15 26 32 31 27 8 32 32 32 15 32 29 8 0 16 8 35 7 24
split_gain=119.57 74.4029 31.519 25.3457 22.2661 20.4109 20.6811 17.8342 17.2801 14.9567 14.9163 13.3102 11.7045 11.6536 11.4328 11.0789 11.0744 10.9041 10.7629 14.275 12.5367 13.5033 10.6815 15.9874 10.7139 10.1723 10.2998 10.6927 11.0401 10.2136
threshold=-0.55043593049049366 -0.57349810004234303 -0.32921051979064936 -0.17023564130067823 -0.40989206731319422 -0.40989206731319422 -0.3786234557628631 0.74140667915344249 0.32866813242435461 -0.73537117242813099 -0.33368360996246332 1.7873002886772158 -0.56812074780464161 1.8167446851730349 -0.56003680825233448 -0.10111445188522337 0.70687445998191845 -0.56480154395103443 -0.56480154395103443 -0.55326443910598744 -0.531620293855667 -0.55640113353729237 -0.071278221905231462 1.5391730666160586 -0.14841309934854505 -0.46370668709278101 -0.35078965127468104 0.32866813242435461 0.98983141779899608 -0.058554718270897858
decision_type=2 2 2 2 2 2 2 2 2 2 2 2 2 2 2 2 2 2 2 2 2 2 2 2 2 2 2 2 2 2
left_child=3 5 9 7 14 -2 15 18 16 -3 -11 -10 -12 -8 -4 -7 -6 -5 -1 20 21 -20 -22 -24 -25 -16 29 -28 -29 -27
right_child=1 2 4 17 8 6 13 -9 11 10 12 -13 -14 -15 25 -17 -18 -19 19 -21 22 -23 23 24 -26 26 27 28 -30 -31
leaf_value=-0.0045149097899408281 -0.0055899218584118766 0.00054936126901699699 -0.012535043505874971 -0.0096413345926047011 0.0011883351628104346 0.0068667776145992596 -0.0083741669752162538 -0.0079460078872500822 0.006369922098999229 0.0010701405370097655 0.009661265694661858 -0.010042631111771583 0.0052085777963004508 -0.00043587819586603666 0.0096592551134203966 -0.0005062288706667923 -0.013573441252243091 -0.0052535921485593875 0.0024842251103623886 -0.0060604632423998097 -0.0022254736926103857 0.014691682017432534 0.0032936200507766352 -0.018444198498777094 0.047750077800756734 0.0043513320691534628 -0.0058507901842215241 0.0021192564212135232 -0.004768951648551267 -0.0048954631754268389
leaf_weight=1733.2996296435595 3858.2835425436497 1677.0220393240452 212.78962835669518 1962.5825288593769 3470.8492343276739 974.21263772249222 897.81713464856148 1160.3116277307272 3050.9216637909412 1402.3444926589727 2261.3228423297405 128.74237805604935 4249.0331944227219 953.1368346363306 226.2151865363121 1068.1126043200493 131.87948451936245 5083.6650998145342 845.68261474370956 764.54373443126678 1949.5063323378563 309.41547435522079 446.47437182068825 7.4594162106513968 33.863900154829025 1261.6095377504826 1507.9637758135796 1526.2611793279648 939.94426319003105 391.24222329258919
leaf_count=5881 12296 4815 735 7834 11000 3192 3083 3862 9755 5094 9503 362 15817 2860 634 3142 429 17304 2465 2266 5779 845 1317 22 99 3578 4249 4292 2642 1156
internal_value=-0.000573323 0.00121052 0.00266946 -0.00434016 0.00105048 -0.00301261 -0.000458464 -0.00226479 0.00301895 0.00483858 0.00574764 0.00570539 0.00675519 -0.0042864 -0.00115045 0.00301078 0.000647974 -0.0064757 -0.0011824 0.000143351 0.00146366 0.00575423 -0.000569743 0.00604746 0.0358011 -0.000736575 -0.0011545 -0.00253406 -0.000506045 0.00216255
internal_weight=44486.5 30189.7 22438.1 14296.8 12848.4 7751.56 3893.28 7250.56 6782.39 9589.72 7912.7 3179.66 6510.36 1850.95 6066.03 2042.33 3602.73 7046.25 6090.25 4356.95 3592.4 1155.1 2437.3 487.798 41.3233 5853.24 5627.02 3974.17 2466.21 1652.85
internal_count=146308 98634 74061 47674 38832 24573 12277 22536 21546 35229 30414 10117 25320 5943 17286 6334 11429 25138 18674 12793 10527 3310 7217 1438 121 16551 15917 11183 6934 4734
is_linear=0
shrinkage=0.05


Tree=128
num_leaves=31
num_cat=0
split_feature=17 29 22 26 31 3 16 11 23 8 20 9 38 22 22 7 23 19 23 12 12 25 20 22 17 17 0 8 27 26
split_gain=28.3956 20.0285 13.3066 11.8537 11.6971 14.1457 11.0836 9.95914 16.8971 12.9975 9.46446 9.14221 9.86228 9.02893 11.0813 9.00014 10.6866 8.67801 8.62119 15.4308 9.37698 8.90527 9.68342 11.6144 8.47089 12.7585 8.58401 8.40775 8.31154 8.46226
threshold=0.14201267063617709 -0.47698090970516199 -0.42728608846664423 1.6747483611106875 -0.54526427388191212 -0.12061088904738425 0.23276081681251529 2.0110456943511967 -0.51237693428993214 -0.81267571449279774 -0.54939505457878102 0.037442717701196677 -1.204437732696533 2.4396792650222783 2.6582129001617436 1.7303815484046938 -0.53648531436920155 1.1413687467575075 2.1801403760910039 1.6032142639160158 4.4128339290618905 0.12435321882367135 1.0000914335250857 -0.40989206731319422 1.793669641017914 0.80447515845298778 -0.6602826416492461 0.82189524173736583 -0.10111445188522337 -0.04286427050828933
decision_type=2 2 2 2 2 2 2 2 2 2 2 2 2 2 2 2 2 2 2 2 2 2 2 2 2 2 2 2 2 2
left_child=1 4 7 18 6 -6 -1 10 -9 -10 -2 -12 -13 -3 -15 16 -7 -8 21 -20 24 22 23 -4 25 -21 -26 -17 29 -14
right_child=2 13 3 -5 5 15 17 8 9 -11 11 12 28 14 -16 27 -18 -19 19 20 -22 -23 -24 -25 26 -27 -28 -29 -30 -31
leaf_value=-0.0074225010528080129 0.00062250140875080818 0.00048137226803914018 0.0037704429054167816 0.0056380724169812907 0.0016442532899326541 -0.00090236436698053603 0.0070756105811333493 0.043790040744690506 0.042034860234624029 -0.0041155109590619507 0.012705103209475186 0.029582998839113774 0.0041552548018453329 -0.010824809122573905 0.0078392409565958814 -0.0084389640166604597 -0.0064837048304634444 0.067510589614402844 -0.0089672942340436792 0.06662994513637184 -0.041004744698748458 -0.00031087480927748253 0.0095108778957811863 -0.0013184442349283157 -0.00011480105895616752 -0.0076318325728691036 0.052965211594920326 0.010646367853608644 -0.0043216159260760093 0.029512373002155919
leaf_weight=1558.9866504445672 709.21415907144547 17333.1668632254 3271.5071241259575 1568.3597554415464 2020.8995381444693 1448.702809728682 67.217378735542297 45.991560965776443 19.719068884849548 67.410300701856613 532.14654392004013 33.63425424695015 180.39569610357285 354.53607889264822 102.52610814571381 81.321840509772301 2102.0575263127685 6.5157488733530036 446.12522941827774 6.8717785477638236 7.0886921882629386 4601.5913555771112 473.2474453151226 1705.8474143594503 10.92036062479019 36.529205963015556 25.177480310201645 198.71153651922941 268.18496805429459 40.242046266794205
leaf_count=12097 1979 60750 9643 4629 8079 6867 365 125 53 183 1480 93 502 2349 320 418 9846 32 1430 22 20 15112 1479 6329 31 110 71 1027 754 113
internal_value=0.000387276 -0.000614476 0.00218931 0.0015814 -0.0027845 -0.00174039 -0.00652659 0.00608408 0.0192714 0.00632921 0.00508879 0.00809234 0.00339404 0.000298459 -0.00663817 -0.00352593 -0.00420653 0.0124162 0.00098032 -0.00521829 0.0140977 0.00130881 0.00267621 0.00202637 0.0190111 0.00412621 0.0369074 0.00510398 0.00159206 0.00878013
internal_weight=39324.8 25274.6 14050.2 12153.3 7484.41 5851.69 1632.72 1896.94 133.121 87.1294 1763.82 1054.6 522.457 17790.2 457.062 3830.79 3550.76 73.7331 10584.9 532.713 86.5875 10052.2 5450.6 4977.35 79.4988 43.401 36.0978 280.033 488.823 220.638
internal_count=146308 102150 44158 38876 38731 26237 12494 5282 361 236 4921 2942 1462 63419 2669 18158 16713 397 34247 1684 254 32563 17451 15972 234 132 102 1445 1369 615
is_linear=0
shrinkage=0.05


Tree=129
num_leaves=31
num_cat=0
split_feature=28 28 35 32 15 17 28 28 10 26 20 30 33 6 25 20 25 9 12 15 7 15 24 6 15 7 2 20 23 3
split_gain=28.1314 18.608 14.9842 14.4412 14.0832 13.5426 11.39 11.1024 9.4772 9.80347 9.61883 9.3555 8.96122 8.77747 8.69447 10.5013 8.63135 8.50259 8.43686 15.6752 8.4126 8.89862 8.30497 8.1846 8.15271 8.12549 10.3109 7.95658 7.86408 7.77518
threshold=-0.70392066240310658 -0.70393428206443776 -0.86858186125755299 -0.56097197532653797 1.2305749058723452 0.059402855113148696 -0.16696543246507642 -0.41747611761093134 -0.79936286807060231 -0.42626312375068659 -0.85416144132614125 -3.3712853193283077 -1.4946477413177488 -1.8769857883453367 -0.75704172253608693 -0.56884199380874623 -0.84970447421073902 -2.5210473537445064 0.32831947505474096 0.14928191155195239 -0.38700857758522028 -0.43406839668750757 -0.28557376563549036 -0.82372558116912831 -0.16619589924812314 2.1006571054458623 0.3930013775825501 -0.29704076051712031 -1.1754154562950132 0.53734394907951366
decision_type=2 2 2 2 2 2 2 2 2 2 2 2 2 2 2 2 2 2 2 2 2 2 2 2 2 2 2 2 2 2
left_child=1 4 7 20 11 23 13 18 9 10 -8 -1 -10 -5 16 22 28 -7 -2 -20 -4 25 -16 -3 -17 -22 -27 -11 -15 -24
right_child=2 5 3 6 -6 17 8 -9 12 27 -12 -13 -14 14 15 24 -18 -19 19 -21 21 -23 29 -25 -26 26 -28 -29 -30 -31
leaf_value=0.028692634834067671 0.012780294701514412 -0.0024655016825243844 -0.0013350508916027503 -0.010472443645882894 0.0098756807139303276 0.041057002389856774 0.034808649168713117 0.0022744294964105829 0.019717112271616183 -0.00032642691507096122 -0.0038497724421272675 -0.0013309224281062102 -0.0022591255244687578 0.01445754230754749 0.018780606970095051 -0.0018999495645870815 0.0043085085596818026 -0.001355517079412506 -0.029203039927109799 0.005979834158801314 -0.00027591663403900789 0.0042445280892643503 -0.0092293985480500305 -0.0098122136428162362 0.0029320154768893631 0.052312073066152334 0.0074773373927661292 0.015042281446599354 -0.00096753107812989523 0.001002857860273945
leaf_weight=26.082007363438606 500.42375835031271 512.49414332211018 1396.351237565279 166.5620422065258 305.83650642633438 11.952644646167753 16.883493632078171 3819.5879081860185 46.662859782576561 130.67605575174093 342.65326683223248 5002.3481138646603 7859.4067239537835 87.075124748051167 34.675990700721741 1576.404232904315 2879.7235498502851 1040.4224677681923 33.894301816821098 479.93902687728405 2267.3652272522449 4466.3181159794331 619.66867984086275 1456.4546402543783 1956.2889957875013 14.109301865100859 140.71519926190376 236.8658432662487 1618.3178928792477 265.07200167328119
leaf_count=92 1515 3623 4038 516 896 48 48 11939 149 546 1752 20245 32137 300 99 5884 8516 4677 103 1451 6682 12643 2169 11904 6438 40 401 1028 5524 905
internal_value=0.00025708 -0.00231739 0.000951986 0.000478767 -0.000541599 -0.00545263 -0.000322456 0.00350923 -0.00162703 0.00383576 -0.00203441 -0.00117519 -0.00212942 0.000901237 0.00111086 -0.000462999 0.00263907 -0.000873805 0.00815937 0.00365904 0.00220376 0.00292111 -0.00522299 -0.00789995 0.000775833 0.000480829 0.0115632 0.00957808 -0.000179947 -0.00616377
internal_weight=39311.2 8355.59 30955.6 26121.8 5334.27 3021.32 17836.9 4833.84 8633.15 727.079 359.537 5028.43 7906.07 9203.79 9037.23 4452.11 4585.12 1052.38 1014.26 513.833 8284.86 6888.51 919.417 1968.95 3532.69 2422.19 154.825 367.542 1705.39 884.741
internal_count=146308 41485 104823 89815 21233 20252 66011 15008 35660 3374 1800 20337 32286 30351 29835 15495 14340 4725 3069 1554 23804 19766 3173 15527 12322 7123 441 1574 5824 3074
is_linear=0
shrinkage=0.05


Tree=130
num_leaves=31
num_cat=0
split_feature=32 4 17 17 31 31 17 35 8 32 7 19 29 31 36 12 35 31 24 17 32 29 30 12 32 17 35 14 4 29
split_gain=109.154 67.9227 28.6047 23.7154 19.411 33.8431 16.1084 17.8648 18.6383 14.1753 15.7705 13.9277 13.8427 14.2326 13.5932 13.4895 18.9449 14.6201 13.0269 15.3695 13.2309 12.7725 11.7045 11.3757 11.2365 12.0765 15.8756 12.5976 11.1993 10.604
threshold=-0.55043593049049366 -0.57349810004234303 -0.32921051979064936 0.083397664129734053 -0.54124015569686879 -0.54869693517684925 1.793669641017914 0.32866813242435461 0.08739787340164186 -0.52605235576629628 0.98983141779899608 -0.67796590924262989 -0.73537117242813099 -0.56003680825233448 -0.37561959028244013 -0.24328432232141492 1.8843143582344057 -0.56003680825233448 -0.11213024333119391 -0.93639671802520741 -0.52605235576629628 0.53154218196868908 1.0811200141906741 -1.0356041193008421 -0.56097197532653797 -0.84923207759857167 0.079672947525978102 -0.48160158097743982 -0.1052480787038803 -0.00405179988592863
decision_type=2 2 2 2 2 2 2 2 2 2 2 2 2 2 2 2 2 2 2 2 2 2 2 2 2 2 2 2 2 2
left_child=3 4 12 21 5 -2 7 8 -4 10 -9 -8 -3 -14 -10 16 -11 -17 -15 -20 -21 23 -23 -1 -25 26 -26 29 -22 -27
right_child=1 2 6 -5 -6 -7 11 9 14 15 -12 -13 13 18 -16 17 -18 -19 19 20 28 22 -24 24 25 27 -28 -29 -30 -31
leaf_value=0.003539143617198739 -0.0069612410290259656 0.00048298438132725064 0.0011631554054582595 -0.0072788196052951185 -0.0074328748718986218 0.0011067726020157164 0.0067025927642822341 0.0041911987397804974 -0.016307370842818639 0.0005839802676786838 -0.0037691268923190388 -0.010896714311537362 -0.0025068072445670764 -0.0077850945664690282 -0.0031434664591349485 -0.015847760483359997 -0.048079151133548194 0.0080832353962775588 0.016723012886047533 0.0031332129153647838 0.0047461357919126521 0.0033437647738222272 -0.013449204044184274 -0.0057931493217595487 -0.030291504115179668 0.0072245806494896248 0.0019460788646565984 -0.0028089136404044388 0.0099699237998993016 -0.012959358151872567
leaf_weight=536.08095785975456 1925.1378088891506 1676.3591256737709 5055.3474720418453 4285.279169484973 1807.6288967132568 4001.5233729928732 146.49539412558079 1443.5633338093758 227.81972479820251 521.71720689535141 1093.4967409074306 483.24100559949875 520.12462297081947 166.26460999250412 1408.7624719589949 65.590623244643211 20.797328323125839 2366.548212453723 341.54663461446762 2702.982258155942 1859.3173082768917 1160.8540384173393 113.94674360752106 4173.755339846015 84.927446335554123 563.21879732608795 69.394374042749405 3195.5171131193638 2289.3989412039518 73.573108792304993
leaf_count=1577 6903 4815 15301 16214 5623 12047 433 4000 698 1874 3034 1437 1598 493 4287 225 59 7484 1619 8650 7390 3554 365 13963 244 1597 199 9747 10664 214
internal_value=-0.000563605 0.00114228 0.00253772 -0.00416808 -0.00289729 -0.00151393 0.000995542 0.00139794 -0.000338226 0.00350588 0.000760224 -0.00680259 0.00460882 0.00548657 -0.00497594 0.00584762 -0.00128152 0.00743786 0.00605149 0.00637131 0.0058553 -0.0028312 0.00184274 -0.00351635 -0.00397985 -0.00208143 -0.0157951 -0.0015292 0.00762879 0.00489259
internal_weight=44380.2 30123.7 22389.4 14256.5 7734.29 5926.66 12833.4 12203.6 6691.93 5511.71 2537.06 629.736 9555.99 7879.63 1636.58 2974.65 542.515 2432.14 7359.51 7193.25 6851.7 9971.27 1274.8 8696.47 8160.39 3986.63 154.322 3832.31 4148.72 636.792
internal_count=146308 98634 74061 47674 24573 18950 38832 36962 20286 16676 7034 1870 35229 30414 4985 9642 1933 7709 28816 28323 26704 31460 3919 27541 25964 12001 443 11558 18054 1811
is_linear=0
shrinkage=0.05


Tree=131
num_leaves=31
num_cat=0
split_feature=21 12 32 23 12 23 35 35 32 16 24 31 14 28 14 16 35 33 41 41 36 13 8 8 21 10 9 33 13 39
split_gain=27.0111 19.5811 13.8673 15.4496 12.3565 13.5966 13.0909 13.2316 13.1429 14.9854 11.6544 11.6307 11.7664 10.4468 12.3014 12.1566 12.9222 10.0763 9.97044 10.3592 9.96021 9.69216 9.43616 9.72844 9.1377 9.06793 9.02084 8.90883 8.83377 8.62604
threshold=-0.58277109265327443 -0.12480084225535391 -0.56097197532653797 2.6350198984146123 2.111241459846497 1.7486712932586672 0.25767135620117193 -0.34770829975605005 -0.54039704799652089 1.3366457223892214 -0.14886482805013654 -0.54526427388191212 -0.94359457492828358 -0.88338494300842274 -0.70544978976249684 -0.42066173255443567 0.35878767073154455 0.31065919995307928 -0.22529058903455731 0.38225473463535314 -0.24926802515983579 0.53874674439430248 0.58715233206748974 -0.25395715236663813 -0.39491103589534754 2.4169775247573857 1.017122805118561 0.19272524863481524 -1.8549494743347166 0.92818883061409008
decision_type=2 2 2 2 2 2 2 2 2 2 2 2 2 2 2 2 2 2 2 2 2 2 2 2 2 2 2 2 2 2
left_child=11 2 3 21 5 6 7 -3 17 10 -10 -1 -13 14 27 16 26 -8 -15 -20 -14 -2 23 -5 -19 -12 -16 -4 -6 -21
right_child=1 4 13 22 28 -7 8 -9 9 -11 25 12 20 18 15 -17 -18 24 19 29 -22 -23 -24 -25 -26 -27 -28 -29 -30 -31
leaf_value=-0.0076721524301160155 0.0039777366548613656 0.0016981364015412883 0.0038184534496848417 -0.023105897216078402 -0.028601922206049214 -0.0029215971172268386 -0.0035021655119064814 0.0054623712386317486 0.024704776663439915 0.01061775021576088 -0.0038091746571404465 -0.015974463037144452 0.0039735189021048454 0.00021957388132773007 0.035164121394253504 0.0037896173466590612 0.0022216204852626509 0.0067285284251883352 -0.0040199066218617211 0.0053114890517858178 -0.002906804258544855 -0.0009520265325772177 -0.03611835227453216 0.021268375612078991 0.0011353863075781975 -0.032820719214657811 0.090621613342785734 -0.026390024452998418 0.0076242201823157807 -0.00177817778937961
leaf_weight=1188.5002118349075 2994.5408345758915 5934.2842600047588 92.323192551732063 28.485204637050629 17.092882007360458 1511.6796496212482 655.34543712437153 3848.5000269934535 35.52075007557869 198.23622673749924 2226.373308904469 138.37799867987633 725.14948599785566 4787.3061461448669 48.631495743989944 93.548080503940582 28.290078610181808 1201.361330524087 4871.1330645978451 586.23083255439997 1915.3721087351441 1494.6845447421074 41.297011196613312 21.807536572217941 1862.1101000458002 27.264172732830048 8.6347043514251691 33.176959484815598 1087.4697713702917 1600.0980497971177
leaf_count=7937 8835 18731 309 87 49 4923 1939 12731 105 610 8862 706 2525 18936 150 279 91 3527 23075 2744 7944 4403 130 66 5602 101 27 112 3090 7682
internal_value=0.000379281 0.000818495 -0.000422729 0.00192162 0.00193463 0.00161091 0.00203944 0.00317897 0.000243202 -0.00257021 -0.00371226 -0.00353256 -0.00176211 -0.00130664 0.00783615 0.0162472 0.0298683 0.002125 -0.00154176 -0.00273654 -0.00101731 0.00233638 -0.0184076 -0.00386468 0.00332878 -0.00416015 0.0435261 -0.0041674 0.00706363 0.000122809
internal_weight=39302.8 35335.4 16730.2 4580.82 18605.2 17500.7 15989 9782.78 6206.21 2487.39 2289.16 3967.4 2778.9 12149.4 304.605 179.104 85.5563 3718.82 11844.8 7057.46 2640.52 4489.23 91.5898 50.2927 3063.47 2253.64 57.2662 125.5 1104.56 2186.33
internal_count=146308 127196 66926 13521 60270 57131 52208 31462 20746 9678 9068 19112 11175 53405 968 547 268 11068 52437 33501 10469 13238 283 153 9129 8963 177 421 3139 10426
is_linear=0
shrinkage=0.05


Tree=132
num_leaves=31
num_cat=0
split_feature=28 28 24 34 36 28 24 15 15 15 39 18 24 28 29 38 17 30 29 32 6 8 23 15 12 12 7 10 29 27
split_gain=25.2757 16.9421 14.1384 15.1521 14.9144 13.2328 13.6445 13.0918 12.7195 11.7638 11.7234 10.8236 9.50688 9.17114 10.2622 8.87445 8.66444 8.62971 8.20064 8.21573 8.041 8.02538 7.64215 10.9263 7.625 8.61442 8.42124 7.72722 9.80414 8.18172
threshold=-0.70392066240310658 -0.70393428206443776 -0.15817306935787198 -0.7159113585948943 0.82455477118492138 -0.015169586054980753 0.018263566307723526 1.2305749058723452 -0.55645433068275441 -0.83893945813179005 0.91516530513763439 -1.3684068322181699 -0.051932087168097489 -0.037672959268093102 -0.63647726178169239 0.46540226042270666 -0.57936465740203846 -3.3712853193283077 -0.73537117242813099 1.8510450720787051 -0.94687142968177784 0.71936929225921642 -1.0074117183685301 2.503979086875916 -1.2207691669464109 -0.93843910098075856 1.8092766404151919 -0.94781795144081105 1.4525187015533449 -0.76251763105392445
decision_type=2 2 2 2 2 2 2 2 2 2 2 2 2 2 2 2 2 2 2 2 2 2 2 2 2 2 2 2 2 2
left_child=1 7 -2 10 5 13 12 17 -3 -8 22 -10 -7 14 -5 -6 -11 -1 -15 -20 21 -18 23 -4 -19 26 -26 28 29 -27
right_child=2 8 3 4 15 6 9 -9 11 16 -12 -13 -14 18 -16 -17 20 24 19 -21 -22 -23 -24 -25 25 27 -28 -29 -30 -31
leaf_value=0.027390053516896218 0.0050784019514605932 -0.011927898011296092 0.0079141554353758647 -0.0055518333687468481 0.013670034494316844 -0.0019562695259833967 0.021612262430677903 0.0095290062132719639 -0.014747116753522289 -0.0094643037419638136 -0.019905066152975163 -0.0026223961265742128 -0.0066513481132328012 0.059502526286378546 0.00070433756523390198 0.0023060807521827491 0.015576150509127463 0.028213812356842186 0.0061512465500346419 0.057307599259738884 0.0025027880605278498 0.074428902226503543 0.002668151569614276 0.047366229979107895 -0.013156595593659471 0.087310832883134779 0.039440528363578808 -0.0012295717482915657 0.042590410348478103 0.00043272978712395241
leaf_weight=26.416379392147064 1909.2935590445995 568.90471956878901 416.03384307026863 694.81183849275112 179.54950678348541 4840.5901481360197 86.215842738747597 306.66161644458771 200.61767333000898 132.0802623257041 55.390049189329147 2230.6601210087538 1387.1542486995459 9.5030112415552122 11581.758943475783 3980.3393633961678 57.272116102278233 21.842599287629128 86.534408964216709 8.6313516274094564 432.47623056918383 6.4443742185831061 5073.1297428831458 18.32281282544136 205.85644149780273 2.8299719095230094 7.9022615998983374 4671.4409390464425 22.022744387388229 63.907351642847061
leaf_count=92 5407 5739 1272 3307 588 20615 339 896 1316 629 170 13197 5331 33 35830 13041 212 64 405 45 1585 21 15937 56 1210 8 47 18586 69 261
internal_value=0.000252701 -0.00219231 0.000910571 0.000636607 8.07917e-05 -0.000503852 -0.00225123 -0.000500271 -0.0051977 0.00429313 0.00298295 -0.00362287 -0.00300204 0.000475912 0.00035026 0.00279657 0.00191648 -0.00111267 0.0152136 0.010791 0.00494591 0.0215286 0.00321314 0.00957839 -0.00126338 -0.00139283 -0.0112122 -0.000951887 0.0136627 0.00411676
internal_weight=39284.6 8329.06 30955.5 29046.2 23483.4 19323.5 6942.23 5328.88 3000.18 714.489 5562.88 2431.28 6227.74 12381.2 12276.6 4159.89 628.273 5022.22 104.669 95.1658 496.193 63.7165 5507.49 434.357 4995.8 4973.96 213.759 4760.2 88.7601 66.7373
internal_count=146308 41485 104823 99416 81981 68352 28732 21233 20252 2786 17435 14513 25946 39620 39137 13629 2447 20337 483 450 1818 233 17265 1328 20245 20181 1257 18924 338 269
is_linear=0
shrinkage=0.05


Tree=133
num_leaves=31
num_cat=0
split_feature=32 32 32 32 15 14 11 15 11 16 41 18 17 32 32 38 32 12 32 14 22 41 32 12 3 26 8 23 26 16
split_gain=99.3236 62.0214 59.8306 47.7003 30.3202 23.3684 23.3457 22.9612 22.0029 19.119 15.9802 14.7119 13.1717 11.5012 10.94 10.3849 10.2841 10.1149 9.43504 10.4945 9.3438 11.6675 9.36108 9.30038 12.3816 9.0972 10.8983 10.6514 8.69218 8.63695
threshold=-0.55043593049049366 1.0000000180025095e-35 1.8167446851730349 -0.52605235576629628 -0.922773778438568 -0.44109492003917689 0.90129181742668163 -0.51595553755760182 -0.17023564130067823 -0.15049669891595838 0.74140667915344249 0.62921652197837841 0.50604578852653515 1.7705337405204775 -0.54039704799652089 -1.2969920635223386 1.8074808716773989 1.3438533544540407 -0.56480154395103443 0.23519775271415713 -0.41168570518493647 -0.064183793962001787 -0.56480154395103443 1.9839787483215334 2.020182847976685 -0.3760398775339126 1.8979213833808901 0.53332450985908519 -0.73707619309425343 1.1456941366195681
decision_type=2 2 2 2 2 2 2 2 2 2 2 2 2 2 2 2 2 2 2 2 2 2 2 2 2 2 2 2 2 2
left_child=8 3 9 4 -2 -5 14 -4 10 13 20 29 -9 -3 23 -11 -15 18 19 -10 21 -1 -23 24 -6 26 27 -16 -12 -7
right_child=1 2 7 5 6 11 -8 12 17 15 28 -13 -14 16 25 -17 -18 -19 -20 -21 -22 22 -24 -25 -26 -27 -28 -29 -30 -31
leaf_value=-0.0036536525576629157 0.015186106829996316 -0.0083043641047527532 0.0073367450410207289 0.010317874073238139 0.0028341337696542964 0.003241775990484393 -0.0064191110790926533 0.0012198247630074344 -0.011802037702441042 -0.0058357177323873771 0.029702579785849195 0.0077860341780360103 -0.0049889785725756352 0.00052764619376293993 0.00039343917064847949 -0.013245628927644415 -0.0098504099086136349 -0.012113418781621808 -0.0042335027056680302 -0.0038699880140686 -0.0039952669727557786 -0.0030227892298660499 0.0036206887369648029 0.036601812254366942 -0.01861192813131653 -0.0027799783560630269 -0.026319806680548109 0.009467590705517932 -0.0079703644727616048 -0.0046600371673043125
leaf_weight=1311.6412326842546 340.91892786324024 853.59771575033665 1237.0949459075928 1925.4392931908369 4430.7654209285975 4589.586372256279 1236.9612292647362 3376.2549402266741 1021.108071833849 815.09075240790844 15.520331293344496 1935.1615344285965 1143.5285888910294 1431.1667533814907 1845.55407589674 1126.1128043681383 286.49780604243279 616.4421359449625 4646.7360864430666 704.82920706272125 1856.7270845621824 697.59193123877048 2210.3148063421249 20.092513710260391 68.339294910430908 2593.8376736044884 34.536259919404984 392.10512521862984 1136.3353769481182 373.99739268422127
leaf_count=4089 1559 2802 4732 9631 13444 15282 3707 10224 3952 2961 46 6779 3388 4387 5119 4098 867 2530 15730 2926 5757 2385 6443 58 190 7208 96 1093 3816 1009
internal_value=-0.000553896 0.00107488 -0.0020779 0.00271112 0.000508662 0.00544744 3.75902e-05 0.00130099 -0.00399728 -0.00638858 -0.00206308 0.00408811 -0.000351035 -0.00356072 0.000888575 -0.0101343 -0.00120336 -0.00599762 -0.00540602 -0.00856279 -0.00103949 0.000261143 0.00202695 0.00265996 0.00250838 -0.00075655 0.00155331 0.0019835 -0.00746275 0.00264639
internal_weight=44273.9 30056.6 10269.3 19787.3 10963.1 8824.18 10622.2 5756.88 14217.2 4512.47 7228.13 6898.75 4519.78 2571.26 9385.23 1941.2 1717.66 6989.12 6372.67 1725.94 6076.28 4219.55 2907.91 4519.2 4499.1 4866.03 2272.2 2237.66 1151.86 4963.58
internal_count=146308 98634 33459 65175 32474 32701 30915 18344 47674 15115 22536 23070 13612 8056 27208 7059 5254 25138 22608 6878 18674 12917 8828 13692 13634 13516 6308 6212 3862 16291
is_linear=0
shrinkage=0.05


Tree=134
num_leaves=31
num_cat=0
split_feature=16 29 14 26 32 31 15 36 33 17 35 11 23 23 12 36 36 22 1 36 16 21 16 8 13 35 12 26 17 35
split_gain=24.8745 18.7931 16.0705 14.4439 13.582 11.1246 12.1692 13.1384 10.9791 12.7034 11.2663 10.3331 10.1587 10.1225 13.7433 10.0941 11.0617 10.5537 10.5473 9.55361 8.84517 9.94173 8.65397 8.59339 9.95159 9.64864 8.74348 8.85683 10.3161 8.38929
threshold=-0.1122218258678913 -0.47698090970516199 -0.12376212701201438 1.6747483611106875 1.8167446851730349 -0.54526427388191212 -0.78463357686996449 -1.1764442324638364 -0.2024118900299072 -0.82656124234199513 -1.0691384673118589 0.32643422484397894 -0.7446027100086211 1.9802260994911196 1.6032142639160158 -0.32676789164543146 0.16432379931211474 2.4290481805801396 0.55364856123924266 0.15162878483533862 0.13791806995868686 -0.69419723749160755 -0.6672455072402953 -0.65380987524986256 -0.6289532184600829 1.6135346293449404 0.29492427408695226 1.8936393857002261 1.1045103073120119 2.7096775770187382
decision_type=2 2 2 2 2 2 2 2 2 2 2 2 2 2 2 2 2 2 2 2 2 2 2 2 2 2 2 2 2 2
left_child=1 5 11 13 15 -1 7 -7 10 12 -8 -2 -10 19 -15 -3 18 22 -17 29 -21 -22 -18 24 -5 26 27 -25 -29 -4
right_child=2 4 3 23 -6 6 8 -9 9 -11 -12 -13 -14 14 -16 16 17 -19 -20 20 21 -23 -24 25 -26 -27 -28 28 -30 -31
leaf_value=-0.007375382832502466 0.0041579913604604078 0.0029938122154101383 0.0020626683838212275 0.022354421614478207 -0.0052347877395379971 0.065947973750911271 -0.023542501626757906 -0.0084711886394146039 -0.0074066144772580557 -0.0030693747872200493 0.0046013506678828876 0.013469749116402292 0.031620763908753652 -0.0055236765570387527 0.012518320707412123 -0.0024125688565748401 0.005524722895143626 -0.013314001239010553 0.016149845778395115 -0.0033582857323486877 -0.025561071509393636 0.00096257614213918663 0.00056170541526475196 0.030537771777917423 0.0069252737382334093 0.010556652246211112 -0.0029116789936573227 -0.0018133405420598259 0.042746861383042359 0.021098548362798463
leaf_weight=1275.825433537364 1273.6055347695947 3245.4428586140275 8261.0051559954882 124.99669030308723 1087.2634578198195 5.9777881801128379 36.92900624871254 754.56471073627472 25.610681921243668 2808.7963330820203 958.70617763698101 388.89746156334877 47.783776357769966 1065.2802179306746 117.15950591862202 4294.5186501443386 1140.5824832543731 119.82720226794481 77.914730027318001 1785.0427117720246 35.593876838684082 4753.565824188292 3820.2392839863896 39.850153610110283 637.56963853538036 277.50133462250233 637.48355628550053 109.82804679870605 14.730584233999251 58.287112385034561
leaf_count=10501 4273 9963 27171 361 5742 18 132 4508 130 13087 3667 1220 232 3652 341 16040 3781 619 272 6487 112 15393 13336 131 1868 794 1921 344 43 169
internal_value=0.000371581 -0.000882821 0.00163364 0.00119732 0.000128684 -0.00324061 -0.0021033 -0.00788626 -0.000969109 -0.00253279 0.00355747 0.00633622 0.0180023 0.000716788 -0.00373602 0.000587911 -0.000238085 0.00134862 -0.0020818 0.00107031 -0.000354238 0.000765448 0.00170279 0.0053912 0.00945436 0.00252068 -0.000260237 0.0100205 0.00345645 0.00219604
internal_weight=39280.4 19700 19580.4 17917.9 13785.8 5914.19 4638.37 760.542 3877.83 2882.19 995.635 1662.5 73.3945 16075.9 1182.44 12698.5 9453.08 5080.65 4372.43 14893.5 6574.2 4789.16 4960.82 1841.96 762.566 1079.39 801.892 164.409 124.559 8319.29
internal_count=146308 82028 64280 58787 49753 32275 21774 4526 17248 13449 3799 5493 362 53325 3993 44011 34048 17736 16312 49332 21992 15505 17117 5462 2229 3233 2439 518 387 27340
is_linear=0
shrinkage=0.05


Tree=135
num_leaves=31
num_cat=0
split_feature=28 31 14 12 12 7 7 24 19 28 24 35 13 39 17 38 22 11 19 39 7 13 14 19 11 6 35 0 3 6
split_gain=20.4911 16.4625 11.8965 10.3059 10.3925 9.09081 10.9443 11.0726 10.766 8.92504 14.3784 14.1026 8.70612 8.64624 8.36479 8.33716 9.70707 8.44721 8.01888 8.44069 12.1754 8.01096 7.98525 8.24191 7.97668 9.40864 13.6701 16.9011 7.94154 7.91577
threshold=-0.49730363488197321 -0.54526427388191212 1.1270093321800234 -1.2207691669464109 -0.93843910098075856 2.0690565109252934 1.4572999477386477 -0.15649059414863584 -0.85312384366989125 -0.13526816666126248 0.025727819651365284 -0.53900367021560658 0.47305609285831457 -1.2679865360260008 -0.1035650111734867 -1.2466699481010435 -0.41827584803104395 -1.0125902295112608 -0.98013722896575917 -1.1128626465797422 -0.44379837810993189 0.60523992776870739 -0.56928452849388111 -0.52878591418266285 -0.99246081709861744 -0.67910793423652638 0.012241776566952469 0.10333741456270219 -0.20407229661941526 1.7717737555503847
decision_type=2 2 2 2 2 2 2 2 2 2 2 2 2 2 2 2 2 2 2 2 2 2 2 2 2 2 2 2 2 2
left_child=1 14 3 -3 24 6 7 8 18 -9 11 13 -13 21 -1 16 -12 28 19 -2 -21 -11 23 -15 25 -5 27 -27 -17 -14
right_child=5 2 -4 4 -6 -7 -8 9 -10 10 15 12 29 22 -16 17 -18 -19 -20 20 -22 -23 -24 -25 -26 26 -28 -29 -30 -31
leaf_value=-0.007594245284631697 0.027477575584261373 0.033537454032208751 0.0068280809286854344 -0.019918607950121261 -0.00065729844558831024 0.0071938202663737426 -0.0027859488990222571 0.0015905891209998888 0.0069647466253599721 0.0098840180656528526 -0.036972731441762038 -0.0034062132454400762 0.00047569958791849611 0.046846614351290505 -0.0021370268909617122 -0.0081499072796576821 -0.00037576228151140335 0.0062867516756887985 -0.0050644267480540756 -0.019157413814389776 0.011364481835930839 -0.0027676925555255184 -0.00025323335248363284 0.0067854008615323416 -0.01634208699382117 0.13495255907253501 0.0013940485255739198 0.0048571102576703568 0.049715082235389826 0.056609049324434425
leaf_weight=1415.4574378356338 40.976420193910599 21.59089370071888 534.00670716166496 22.728976666927338 5984.6156962737441 578.84965258091688 1916.8515384867787 15345.734836488962 1458.6886384487152 534.43631634116173 21.262352287769318 4528.6167976632714 1840.2285790964961 17.552324175834656 1393.4588913694024 8.2297152504324931 122.56792026013136 826.0529632344842 400.12354519963264 47.30325648188591 105.64789620041847 163.36632668972015 1766.5862535759807 47.807545758783817 183.3457241281867 5.0639651417732221 24.448997192084789 4.9239927381277084 21.213658928871155 6.3019612357020369
leaf_count=11979 116 64 1591 129 24942 1851 6636 46913 4152 1839 63 18851 7541 73 6526 27 468 3087 1145 134 298 583 6160 173 1141 29 144 25 70 25
internal_value=0.000342051 -0.00166827 -0.000334908 -0.000947243 -0.00106685 0.000989007 0.000866087 0.00112249 0.00465396 0.00083539 -0.000334724 -0.000972921 -0.00222635 0.0021858 -0.00488701 0.00535218 -0.00578587 0.00722476 -0.00102018 0.00732417 0.00192496 0.00692206 0.000381726 0.0175438 -0.0112576 0.0050496 0.021529 0.0708164 0.0335412 0.000667275
internal_weight=39388 9589.64 6780.72 6246.72 6225.13 29798.4 29219.5 27302.7 2052.74 25250 9904.22 8904.9 6375.15 2529.75 2808.92 999.327 143.83 855.496 594.051 193.928 152.951 697.803 1831.95 65.3599 240.512 57.1659 34.437 9.98796 29.4434 1846.53
internal_count=146775 46570 28065 26474 26410 100205 98354 91718 5845 85873 38960 35245 26417 8828 18505 3715 531 3184 1693 548 432 2422 6406 246 1468 327 198 54 97 7566
is_linear=0
shrinkage=0.05


Tree=136
num_leaves=31
num_cat=0
split_feature=32 32 32 32 3 17 32 17 17 22 14 17 18 41 3 35 17 12 21 36 17 17 30 18 33 34 7 14 11 40
split_gain=96.46 53.679 55.4721 42.3012 26.8442 23.1596 21.6801 23.2984 20.4072 18.2409 18.2132 18.2009 17.3729 14.7005 14.2967 14.0056 12.342 16.8662 12.1586 11.7205 12.1014 11.6758 11.3746 10.2754 10.1399 11.4659 12.1146 9.86738 9.80444 9.29696
threshold=-0.55043593049049366 1.0000000180025095e-35 1.8167446851730349 -0.52605235576629628 1.1739335060119631 0.2281315550208092 -0.54039704799652089 -0.91978719830512989 0.50604578852653515 2.4290481805801396 -0.46804115176200861 0.53880113363266002 0.62921652197837841 0.91221407055854808 -0.43043898046016688 -0.39233858883380884 -0.1095345765352249 -1.0356041193008421 -0.58664315938949574 -0.30276179313659662 -0.99301367998123158 0.99742260575294506 0.22164341062307361 1.1744452118873598 -0.70956084132194508 -0.17539928108453748 0.88858124613761913 1.166083872318268 -1.0966318249702451 -3.4149692058563228
decision_type=2 2 2 2 2 2 2 2 2 2 2 2 2 2 2 2 2 2 2 2 2 2 2 2 2 2 2 2 2 2
left_child=5 3 9 4 6 13 7 -2 15 16 -5 18 -12 14 -1 -4 -3 -18 24 20 -16 -14 -21 -17 -8 -26 28 -24 -27 -10
right_child=1 2 8 10 -6 -7 11 -9 29 -11 12 -13 21 -15 19 23 17 -19 -20 22 -22 -23 27 -25 25 26 -28 -29 -30 -31
leaf_value=-0.0065344800435758526 0.020521821482558544 -0.0032318350940666058 -0.00061241421067458415 0.0097280259669129902 -0.0073216537584577654 -0.0074872743861268036 0.039547269412133643 0.0030055700461814137 -0.019148179177153786 -0.022006112399396635 0.0025004834921248079 -0.0084395745699628027 0.0094088373943903535 -0.0082477794930882423 0.017177009996957478 0.0040686380388250398 0.10387042049501399 -0.0089233054136161911 -0.0011360435787840851 0.0011280400076568494 -0.0075214485858929106 -0.0024919830589371409 -0.0030452014368776265 0.014153133324479121 -0.0059397972857414758 -0.11252309550002049 -0.0041212145709235036 0.056204320542671493 0.011349944691781421 -0.0031741497814056392
leaf_weight=1562.9316919893026 197.99818477034569 2634.8610465526581 1760.3881310224533 1763.7813755869865 989.80753937363625 3427.8231499195099 21.043978184461594 4606.1978641748428 99.776877179741859 171.34544263780117 5088.5934308618307 699.70369043946266 1755.3987083435059 1101.214818418026 52.22141233086586 2562.65123924613 3.3207736015319815 1690.6608386337757 3482.2298173159361 4093.3411313146353 985.94595773518085 233.51285660266876 3036.4604454338551 280.21943777799606 206.85607486963272 1.6019933819770802 174.00597733259201 7.0433390885591498 555.13668937981129 1045.7347845137119
leaf_count=5181 1057 8311 5390 9007 2843 13251 58 13953 314 535 16858 2196 6395 3764 157 8592 11 6269 9692 12600 3260 633 9707 975 570 6 492 27 1583 3088
internal_value=-0.000520025 0.00108843 -0.00184828 0.00261039 0.000531002 -0.003905 0.00131258 0.00372748 0.00140631 -0.00600585 0.0051821 -0.000944295 0.00404921 -0.00277213 -0.00215292 0.00289238 -0.00537252 -0.00870219 0.00023666 -0.00131523 -0.00627908 0.00801159 -0.000593163 0.00506266 0.00522294 0.00445255 0.00739437 -0.00290808 0.0109935 -0.00456553
internal_weight=44291.8 30024.8 10249 19775.9 10934.6 14267 9944.77 4804.2 5748.77 4500.19 8841.29 5140.58 7077.5 10839.2 9737.94 4603.26 4328.84 1693.98 4440.87 8175.01 1038.17 1988.91 7136.84 2842.87 958.645 937.601 730.745 3043.5 556.739 1145.51
internal_count=146775 98828 33485 65343 32450 47947 29607 15010 18359 15126 32893 14597 23886 34696 30932 14957 14591 6280 12401 25751 3417 7028 22334 9567 2709 2651 2081 9734 1589 3402
is_linear=0
shrinkage=0.05


Tree=137
num_leaves=31
num_cat=0
split_feature=12 29 29 11 35 12 18 16 6 12 35 15 3 35 16 3 26 26 26 7 33 23 34 15 8 17 34 24 2 13
split_gain=26.4047 23.8735 15.6306 12.5399 12.8816 12.3992 11.1217 11.3796 10.194 9.90312 9.83127 14.7746 14.7378 12.1367 10.9591 10.8025 11.2074 10.165 9.81671 9.66223 8.93865 9.13565 8.40869 8.19463 12.6236 15.939 10.3491 8.47036 11.5342 8.09697
threshold=1.3438533544540407 -0.70585027337074269 -0.73537117242813099 -0.99246081709861744 0.36636766791343695 -0.13056355714797971 2.1916993856430058 2.1114348173141484 1.5124473571777346 0.41271153092384344 1.7796550393104555 0.93435448408126842 1.6274245977401736 -2.2696633338928218 1.2335641980171206 1.037159860134125 4.4955296516418466 1.5084825754165652 -0.13907790929079053 -0.10649552941322325 1.3789762854576113 -0.4231830090284347 -1.7432755827903745 2.7606012821197514 -1.381906986236572 2.5391933917999272 -0.99395683407783497 -0.10214426368474959 -1.95600289106369 0.26117964088916784
decision_type=2 2 2 2 2 2 2 2 2 2 2 2 2 2 2 2 2 2 2 2 2 2 2 2 2 2 2 2 2 2
left_child=1 2 3 -1 5 -5 7 -3 -6 19 11 13 29 -2 -14 16 20 -15 -4 -9 23 -22 -18 24 25 -13 27 28 -25 -12
right_child=10 6 18 4 8 -7 -8 9 -10 -11 12 15 14 17 -16 -17 22 -19 -20 -21 21 -23 -24 26 -26 -27 -28 -29 -30 -31
leaf_value=-0.018033824169923048 0.04835049113738471 0.0005917901610918673 -0.0062300774536116696 0.00010029397245455542 -0.0066249843963046718 0.0082302324704782732 -0.0070211728608552265 0.018267252157860955 0.0099712020723588517 0.0076635717590251388 0.038445604075687381 -0.014210247744444338 -0.0092484835949616911 0.013161799389618015 0.011587180624356732 -0.0064579399232508623 0.030524454530345441 -0.0087769199364527827 -0.0015653757633695615 0.075061063872232006 0.049744299531844061 0.0084697420401265849 -0.0017400290864615494 -0.012100003101330173 0.0055586567732564141 0.021122688971655274 -0.019146531457336757 -0.0059634832209368655 0.037003430758436574 0.0067170938394975135
leaf_weight=91.085053309798241 21.629816308617592 28107.81486710906 2855.4102926254272 1358.0461853742599 717.14981290698051 716.3766753077507 478.51975241303444 20.72599196434021 106.23257666826248 120.27672055363655 67.224893718957901 174.82911856472492 81.339662328362465 360.67728133499622 281.59806318581104 334.55027960240841 63.381344020366669 61.853224202990532 1864.2250135615468 11.725647836923597 19.005816459655762 45.505591124296188 29.636190295219421 19.311309576034546 1058.4265220910311 39.047161251306534 98.871104806661606 123.33846661448479 31.412860542535782 28.688914328813553
leaf_count=408 62 96414 19908 5330 2521 2210 1681 59 381 345 191 518 245 1092 787 1006 174 186 8860 34 56 138 84 53 3119 109 282 354 87 81
internal_value=0.000242717 -0.000124982 -0.00259582 0.000233431 0.000807615 0.00290787 0.000537758 0.000665749 -0.00448375 0.014277 0.00480063 0.00355738 0.0115241 0.0118203 0.0069176 0.00175597 0.00336979 0.00995024 -0.00438755 0.0387884 0.00239469 0.0206297 0.0202447 0.0016334 0.00331984 -0.00775955 -0.00622806 0.00110989 0.0183092 0.0289552
internal_weight=39387.9 36447.6 7708.53 2988.89 2897.81 2074.42 28739.1 28260.5 823.382 152.728 2940.33 2481.48 458.852 444.16 362.938 2037.32 1702.77 422.531 4719.64 32.4516 1609.75 64.5114 93.0175 1545.24 1272.3 213.876 272.934 174.063 50.7242 95.9138
internal_count=146775 138151 39618 10850 10442 7540 98533 96852 2902 438 8624 7320 1304 1340 1032 5980 4974 1278 28768 93 4716 194 258 4522 3746 627 776 494 140 272
is_linear=0
shrinkage=0.05


Tree=138
num_leaves=31
num_cat=0
split_feature=15 22 31 12 11 30 15 6 24 6 23 8 38 23 35 17 17 15 8 12 6 11 25 23 35 17 1 24 22 12
split_gain=20.1011 20.5916 23.7331 15.0218 13.6127 13.3048 13.217 12.1888 11.8538 11.6887 10.8647 12.2706 13.3248 10.6989 10.3132 10.212 10.2084 14.3661 16.0014 9.87395 12.7358 13.0216 15.2407 9.75485 9.2261 9.74517 9.03801 9.01337 9.92612 16.0916
threshold=0.39459976553916937 -0.41827584803104395 -0.54124015569686879 1.0819365978240969 -0.99246081709861744 1.4680104255676272 0.99852281808853161 -1.8581135272979734 0.025727819651365284 1.2119071483612063 -0.76743033528327931 0.84931558370590221 -0.22654461860656736 -1.2735831141471861 0.14155915379524234 -0.60798662900924672 0.99742260575294506 1.188213646411896 -1.1101762652397154 -0.53272762894630421 -1.9037933945655821 -0.2627121359109878 -0.88397857546806324 -0.32031004130840296 2.7096775770187382 1.1440440416336062 -0.083590574562549577 -0.057617131620645516 -0.41168570518493647 -0.32332459092140192
decision_type=2 2 2 2 2 2 2 2 2 2 2 2 2 2 2 2 2 2 2 2 2 2 2 2 2 2 2 2 2 2
left_child=1 24 15 8 5 9 7 -5 10 -4 11 13 -13 -2 27 -3 17 18 -8 20 -17 -22 23 -23 25 -1 -25 28 -12 -30
right_child=3 2 4 6 -6 -7 16 -9 -10 -11 14 12 -14 -15 -16 19 -18 -19 -20 -21 21 22 -24 26 -26 -27 -28 -29 29 -31
leaf_value=0.0012766778472665941 0.026256315233916874 -0.0074850513514103673 0.017057482087142906 0.046428995168047715 -0.00012031534750281669 0.066859523902045886 0.068736336007974061 -0.0063569931169707274 0.012126473150977195 -0.0028082429289053006 -0.00021742955095343689 0.04236165573912537 0.011808289698549001 0.0038793171027960353 -0.00084366963419280473 0.053822853231443785 0.00076159396247355016 0.0351498066954452 -0.0062112968601463663 -0.0033828014814310443 0.00014739753057037869 0.011081114921125786 0.0078587814118408119 0.13058406221435157 -0.039219922101851934 0.03302194184201486 0.031297970508705891 0.009319958877961259 -0.045398648338635189 0.0082607737852846749
leaf_weight=11927.529119610786 56.472639545798302 1317.3552129790187 173.703219614923 11.079505145549772 9765.9443771094084 10.123661749064921 7.9282152056694022 845.18752330541611 402.28889501094818 129.06109142303467 1268.48670566082 45.076095640659332 171.27843934297562 987.13658709824085 1795.8557908385992 11.958505898714064 2561.2768980562687 53.027843534946442 70.003368884325027 5616.6906511038542 720.37552139163017 4.9616916701197615 32.599295951426029 6.6934879049658766 14.036278754472731 24.224380016326904 3.4857809245586386 624.3609067350626 14.259415477514265 692.21838738024235
leaf_count=34977 191 9798 658 36 37379 35 24 2780 1196 509 3780 155 550 3105 5983 49 8091 156 232 27678 4654 32 184 40 40 69 22 1909 44 2419
internal_value=0.000331535 -0.000310398 -0.00138898 0.00232021 0.000208593 0.0104746 -0.000263132 -0.00567398 0.00383356 0.0085892 0.00324363 0.00733686 0.0181739 0.0050902 0.00207022 -0.00347628 0.00145779 0.0150739 0.00141335 -0.00265071 0.00262046 0.00182331 0.027112 0.0685651 0.00129344 0.00134102 0.0965846 0.00408341 0.00242794 0.00717772
internal_weight=39364.7 29758.7 17793 9605.94 10078.8 312.888 3548.5 856.267 6057.43 302.764 5655.14 1259.96 216.355 1043.61 4395.18 7714.12 2692.24 130.959 77.9316 6396.76 780.074 768.116 47.7403 15.141 11965.8 11951.8 10.1793 2599.33 1974.96 706.478
internal_count=146775 116124 81038 30651 38581 1202 11319 2816 19332 1167 18136 4001 705 3296 14135 42457 8503 412 256 32659 4981 4932 278 94 35086 35046 62 8152 6243 2463
is_linear=0
shrinkage=0.05


Tree=139
num_leaves=31
num_cat=0
split_feature=32 32 32 32 3 17 15 15 31 15 32 17 23 40 32 2 3 16 21 16 21 35 15 34 26 29 31 27 6 21
split_gain=88.1508 49.2869 51.1579 39.0091 24.9564 21.6097 20.2949 20.1766 18.6731 17.6218 17.2922 15.6533 15.2049 14.2438 13.3803 13.0279 13.0535 12.2867 11.2946 10.9802 11.4072 10.6802 11.1847 10.1293 9.97501 9.7265 13.8574 9.52981 9.46024 9.44555
threshold=-0.55043593049049366 1.0000000180025095e-35 1.8167446851730349 -0.52605235576629628 1.1739335060119631 0.2281315550208092 -0.4936701357364654 -0.9422127604484557 -0.54124015569686879 -0.24210099130868909 -0.54039704799652089 0.53880113363266002 0.43815132975578314 -3.4149692058563228 1.7705337405204775 0.95473697781562816 -0.43043898046016688 -1.0235450267791746 -0.53205519914627064 1.1456941366195681 -0.57109141349792469 0.51456949114799511 2.3063796758651738 -0.85649871826171864 0.36471638083457952 0.4473347812891007 -0.52100145816802967 -0.24479968100786206 -1.7977561950683592 -0.51791587471961964
decision_type=2 2 2 2 2 2 2 2 2 2 2 2 2 2 2 2 2 2 2 2 2 2 2 2 2 2 2 2 2 2
left_child=5 3 8 4 7 15 -4 -2 14 -5 -9 18 19 -8 17 16 -1 -3 23 -11 -21 28 -23 -12 27 -18 -27 -10 -14 -22
right_child=1 2 6 9 -6 -7 13 10 24 12 11 -13 21 -15 -16 -17 25 -19 -20 20 29 22 -24 -25 -26 26 -28 -29 -30 -31
leaf_value=-0.0062964392492184176 0.014287256725258601 0.0088295123603887339 0.0067742249119057745 0.0079421074932980226 -0.0070824877444011607 -0.0072185260365834267 -0.018400246979740756 0.0030526763703810755 -0.014352301779900831 0.0024206556840354384 0.035899424361699038 -0.008134667775464342 0.033747383029524562 0.00015884025576099424 -0.0016953642334930281 -0.0080854660553384729 -0.0020051867398360921 -0.010203085714228325 -0.0017487662145689324 0.015054998484862581 -0.035630614058049723 0.0131984990960486 -0.021934255819002414 0.0032222861327495123 -0.019449543074035743 0.0077646742065672547 -0.0031885798198149178 -0.003977662799981966 0.0030841482012200971 -0.0074155682731663133
leaf_weight=1559.0041628032923 288.10970076918602 93.017346620559692 1322.5574338287115 3180.6493772417307 988.28773579001427 3410.3966227322817 105.92423541843891 4651.9660217761993 401.18979263305664 3608.4796975702047 24.163540005683899 696.9942452609539 25.842290133237839 4310.9785166978836 2258.6347265839577 1001.8938511162996 7090.8835780620575 959.53028005361557 2991.9984379261732 50.858508795499802 33.37247297167778 673.06397575139999 23.44280743598938 1279.2167123705149 279.45631396770477 652.14630532264709 518.21626125276089 493.78795513510704 944.37179611623287 266.81246381998062
leaf_count=5185 1356 297 5068 15334 2843 13251 334 14202 1247 11474 67 2196 74 12957 7548 3447 22467 3487 8246 137 90 2136 65 3540 985 2022 1575 1562 2862 721
internal_value=-0.000508082 0.00103138 -0.00178585 0.00249158 0.000494934 -0.0037479 0.00134072 0.00124889 -0.00578638 0.00496746 0.000859394 -0.00118434 0.00328582 -0.000286236 -0.00386511 -0.0026542 -0.00210009 -0.00852111 -5.65367e-05 0.00159941 -0.00684238 0.00729212 0.012016 0.00382809 -0.0112032 -0.00130818 0.00291476 -0.00862828 0.00390088 -0.0105523
internal_weight=44185.2 29952.7 10225.1 19727.6 10920.7 14232.5 5739.46 9932.45 4485.62 8806.89 9644.34 4992.37 5626.24 4416.9 3311.18 10822.1 9820.25 1052.55 4295.38 3959.52 351.043 1666.72 696.507 1303.38 1174.43 8261.25 1170.36 894.978 970.214 300.185
internal_count=146775 98828 33485 65343 32450 47947 18359 29607 15126 32893 28251 14049 17559 13291 11332 34696 31249 3784 11853 12422 948 5137 2201 3607 3794 26064 3597 2809 2936 811
is_linear=0
shrinkage=0.05


Tree=140
num_leaves=31
num_cat=0
split_feature=12 21 18 3 29 12 8 7 24 35 22 18 8 40 14 32 16 24 18 26 35 3 22 3 35 35 18 13 32 23
split_gain=24.1743 21.7771 12.7701 11.8759 16.8923 14.1427 13.9818 15.5988 11.6649 10.5214 9.83607 9.72887 13.081 11.8852 10.467 10.8019 9.61531 9.25811 10.3629 9.64382 9.20223 10.4351 10.943 9.19193 9.17752 8.95069 8.90296 8.65707 11.4325 8.36699
threshold=1.3438533544540407 -0.57109141349792469 2.4405217170715336 -0.14117633551359174 -0.42241558432579035 -1.2207691669464109 0.86260250210762035 1.7303815484046938 -0.14886482805013654 0.36636766791343695 2.4290481805801396 -0.295250654220581 -2.1320207118988033 0.64277684688568126 1.1270093321800234 1.9011231660842898 0.33187811076641088 -0.10647905245423316 1.2865765094757082 -0.15890031307935712 2.1774215698242192 1.2409631013870241 -0.42406351864337916 1.5599753856658938 1.7796550393104555 -0.96040686964988697 0.55234637856483471 -1.0978119969367979 1.7629999518394472 3.5061852931976323
decision_type=2 2 2 2 2 2 2 2 2 2 2 2 2 2 2 2 2 2 2 2 2 2 2 2 2 2 2 2 2 2
left_child=1 17 3 5 6 -3 16 9 25 -8 23 12 -10 -13 15 27 -5 -1 19 -19 21 22 -2 -6 -24 -7 -18 28 -14 -22
right_child=20 2 -4 4 10 8 7 -9 11 -11 -12 13 14 -15 -16 -17 26 18 -20 -21 29 -23 24 -25 -26 -27 -28 -29 -30 -31
leaf_value=0.001127949590853906 0.01365361681064638 -0.014590561137624703 -0.0095936229469234212 -0.0021047733311300118 0.00039371366771714543 -0.0026436819367193585 0.0012320619783563382 0.0045223076244459114 -0.015944114910067749 -0.010511920086147201 -0.0079133693023864041 0.0018105739007537162 0.0013281096992219426 0.0093693274994877274 -0.022425985840339044 -0.010097541416506175 0.010991728641854348 -0.0056010045187115526 -0.01688769515751878 0.0011510600976153554 0.010936271717903819 -0.0039448046304339573 0.0031209441649437922 0.0056986254296264253 0.037076006551973843 0.0096437545371439951 -0.0025316665176429286 -0.00048705979837041765 0.013499694652506758 0.060401968244622434
leaf_weight=837.77075891196728 307.46664372086525 134.4099752753973 321.56969903409481 2929.9797435104847 12177.53296931088 185.89970025420189 226.82156633585691 267.20953258872032 134.6280380487442 1198.0599151551723 336.11382419615984 7559.4045783281326 623.20591274648905 558.47262518107891 51.90064013004303 241.36691387742758 293.68482828140259 2393.0718317478895 167.29078210890293 678.84314484149218 344.93269848823547 392.54323515295982 1869.5667090862989 875.2546051889658 20.114255353808403 730.99748611450195 207.82758732140064 3008.6038215979934 279.42497925460339 8.7659661769866926
leaf_count=2544 834 416 1228 14105 41378 532 1146 1245 458 5387 1766 26880 2209 1827 152 1417 994 13849 998 2703 971 1179 5558 2720 58 2153 764 10389 891 24
internal_value=0.000238778 -0.00011348 0.000320617 0.000420181 -0.000402357 0.00154743 -0.00284392 -0.00656351 0.00170962 -0.00864244 0.000531964 0.001309 -0.000602239 0.00233058 -0.000110992 0.000167908 -0.00100976 -0.00355715 -0.00476888 -0.00410891 0.00459737 0.00356417 0.00490572 0.000749434 0.00348237 0.00715249 0.00538761 0.000801401 0.00509603 0.0121622
internal_weight=39362.7 36419.3 32342.4 32020.8 18512.5 13508.3 5123.58 1692.09 13373.9 1424.88 13388.9 12457 4339.13 8117.88 4204.5 4152.6 3431.49 4076.98 3239.21 3071.91 2943.39 2589.69 2197.15 13052.8 1889.68 916.897 501.512 3911.23 902.631 353.699
internal_count=146775 138151 118057 116829 69505 47324 23641 7778 46908 6533 45864 44223 15516 28707 15058 14906 15863 20094 17550 16552 8624 7629 6450 44098 5616 2685 1758 13489 3100 995
is_linear=0
shrinkage=0.05


Tree=141
num_leaves=31
num_cat=0
split_feature=15 22 31 22 6 16 23 17 26 23 14 8 33 28 17 23 8 34 39 16 17 2 22 17 7 23 9 2 9 8
split_gain=18.5558 18.3217 21.3154 10.1013 9.83653 9.44652 11.5142 9.44253 11.6231 8.86052 12.1811 10.2458 9.07856 9.42658 8.52957 8.21827 9.74519 8.14692 10.8158 8.03436 8.01906 8.16033 8.05749 7.99886 7.98244 8.47686 7.92112 7.91391 7.70567 7.54351
threshold=0.39459976553916937 -0.41827584803104395 -0.54124015569686879 -0.3786234557628631 1.8048242926597597 -0.9725276231765746 0.71466323733329784 -0.60798662900924672 0.61829683184623729 -0.99185624718666066 1.2099369764328005 1.0255085229873659 0.45701119303703314 0.63633432984352123 1.0301511883735659 -0.43883402645587916 1.6709188818931582 0.092204552143812193 0.15303085744380954 -0.3170445561408996 0.28189957141876226 -3.5830805301666255 -0.41168570518493647 1.1440440416336062 1.3206125497817995 0.43815132975578314 0.73693743348121654 -0.50699356198310841 0.017718620598316196 1.2655879259109499
decision_type=2 2 2 2 2 2 2 2 2 2 2 2 2 2 2 2 2 2 2 2 2 2 2 2 2 2 2 2 2 2
left_child=1 23 7 4 9 6 15 8 19 10 11 -2 -13 -14 -5 16 17 18 26 -3 22 28 -11 -1 -9 -26 -4 -24 -22 -7
right_child=3 2 5 14 -6 29 -8 24 -10 20 -12 12 13 -15 -16 -17 -18 -19 -20 -21 21 -23 27 -25 25 -27 -28 -29 -30 -31
leaf_value=0.0011576983643670064 0.0011272542991365873 -0.0073071586486898729 0.0023519614551087077 0.0083463526664565423 0.012507234560013267 -0.00062345161329481794 0.037070050687967662 -0.0021382853301051392 0.023873140191638012 0.0049295947563471514 0.018994081165460322 0.054755871452655216 0.020519830522195776 -0.026686703851792129 0.0015410556865795852 -0.0063459846230989412 0.061036538927886935 -0.003956894368834488 0.047099704464495365 -0.034999267227796747 0.020054831531152825 -0.00026585507557824788 -0.0041999376242851548 0.029414139983499368 -0.0037474043169105631 -0.022133572645738665 0.063680451755150136 0.053890555958923961 -0.01297528369640609 0.0033793343077902979
leaf_weight=11948.386130094528 665.17043073475361 1249.842815965414 56.074941478669643 1102.8777044564486 195.32833407819271 8419.4506731703877 32.674309223890305 6114.8909605145454 29.471120178699493 530.55667497217655 146.46179212629795 15.021359562873839 58.557078436017036 12.906025081872938 790.44019035995007 92.593110829591751 9.6532315984368307 66.313248723745346 24.961632244288921 26.753306604921818 88.340022474527359 5958.7275778055191 9.0201458334922808 25.098298311233521 157.74091568589211 104.03436070680618 5.810624659061431 16.751020163297653 22.068668186664581 1368.3248048275709
leaf_count=35015 2158 9592 203 3346 606 32024 121 31208 93 1569 434 52 189 46 2352 349 30 248 101 113 271 19445 37 71 886 565 23 77 69 5482
internal_value=0.000322741 -0.000294662 -0.00131383 0.00223246 0.00142971 0.000198787 0.00912258 -0.00329762 -0.00717082 0.00114212 0.00580258 0.00323218 0.0194216 0.0119945 0.00550521 0.00554725 0.012311 0.00923999 0.0193166 -0.0078875 0.000510365 -1.62891e-05 0.00625578 0.00121693 -0.00250431 -0.0110544 0.00811028 0.0335583 0.0134527 -6.38647e-05
internal_weight=39344.3 29732.1 17758.6 9612.23 7718.91 10075.9 288.081 7682.73 1306.07 7523.58 898.117 751.655 86.4845 71.4631 1893.32 255.407 162.814 153.16 86.8472 1276.6 6625.46 6069.14 556.328 11973.5 6376.67 261.775 61.8856 25.7712 110.409 9787.78
internal_count=146775 116124 81038 30651 24953 38581 1075 42457 9798 24347 2879 2445 287 235 5698 954 605 575 327 9705 21468 19785 1683 35086 32659 1451 226 114 340 37506
is_linear=0
shrinkage=0.05


Tree=142
num_leaves=31
num_cat=0
split_feature=22 15 24 24 26 22 22 24 22 24 18 20 11 12 25 41 12 35 35 20 3 30 30 36 15 39 12 25 18 27
split_gain=54.1552 46.1459 27.722 22.6775 22.2235 25.4931 31.8677 14.5236 14.4456 13.6738 13.4922 12.8938 12.4186 13.3133 12.3994 12.3571 12.926 11.6503 10.7626 14.4121 10.2576 9.99008 9.89541 9.77824 9.71071 11.9494 9.57497 9.53939 9.45874 9.16366
threshold=-0.42728608846664423 -0.37827077507972712 -0.15817306935787198 -0.11465539783239363 1.6747483611106875 -0.40989206731319422 -0.3786234557628631 -0.060573069378733628 2.4396792650222783 -0.093356374651193605 2.4405217170715336 -0.67208066582679737 -0.83898231387138356 -0.72964230179786671 1.4286381602287295 0.95234194397926342 -0.30737212300300593 -0.40162609517574305 0.4237141907215119 -0.59024134278297413 1.0897671580314638 -0.76268351078033436 0.87618821859359752 -0.35049258172512049 -1.3341996669769285 -0.76855045557022084 -0.67998552322387684 -0.905706226825714 1.0200675129890444 -0.74765285849571217
decision_type=2 2 2 2 2 2 2 2 2 2 2 2 2 2 2 2 2 2 2 2 2 2 2 2 2 2 2 2 2 2
left_child=9 3 17 24 5 7 18 20 14 -1 11 28 -9 -14 -8 29 -17 -3 19 -7 -4 -15 23 26 25 -2 -11 -21 -5 -13
right_child=1 2 4 10 -6 6 8 12 -10 22 -12 15 13 21 -16 16 -18 -19 -20 27 -22 -23 -24 -25 -26 -27 -28 -29 -30 -31
leaf_value=-0.0005228237763151213 -0.012498802278155169 -0.016248075570371636 0.00074058825497121269 0.0056038799808915407 -0.0066301558038866981 0.0060545855011428168 -0.003759013699834285 -0.025036272492465778 0.0027259540261564247 0.00030800097212544753 0.019575226317507091 -0.0061192688138123549 0.034803379388811562 -0.0074793778960857418 -0.02854081058343981 -0.016901161211032974 0.0062673579447035449 -0.0053278276167487999 0.0062572136886368743 -0.0044801320402227968 -0.0057067103322464459 -0.0024649918442286776 -0.013395471793549898 -0.003701359583919771 -0.0026902448900170271 0.028285463855608761 -0.011428756137376581 0.0017721209789992188 0.016339545708211566 0.0030509825592364421
leaf_weight=1039.9571899324656 26.738120138645172 355.84396268427372 5128.9135922044516 1866.5492663830519 1515.7964613288641 1519.3875141739845 2640.4131078273058 65.753541618585587 1031.601193934679 209.4594391733408 128.26001878082752 281.7798240929842 22.963738143444061 1200.4194965213537 51.458674594759941 163.11043095588684 95.419109120965004 778.72256241738796 2266.2271064668894 828.61621622741222 701.26958605647087 5756.4284728616476 521.94617789983749 1891.673636585474 2171.044530659914 54.70448824763298 1019.9371859580278 2313.2332485616207 230.50808057188988 8205.5822155624628
leaf_count=3288 75 1358 15655 7497 4952 4995 8472 187 3311 706 464 1081 64 3751 178 545 320 2821 7504 2626 2156 17649 2129 6885 6674 149 3944 7349 944 29046
internal_value=-0.000496378 0.000107793 -0.00110839 0.0025153 -0.000762058 -0.000383983 0.00142566 -0.00188094 -0.00230482 -0.00557964 0.0034535 0.0032628 -0.00340852 -0.00320477 -0.00423275 0.00241852 -0.00835003 -0.00875284 0.00343077 0.0020566 -3.49096e-05 -0.00333024 -0.00702319 -0.00595753 -0.00205439 0.0148957 -0.0094291 0.000123182 0.00678394 0.00274653
internal_weight=44083.7 39400.7 26177 13223.7 25042.5 23526.7 10650.9 12875.7 3723.47 4682.97 10971.2 10842.9 7045.57 6979.81 2691.87 8745.89 258.53 1134.57 6927.46 4661.24 5830.18 6956.85 3643.02 3121.07 2252.49 81.4426 1229.4 3141.85 2097.06 8487.36
internal_count=146775 129823 83028 46795 78849 73897 34435 39462 11961 16952 39897 39433 21651 21464 8650 30992 865 4179 22474 14970 17811 21400 13664 11535 6898 224 4650 9975 8441 30127
is_linear=0
shrinkage=0.05


Tree=143
num_leaves=31
num_cat=0
split_feature=12 21 31 23 34 17 18 18 35 29 15 17 17 23 8 15 20 35 12 23 10 21 19 20 8 11 11 29 19 26
split_gain=21.92 19.6361 12.2337 15.067 10.1328 9.57755 10.7175 9.36301 8.58734 20.0703 13.5299 19.0929 12.8489 14.7257 10.8798 10.7447 10.7219 10.6035 10.4019 9.92703 19.2056 9.74333 11.9084 9.86206 9.8116 9.72875 12.7789 9.55289 9.5173 9.33708
threshold=1.3438533544540407 -0.57109141349792469 1.8225664496421816 -0.95987477898597706 2.3810200691223149 -0.38202536106109614 1.6995971798896792 2.4405217170715336 0.25767135620117193 -0.41917534172534937 1.4829543828964236 1.3262790441513064 -0.350371703505516 1.6487738490104678 -0.12819043546915052 -0.072583377361297594 3.3655718564987187 -0.036857793107628815 1.0819365978240969 -1.1316697001457212 0.96712449193000805 -0.39804826676845545 -0.80259579420089711 -0.21513405442237851 -0.008207037113606928 1.1745185256004336 0.26020734012126928 2.5137890577316289 -0.58916884660720814 1.6747483611106875
decision_type=2 2 2 2 2 2 2 2 2 2 2 2 2 2 2 2 2 2 2 2 2 2 2 2 2 2 2 2 2 2
left_child=1 5 4 -4 7 -1 -7 8 10 16 12 -12 -3 14 15 17 -10 25 -13 20 -11 22 -16 -23 -25 26 -14 -24 -17 -30
right_child=-2 2 3 -5 -6 6 -8 -9 9 19 11 18 13 -15 21 28 -18 -19 -20 -21 -22 23 27 24 -26 -27 -28 -29 29 -31
leaf_value=-0.0062401025315483834 0.0043812524893976634 -0.00022734830813334874 0.0072557366513572238 -0.003263996109645971 0.01332794339508481 -0.00084101810157557176 -0.025129593215179564 -0.0086515601161084466 -0.0059634885525294522 -0.014305536145653625 -0.023123402473963325 -0.0064931524263157226 0.004369448198217123 -0.0031903464695527024 0.0015925591057255239 0.0041557547328817382 0.049631299278312835 -0.0039038409428664845 0.013749788315453985 0.00082602009904120396 0.046136261528774876 -0.0025395442424341018 0.013415955695937599 0.015228919542703776 0.0033726436173267919 -0.02685528546897566 0.01383768538709928 -0.01760188805465877 -0.0012979386406992406 0.0085669659788346411
leaf_weight=1700.7886971905828 2946.6905196756124 6743.9313748329878 375.59916099905968 3629.3739047646523 157.34864684939384 2312.8628272637725 46.328025668859482 270.60473861545324 1587.2660376355052 194.83735626935959 133.82356184720993 212.45467275381088 1998.6151214167476 1030.8251912966371 361.02263853698969 1479.455319672823 8.7201671153306943 321.42004112154245 90.490334898233414 7265.1580771058798 14.093658462166784 508.10080624371767 808.13191963732243 224.10809806734324 788.2175241112709 22.661575376987457 433.69566117227077 25.609461292624474 3386.7676789462566 258.14719720184803
leaf_count=10167 8624 27326 1751 16448 457 9724 203 1005 6986 644 384 621 6996 3386 1110 4598 43 1136 264 23844 42 1678 2655 753 2646 65 1406 88 10965 760
internal_value=0.000233473 -0.000102391 0.000309195 -0.00227742 0.000674919 -0.00337993 -0.00131798 0.000604239 0.00069402 -0.000569864 0.00130289 -0.00739461 0.00150945 0.00251513 0.00306914 0.00213078 -0.00565973 0.00463581 -0.000446542 0.000517005 -0.0102284 0.00579959 0.00917841 0.00314448 0.00599738 0.00575388 0.00605769 0.0124632 0.000773554 -0.000599267
internal_weight=39337.1 36390.5 32330.5 4004.97 28325.5 4059.98 2359.19 28168.2 27897.6 9070.08 18827.5 436.769 18390.7 11646.8 10616 7900.76 1595.99 2776.39 302.945 7474.09 208.931 2715.19 1194.76 1520.43 1012.33 2454.97 2432.31 833.741 5124.37 3644.91
internal_count=146775 138151 118057 18199 99858 20094 9927 99401 98396 31559 66837 1269 65568 38242 34856 25926 7029 9603 885 24530 686 8930 3853 5077 3399 8467 8402 2743 16323 11725
is_linear=0
shrinkage=0.05


Tree=144
num_leaves=31
num_cat=0
split_feature=15 22 31 12 15 11 30 6 6 24 23 35 17 15 24 35 21 38 13 39 35 17 23 12 34 28 12 33 17 11
split_gain=17.1451 16.7582 19.051 13.0544 12.4417 12.3027 12.0165 11.1167 10.726 10.5421 9.87111 9.55337 9.50065 9.79268 9.31965 9.13868 10.4434 8.83982 12.1349 8.75343 8.62453 8.51438 8.31939 10.1096 8.42991 8.40457 8.17561 13.9391 8.10465 10.8036
threshold=0.39459976553916937 -0.41827584803104395 -0.54124015569686879 1.0819365978240969 0.99852281808853161 -0.99246081709861744 1.4680104255676272 -1.8581135272979734 1.2119071483612063 0.025727819651365284 -0.76743033528327931 0.14155915379524234 1.1045103073120119 1.4262583851814272 -0.10391924530267714 -0.43003617227077479 5.0049631595611581 -0.75168973207473744 1.0723108649253847 -1.3482199311256406 2.7096775770187382 1.1440440416336062 -0.5039834976196288 0.41271153092384344 0.15961073338985446 2.783354759216309 -0.97258493304252613 0.87746819853782665 -0.60798662900924672 -0.62571960687637318
decision_type=2 2 2 2 2 2 2 2 2 2 2 2 2 2 2 2 2 2 2 2 2 2 2 2 2 2 2 2 2 2
left_child=1 20 15 9 7 6 8 -5 -4 10 -2 22 13 14 -6 16 -3 -14 19 -19 21 -1 23 -12 25 -25 27 -7 -17 -30
right_child=3 2 5 4 12 26 -8 -9 -10 -11 11 -13 17 -15 -16 28 -18 18 -20 -21 -22 -23 -24 24 -26 -27 -28 -29 29 -31
leaf_value=0.0011478695634337974 0.0068916332912375734 -0.00095185970636956049 0.01616657717767692 0.043738535671781653 0.02469590405472831 -0.012421070150231263 0.062908599473743415 -0.0061808403959404427 -0.002839029381537067 0.011352514493369586 0.0062178965017298075 -0.00092599023376237319 -0.0045405813017011885 0.034305137839140153 -0.00017300800695931227 -0.008020808446114077 0.021565565491615372 0.057952835601226119 0.011069565926252099 0.0001292281546354808 -0.038224423497393738 0.030620385430793557 0.0050835480455573038 -0.014195854959278274 0.015869560017069292 0.044690908065631668 8.1953498120019739e-05 0.04136602088432139 0.0035661518912482207 -0.0041652969839079549
leaf_weight=11940.052020162344 1264.5412932932377 2137.2436437606812 174.99587421119213 11.302125617861746 51.575407356023788 217.81219027191401 10.34236942976713 843.01114358007908 128.92925149202347 404.56188517808914 189.66089424490929 1796.178046092391 643.10610970854759 38.046707153320312 139.75498083233833 1121.7513870894909 52.763644509017467 6.5738297104835501 322.93310670554638 1490.9521537423134 13.882382422685621 24.555607885122299 2167.4212574213743 212.1999097764492 29.717628642916679 6.2373718321323386 9531.3666228801012 12.750403620302675 512.25540117174387 3831.3761437758803
leaf_count=34977 4001 9874 658 36 147 1000 35 2780 509 1196 600 5983 2004 109 480 8810 186 21 1015 4727 40 69 6762 673 98 19 36341 38 3294 20293
internal_value=0.000311851 -0.000282134 -0.00125816 0.00214672 -0.000263065 0.000170379 0.00990772 -0.00552043 0.00810414 0.00355485 0.00299808 0.00187945 0.00140479 0.0111376 0.00653071 -0.00313843 -0.000409349 0.000498586 0.00227875 0.000383062 0.00116266 0.00120836 0.00381366 -0.00247298 -0.00911527 -0.0125144 -0.000143097 -0.00944658 -0.00423198 -0.00325351
internal_weight=39327.9 29710.1 17731.6 9617.77 3547.26 10076.2 314.267 854.313 303.925 6070.52 5665.96 4401.42 2692.94 229.377 191.33 7655.39 2190.01 2463.57 1820.46 1497.53 11978.5 11964.6 2605.24 437.816 248.155 218.437 9761.93 230.563 5465.38 4343.63
internal_count=146775 116124 81038 30651 11319 38581 1202 2816 1167 19332 18136 14135 8503 736 627 42457 10060 7767 5763 4748 35086 35046 8152 1390 790 692 37379 1038 32397 23587
is_linear=0
shrinkage=0.05


Tree=145
num_leaves=31
num_cat=0
split_feature=32 32 32 32 3 12 32 17 31 17 14 18 32 17 35 32 12 41 34 24 17 38 20 34 18 26 2 18 29 27
split_gain=75.0489 42.6169 45.0115 34.504 21.8387 19.415 17.7832 21.1387 17.4166 16.5637 15.5517 15.843 15.5181 14.7006 12.3487 12.082 11.2976 10.1295 11.0951 10.4324 9.91522 9.9733 9.91107 12.0466 9.54433 9.41278 9.2704 9.21912 9.14584 8.992
threshold=-0.55043593049049366 1.0000000180025095e-35 1.8167446851730349 -0.52605235576629628 1.1739335060119631 -0.25418190658092493 -0.54039704799652089 -0.91978719830512989 -0.54124015569686879 0.50604578852653515 -0.46804115176200861 0.62921652197837841 -0.56480154395103443 0.53880113363266002 -0.39233858883380884 1.7705337405204775 -1.0988093614578245 0.74140667915344249 -0.14870576560497281 1.0000000180025095e-35 0.99742260575294506 -0.84204018115997303 -0.7035839557647704 -0.85649871826171864 1.1744452118873598 0.36471638083457952 -0.35165971517562861 -0.88621002435684193 -0.46269200742244715 -0.24479968100786206
decision_type=2 2 2 2 2 2 2 2 2 2 2 2 2 2 2 2 2 2 2 2 2 2 2 2 2 2 2 2 2 2
left_child=5 3 8 4 6 17 7 -2 15 14 -5 -12 27 22 -4 16 26 18 -1 -20 -13 -22 23 -8 -16 29 -3 -7 -19 -10
right_child=1 2 9 10 -6 12 13 -9 25 -11 11 20 -14 -15 24 -17 -18 28 19 -21 21 -23 -24 -25 -26 -27 -28 -29 -30 -31
leaf_value=-0.0042326455012802805 0.019606548221041999 0.028711630587899252 -0.00069961154095501835 0.0088910414780312627 -0.006676214177787354 -0.016096699924126982 0.045251465776764199 0.0026436939996067762 -0.013786293222086519 -0.0041405825554704928 0.0021134966018301203 0.008703451185956293 -0.0038472639889690673 -0.0076890355944726754 0.0036806935210200462 -0.0015313362291532028 -0.0092826265923366888 0.010543067169171718 0.0015294523553832052 -0.0068198553972321748 0.024691381145435308 -0.0062430908120054435 -0.0011381764233297593 0.0037714280043220911 0.013450025356796683 -0.018774454225379572 -0.013737969836804521 -0.0073492063731154904 -0.0084086731098936985 -0.0036796653018352737
leaf_weight=1609.0198548436165 191.31906206905842 36.463742852210999 1756.4480330944061 1725.9792006462812 985.40343621373177 369.61516833305359 17.819196343421936 4588.997454315424 398.25425513088703 1140.7824700176716 5059.263557523489 1733.8641640394926 5707.1392370313406 692.97006672620773 2548.4742633998394 2253.1500403285027 986.97044117748737 69.785950690507889 3646.9143312126398 416.89848245680332 29.885386258363724 203.29448938369751 3429.7785461395979 987.91201236844063 277.2030174434185 275.68366859853268 19.870041817426682 1627.3916131556034 725.1860207170248 491.92986042797565
leaf_count=5018 1057 120 5390 9007 2843 1535 49 13953 1247 3402 16858 6395 19704 2196 8592 7548 3603 218 11029 1253 81 552 9562 2790 975 985 61 6806 2384 1562
internal_value=-0.00048315 0.000940075 -0.00168462 0.00230078 0.000422653 -0.00347901 0.00112862 0.00332259 -0.00544883 0.00125045 0.00463854 0.00359393 -0.00517468 -0.000916408 0.00259262 -0.00359115 -0.00803957 -0.00145921 -0.00071848 0.000672913 0.00740163 -0.00227839 0.000141695 0.00450636 0.00463908 -0.0107014 0.0137388 -0.00896823 -0.00674501 -0.00820121
internal_weight=44003.7 29831.7 10185.2 19646.5 10894.2 14172 9908.8 4780.32 4462.32 5722.91 8752.29 7026.31 7704.15 5128.48 4582.13 3296.45 1043.3 6467.8 5672.83 4063.81 1967.04 233.18 4435.51 1005.73 2825.68 1165.87 56.3338 1997.01 794.972 890.184
internal_count=146775 98828 33485 65343 32450 47947 29607 15010 15126 18359 32893 23886 28045 14597 14957 11332 3784 19902 17300 12282 7028 633 12401 2839 9567 3794 181 8341 2602 2809
is_linear=0
shrinkage=0.05


Tree=146
num_leaves=31
num_cat=0
split_feature=12 31 31 3 15 12 12 31 15 1 12 15 23 12 35 34 20 20 16 15 17 34 3 21 22 34 23 15 35 15
split_gain=20.3562 17.9482 26.3945 19.8548 13.5944 11.5638 10.5196 10.4429 9.68263 10.9452 9.47301 16.2283 12.7325 14.8022 14.6152 13.0453 10.3928 14.2973 9.37957 10.4206 11.0445 9.22808 10.6443 9.13516 8.97738 9.1452 8.97714 8.9687 8.50813 11.0871
threshold=1.3438533544540407 -0.54869693517684925 -0.54124015569686879 -0.14117633551359174 -0.48896229267120356 0.11256441846489908 -1.2207691669464109 -0.53261977434158314 -0.32247313857078547 -0.91932064294815052 -0.71509686112403859 -0.79500123858451832 -1.0469380021095274 -0.796879082918167 0.19847490638494494 -0.14870576560497281 -0.12529531121253965 -0.8340434432029723 2.511492252349854 1.4829543828964236 1.3791292905807497 -0.40375052392482752 -0.38319124281406397 1.5565143227577212 -0.40989206731319422 0.53586322069168102 -1.3277560472488401 1.7873002886772158 2.1774215698242192 0.84957212209701549
decision_type=2 2 2 2 2 2 2 2 2 2 2 2 2 2 2 2 2 2 2 2 2 2 2 2 2 2 2 2 2 2
left_child=1 6 4 7 5 10 -1 8 9 -4 11 21 -13 14 15 -14 17 -17 19 -8 -21 22 -3 -10 25 26 -12 -5 29 -2
right_child=28 2 3 27 -6 -7 18 -9 23 -11 24 12 13 -15 -16 16 -18 -19 -20 20 -22 -23 -24 -25 -26 -27 -28 -29 -30 -31
leaf_value=-0.0090797356400289016 0.011010130816378874 -0.0012224818940667673 0.069084607671958009 -0.00096183733673731566 -0.0021601721470848475 0.079624923040412798 0.0018844261397495379 0.0017663313211691207 0.0032488243682339069 0.013781124956120683 0.06480734049690956 -0.020094914727193207 0.014141463902602271 -0.0034470393540105022 -0.0068369439284425848 -0.035696556242592478 0.015666522325728471 0.07677613450666565 0.027244719839615336 -0.016869995420734574 0.0039083464322693098 -0.014307767936917785 0.093766595148360207 0.026070016861468481 -0.014375318234223541 -0.034195796361535073 -0.00363379914539908 0.015346995118766891 0.011485929038868276 0.0018576043990668333
leaf_weight=229.46443352103233 389.28563052415848 9.7830771803855878 9.2771796584129316 11339.587360434234 6699.1888313144445 3.8197136893868437 11147.15393576026 3914.5400369465351 732.67550772428513 251.09034675359726 4.8540998101234427 46.341691859066486 72.739368811249733 147.47922855615616 42.20856611430645 3.1505560651421574 16.237607426941395 27.38846904784441 35.914325594902039 153.03630536794662 109.86686256527901 247.10970267653465 4.2220018878579131 46.642564326524734 596.4666741117835 24.636917255818844 369.70523664355278 84.930651515722275 354.78803035616875 2205.5948845595121
leaf_count=723 1162 77 26 42079 32186 26 32348 13079 2114 746 30 436 625 1275 382 34 140 251 99 431 306 2348 37 136 5548 149 2277 243 995 6467
internal_value=0.000228793 -9.51987e-05 -0.000858951 0.000305792 -0.00315315 -0.00726921 0.00152017 0.00294938 0.0074037 0.0157516 -0.00747507 -0.00260516 0.00434591 0.00800896 0.0184559 0.0273883 0.0479877 0.0651729 0.00173267 0.00165237 -0.00818676 -0.01207 0.0274131 0.00461468 -0.0104912 -0.00468775 -0.00274684 -0.000840596 0.00422362 0.00323067
internal_weight=39319.2 36369.5 24694.1 16378.7 8315.33 1616.14 11675.4 4954.23 1039.69 260.368 1612.32 616.66 355.545 309.204 161.725 119.516 46.7766 30.539 11446 11410.1 262.903 261.115 14.0051 779.318 995.663 399.196 374.559 11424.5 2949.67 2594.88
internal_count=146775 138151 104244 58423 45821 13635 33907 16101 3022 772 13609 5605 3143 2707 1432 1050 425 285 33184 33085 737 2462 114 2250 8004 2456 2307 42322 8624 7629
is_linear=0
shrinkage=0.05


end of trees

feature_importances:
low_break=511
high_break=413
atr_10=412
atr_norm_10=409
volume_spike=397
ema_cross_8_13=237
micro_vol_10=216
atr_norm_5=155
volume_momentum=129
atr_5=125
upper_shadow=114
volume_trend=107
bar_range_pct=105
lower_shadow=99
ema_cross_3_13=82
price_vs_ema8=77
rsi_14=62
micro_vol_5=61
ema_cross_3_8=56
rsi_7=48
atr_expansion=48
log_return_10=45
price_vs_ema3=37
rsi_5=36
bar_position=34
bar_body_pct=34
log_return_5=33
roc_5=32
gap=30
stoch_d_5=30
vol_ratio_3_10=26
micro_vol_3=25
volume_ratio_10=25
volume_ratio_20=25
log_return_1=22
log_return_3=21
stoch_k_5=21
roc_3=21
rsi_slope=17
volume_ratio_5=17
cum_return_5=12
cum_return_10=4

parameters:
[boosting: gbdt]
[objective: multiclass]
[metric: multi_logloss]
[tree_learner: serial]
[device_type: cpu]
[data_sample_strategy: bagging]
[data: ]
[valid: ]
[num_iterations: 49]
[learning_rate: 0.05]
[num_leaves: 31]
[num_threads: -1]
[seed: 42]
[deterministic: 0]
[force_col_wise: 0]
[force_row_wise: 0]
[histogram_pool_size: -1]
[max_depth: -1]
[min_data_in_leaf: 20]
[min_sum_hessian_in_leaf: 0.001]
[bagging_fraction: 0.8]
[pos_bagging_fraction: 1]
[neg_bagging_fraction: 1]
[bagging_freq: 5]
[bagging_seed: 400]
[bagging_by_query: 0]
[feature_fraction: 0.8]
[feature_fraction_bynode: 1]
[feature_fraction_seed: 30056]
[extra_trees: 0]
[extra_seed: 12879]
[early_stopping_round: 0]
[early_stopping_min_delta: 0]
[first_metric_only: 0]
[max_delta_step: 0]
[lambda_l1: 0]
[lambda_l2: 0]
[linear_lambda: 0]
[min_gain_to_split: 0]
[drop_rate: 0.1]
[max_drop: 50]
[skip_drop: 0.5]
[xgboost_dart_mode: 0]
[uniform_drop: 0]
[drop_seed: 17869]
[top_rate: 0.2]
[other_rate: 0.1]
[min_data_per_group: 100]
[max_cat_threshold: 32]
[cat_l2: 10]
[cat_smooth: 10]
[max_cat_to_onehot: 4]
[top_k: 20]
[monotone_constraints: ]
[monotone_constraints_method: basic]
[monotone_penalty: 0]
[feature_contri: ]
[forcedsplits_filename: ]
[refit_decay_rate: 0.9]
[cegb_tradeoff: 1]
[cegb_penalty_split: 0]
[cegb_penalty_feature_lazy: ]
[cegb_penalty_feature_coupled: ]
[path_smooth: 0]
[interaction_constraints: ]
[verbosity: -1]
[saved_feature_importance_type: 0]
[use_quantized_grad: 0]
[num_grad_quant_bins: 4]
[quant_train_renew_leaf: 0]
[stochastic_rounding: 1]
[linear_tree: 0]
[max_bin: 255]
[max_bin_by_feature: ]
[min_data_in_bin: 3]
[bin_construct_sample_cnt: 200000]
[data_random_seed: 175]
[is_enable_sparse: 1]
[enable_bundle: 1]
[use_missing: 1]
[zero_as_missing: 0]
[feature_pre_filter: 1]
[pre_partition: 0]
[two_round: 0]
[header: 0]
[label_column: ]
[weight_column: ]
[group_column: ]
[ignore_column: ]
[categorical_feature: ]
[forcedbins_filename: ]
[precise_float_parser: 0]
[parser_config_file: ]
[objective_seed: 16083]
[num_class: 3]
[is_unbalance: 0]
[scale_pos_weight: 1]
[sigmoid: 1]
[boost_from_average: 1]
[reg_sqrt: 0]
[alpha: 0.9]
[fair_c: 1]
[poisson_max_delta_step: 0.7]
[tweedie_variance_power: 1.5]
[lambdarank_truncation_level: 30]
[lambdarank_norm: 1]
[label_gain: ]
[lambdarank_position_bias_regularization: 0]
[eval_at: ]
[multi_error_top_k: 1]
[auc_mu_weights: ]
[num_machines: 1]
[local_listen_port: 12400]
[time_out: 120]
[machine_list_filename: ]
[machines: ]
[gpu_platform_id: -1]
[gpu_device_id: -1]
[gpu_use_dp: 0]
[num_gpu: 1]

end of parameters

pandas_categorical:null
